cell_line,celltype,n_pools,phat,se
HPSI0114i-eipl_1,FPP,1.0,0.5364132178376644,0.008931961792994485
HPSI0114i-eipl_1,NB,1.0,0.07314725697786333,0.0046637578280560935
HPSI0114i-eipl_1,P_FPP,1.0,0.3904395251844722,0.008738097498037481
HPSI0114i-wegi_1,FPP,2.0,0.6107665728811886,0.01609307552818069
HPSI0114i-wegi_1,NB,2.0,0.0022222222222222222,0.0022172784514215946
HPSI0114i-wegi_1,P_FPP,2.0,0.38701120489658913,0.016039798807944865
HPSI0115i-aion_2,FPP,1.0,0.5584594222833562,0.01841678918059696
HPSI0115i-aion_2,NB,1.0,0.002751031636863824,0.0019425955289229585
HPSI0115i-aion_2,P_FPP,1.0,0.43878954607977994,0.018404490822510527
HPSI0115i-aoxv_1,FPP,1.0,0.5391785610253422,0.008507378274312137
HPSI0115i-aoxv_1,NB,1.0,0.030585493737256043,0.0029388377052837022
HPSI0115i-aoxv_1,P_FPP,1.0,0.43023594523740166,0.008450141234392309
HPSI0115i-bimq_4,FPP,1.0,0.5390749601275917,0.019907006592377034
HPSI0115i-bimq_4,NB,1.0,0.13237639553429026,0.013534343193419318
HPSI0115i-bimq_4,P_FPP,1.0,0.32854864433811803,0.01875743053793592
HPSI0115i-boqx_2,FPP,1.0,0.6041666666666666,0.040752411785782997
HPSI0115i-boqx_2,NB,1.0,0.006944444444444444,0.006920289781887383
HPSI0115i-boqx_2,P_FPP,1.0,0.3888888888888889,0.04062483512681538
HPSI0115i-gifk_1,FPP,1.0,0.4779874213836478,0.03961413304614724
HPSI0115i-gifk_1,NB,1.0,0.0,0.0
HPSI0115i-gifk_1,P_FPP,1.0,0.5220125786163522,0.03961413304614724
HPSI0115i-gost_2,FPP,1.0,0.5774477114277053,0.00860013767265772
HPSI0115i-gost_2,NB,1.0,0.010306153379812064,0.001758359118792505
HPSI0115i-gost_2,P_FPP,1.0,0.41224613519248254,0.008570080185716832
HPSI0115i-hecn_6,FPP,2.0,0.5868152274837511,0.011868902700765077
HPSI0115i-hecn_6,NB,2.0,0.01137418755803157,0.0023098926309810764
HPSI0115i-hecn_6,P_FPP,2.0,0.4018105849582173,0.011816445083272781
HPSI0115i-iiyk_2,FPP,1.0,0.5298013245033113,0.04061708454178478
HPSI0115i-iiyk_2,NB,1.0,0.0,0.0
HPSI0115i-iiyk_2,P_FPP,1.0,0.47019867549668876,0.04061708454178479
HPSI0115i-iuad_2,FPP,1.0,0.5497382198952879,0.03599928078700189
HPSI0115i-iuad_2,NB,1.0,0.020942408376963352,0.010360977916897059
HPSI0115i-iuad_2,P_FPP,1.0,0.4293193717277487,0.035815426258071104
HPSI0115i-jakt_1,FPP,1.0,0.6421291053227633,0.01613221552048152
HPSI0115i-jakt_1,NB,1.0,0.010192525481313703,0.003380149551669195
HPSI0115i-jakt_1,P_FPP,1.0,0.347678369195923,0.0160265253226499
HPSI0115i-melw_1,FPP,1.0,0.6206896551724138,0.0901022421425571
HPSI0115i-melw_1,NB,1.0,0.0,0.0
HPSI0115i-melw_1,P_FPP,1.0,0.3793103448275862,0.0901022421425571
HPSI0115i-paim_1,FPP,1.0,0.549618320610687,0.00780736464429179
HPSI0115i-paim_1,NB,1.0,0.007633587786259542,0.0013657898652836577
HPSI0115i-paim_1,P_FPP,1.0,0.44274809160305345,0.007794488783836706
HPSI0115i-qecv_2,FPP,1.0,0.48,0.09991996797437437
HPSI0115i-qecv_2,NB,1.0,0.0,0.0
HPSI0115i-qecv_2,P_FPP,1.0,0.52,0.09991996797437437
HPSI0115i-quze_6,FPP,1.0,0.5473372781065089,0.019144389931010402
HPSI0115i-quze_6,NB,1.0,0.03994082840236687,0.007531546929759971
HPSI0115i-quze_6,P_FPP,1.0,0.41272189349112426,0.018935523272513057
HPSI0115i-sehp_2,FPP,1.0,0.5789473684210527,0.02924592117426283
HPSI0115i-sehp_2,NB,1.0,0.0,0.0
HPSI0115i-sehp_2,P_FPP,1.0,0.42105263157894735,0.02924592117426283
HPSI0115i-tiku_3,FPP,1.0,0.544,0.044547861901554825
HPSI0115i-tiku_3,NB,1.0,0.016,0.011222833866720117
HPSI0115i-tiku_3,P_FPP,1.0,0.44,0.04439819816163715
HPSI0115i-uupc_2,FPP,1.0,0.5797101449275363,0.05942310739678889
HPSI0115i-uupc_2,NB,1.0,0.043478260869565216,0.02455042185101217
HPSI0115i-uupc_2,P_FPP,1.0,0.37681159420289856,0.05833742635874388
HPSI0115i-zihe_1,FPP,1.0,0.5400739827373613,0.017500892205812378
HPSI0115i-zihe_1,NB,1.0,0.09001233045622688,0.010049821073185361
HPSI0115i-zihe_1,P_FPP,1.0,0.36991368680641185,0.016952735889967537
HPSI0214i-datg_2,FPP,1.0,0.5002380952380953,0.007715166623369002
HPSI0214i-datg_2,NB,1.0,0.0002380952380952381,0.00023806689173665259
HPSI0214i-datg_2,P_FPP,1.0,0.49952380952380954,0.007715163999161626
HPSI0214i-eiwy_1,FPP,1.0,0.5864714086471409,0.013004738313779629
HPSI0214i-eiwy_1,NB,1.0,0.002789400278940028,0.0013927535926184708
HPSI0214i-eiwy_1,P_FPP,1.0,0.4107391910739191,0.012991589060806559
HPSI0214i-feec_2,FPP,2.0,0.5519550972177463,0.016179850886253667
HPSI0214i-feec_2,NB,2.0,0.1690353421420131,0.011597382975356535
HPSI0214i-feec_2,P_FPP,2.0,0.27900956064024063,0.014759691575830423
HPSI0214i-giju_3,FPP,1.0,0.5402081362346263,0.015329348857842212
HPSI0214i-giju_3,NB,1.0,0.0,0.0
HPSI0214i-giju_3,P_FPP,1.0,0.4597918637653737,0.015329348857842212
HPSI0214i-heth_1,FPP,1.0,0.5323224261771747,0.014095650355742145
HPSI0214i-heth_1,NB,1.0,0.09497206703910614,0.008282346610727421
HPSI0214i-heth_1,P_FPP,1.0,0.37270550678371905,0.013659761191744568
HPSI0214i-pelm_3,FPP,2.0,0.5546952121471681,0.007162207228563491
HPSI0214i-pelm_3,NB,2.0,0.014169468667705458,0.0015926635305280087
HPSI0214i-pelm_3,P_FPP,2.0,0.4311353191851265,0.007133774624620036
HPSI0214i-poih_2,FPP,1.0,0.5717425431711146,0.006199876024224362
HPSI0214i-poih_2,NB,1.0,0.0018838304552590266,0.0005433025411215622
HPSI0214i-poih_2,P_FPP,1.0,0.42637362637362636,0.00619640799764301
HPSI0214i-rayr_1,FPP,1.0,0.5923295454545454,0.018520384003332783
HPSI0214i-rayr_1,NB,1.0,0.017045454545454544,0.0048784817148408025
HPSI0214i-rayr_1,P_FPP,1.0,0.390625,0.01838806390022015
HPSI0215i-deyz_2,FPP,1.0,0.5712426805465192,0.012623481967614668
HPSI0215i-deyz_2,NB,1.0,0.0006506180871828237,0.000650406400797789
HPSI0215i-deyz_2,P_FPP,1.0,0.42810670136629797,0.012621081846226104
HPSI0215i-fawm_2,FPP,1.0,0.5903975993998499,0.013469096467728354
HPSI0215i-fawm_2,NB,1.0,0.0,0.0
HPSI0215i-fawm_2,P_FPP,1.0,0.40960240060015,0.013469096467728354
HPSI0215i-hipn_1,FPP,2.0,0.5698203412952197,0.016174916862964
HPSI0215i-hipn_1,NB,2.0,0.013084860734779697,0.003604494934237493
HPSI0215i-hipn_1,P_FPP,2.0,0.41709479797000054,0.016085715198133923
HPSI0215i-oilg_1,FPP,1.0,0.5243958048335613,0.010664318982690806
HPSI0215i-oilg_1,NB,1.0,0.09758321933424532,0.0063368267888759666
HPSI0215i-oilg_1,P_FPP,1.0,0.37802097583219335,0.010354437306748458
HPSI0215i-romx_1,FPP,1.0,0.5073911306432282,0.009992913413661422
HPSI0215i-romx_1,NB,1.0,0.08349980023971235,0.0055294072220070795
HPSI0215i-romx_1,P_FPP,1.0,0.4091090691170595,0.009827494080659959
HPSI0215i-uiao_2,FPP,1.0,0.6296296296296297,0.03794051216992958
HPSI0215i-uiao_2,NB,1.0,0.04938271604938271,0.017022871942374288
HPSI0215i-uiao_2,P_FPP,1.0,0.32098765432098764,0.036679676151223424
HPSI0215i-yoch_6,FPP,1.0,0.5074937552039966,0.01020081145718672
HPSI0215i-yoch_6,NB,1.0,0.060366361365528726,0.004859485337355146
HPSI0215i-yoch_6,P_FPP,1.0,0.4321398834304746,0.010107560681104969
HPSI0215i-zett_5,FPP,2.0,0.48493128574063826,0.006869627319539892
HPSI0215i-zett_5,NB,2.0,0.0009556457398184016,0.00042782244464939116
HPSI0215i-zett_5,P_FPP,2.0,0.5141130685195434,0.006870042690927432
HPSI0314i-bubh_3,FPP,1.0,0.5629903091832026,0.010655321003584758
HPSI0314i-bubh_3,NB,1.0,0.05768343331795108,0.005008348122652449
HPSI0314i-bubh_3,P_FPP,1.0,0.37932625749884635,0.010423382713179134
HPSI0314i-cuhk_2,FPP,1.0,0.5296331138287864,0.015308734911654388
HPSI0314i-cuhk_2,NB,1.0,0.09031044214487301,0.008791216121134513
HPSI0314i-cuhk_2,P_FPP,1.0,0.38005644402634053,0.01488790171512439
HPSI0314i-hoik_1,FPP,1.0,0.5099206349206349,0.01574541949653286
HPSI0314i-hoik_1,NB,1.0,0.0248015873015873,0.004898419384776665
HPSI0314i-hoik_1,P_FPP,1.0,0.4652777777777778,0.015710499954280355
HPSI0314i-qaqx_1,FPP,2.0,0.38848834414804134,0.019464176188924317
HPSI0314i-qaqx_1,NB,2.0,0.018485139790114555,0.006142137377760861
HPSI0314i-qaqx_1,P_FPP,2.0,0.5930265160618442,0.019772997251710327
HPSI0314i-sojd_3,FPP,2.0,0.6478475294985251,0.01220966857151402
HPSI0314i-sojd_3,NB,2.0,0.0716537610619469,0.006267304678291593
HPSI0314i-sojd_3,P_FPP,2.0,0.28049870943952804,0.01155535128816428
HPSI0314i-uict_1,FPP,1.0,0.5537313432835821,0.01920482459396565
HPSI0314i-uict_1,NB,1.0,0.0029850746268656717,0.002107613758668303
HPSI0314i-uict_1,P_FPP,1.0,0.44328358208955226,0.01919200890682663
HPSI0314i-xagu_1,FPP,1.0,0.5188679245283019,0.028018637183760423
HPSI0314i-xagu_1,NB,1.0,0.0031446540880503146,0.003139705770133386
HPSI0314i-xagu_1,P_FPP,1.0,0.4779874213836478,0.02801142210775682
HPSI0314i-xugn_2,FPP,1.0,0.47949699289229086,0.011681475774530187
HPSI0314i-xugn_2,NB,1.0,0.15035538545653362,0.008357402062213918
HPSI0314i-xugn_2,P_FPP,1.0,0.3701476216511755,0.01129015789534798
HPSI0414i-ceik_1,FPP,1.0,0.5617977528089888,0.02352054028213433
HPSI0414i-ceik_1,NB,1.0,0.024719101123595506,0.007360396173270756
HPSI0414i-ceik_1,P_FPP,1.0,0.4134831460674157,0.023344745769098407
HPSI0414i-gesg_2,FPP,1.0,0.6088595664467483,0.014981911644546597
HPSI0414i-gesg_2,NB,1.0,0.05655042412818096,0.0070911976112524215
HPSI0414i-gesg_2,P_FPP,1.0,0.33459000942507067,0.014485832235307826
HPSI0414i-mita_1,FPP,1.0,0.532035519125683,0.004123881911016291
HPSI0414i-mita_1,NB,1.0,0.07793715846994535,0.00221555229702333
HPSI0414i-mita_1,P_FPP,1.0,0.3900273224043716,0.004031179794004229
HPSI0414i-oaqd_2,FPP,1.0,0.4656046343229544,0.013422800935456463
HPSI0414i-oaqd_2,NB,1.0,0.15930485155684287,0.009847748130882947
HPSI0414i-oaqd_2,P_FPP,1.0,0.3750905141202028,0.013028060295360721
HPSI0414i-sebn_3,FPP,1.0,0.6045066045066045,0.013629529667400322
HPSI0414i-sebn_3,NB,1.0,0.001554001554001554,0.0010979909014005725
HPSI0414i-sebn_3,P_FPP,1.0,0.3939393939393939,0.013620199241681659
HPSI0414i-uawq_2,FPP,1.0,0.4804177545691906,0.012764602441855412
HPSI0414i-uawq_2,NB,1.0,0.0019582245430809398,0.0011294739584397744
HPSI0414i-uawq_2,P_FPP,1.0,0.5176240208877284,0.01276646517584245
HPSI0414i-xojn_3,FPP,2.0,0.5806990437215518,0.020813250236816735
HPSI0414i-xojn_3,NB,2.0,0.004644872812075384,0.003521816021406445
HPSI0414i-xojn_3,P_FPP,2.0,0.41465608346637284,0.020730601617295296
HPSI0513i-dipe_1,FPP,1.0,0.3209549071618037,0.02404366357080383
HPSI0513i-dipe_1,NB,1.0,0.0,0.0
HPSI0513i-dipe_1,P_FPP,1.0,0.6790450928381963,0.02404366357080383
HPSI0513i-fejf_2,FPP,1.0,0.285140562248996,0.02023136367929608
HPSI0513i-fejf_2,NB,1.0,0.12048192771084337,0.014587090128105292
HPSI0513i-fejf_2,P_FPP,1.0,0.5943775100401606,0.022002778466325375
HPSI0513i-giuf_1,FPP,1.0,0.2835249042145594,0.027898181933422857
HPSI0513i-giuf_1,NB,1.0,0.0,0.0
HPSI0513i-giuf_1,P_FPP,1.0,0.7164750957854407,0.027898181933422854
HPSI0513i-momt_2,FPP,1.0,0.3013136288998358,0.01314700656268006
HPSI0513i-momt_2,NB,1.0,0.004105090311986864,0.001832080153611971
HPSI0513i-momt_2,P_FPP,1.0,0.6945812807881774,0.01319731914007857
HPSI0513i-oibg_1,FPP,1.0,0.24722222222222223,0.02273661969536078
HPSI0513i-oibg_1,NB,1.0,0.21666666666666667,0.021712913606514225
HPSI0513i-oibg_1,P_FPP,1.0,0.5361111111111111,0.026283496493592122
HPSI0513i-sucd_3,FPP,1.0,0.34290540540540543,0.01950923587364664
HPSI0513i-sucd_3,NB,1.0,0.005067567567567568,0.002918338836574724
HPSI0513i-sucd_3,P_FPP,1.0,0.652027027027027,0.019576935160866636
HPSI0513i-uoxz_4,FPP,1.0,0.3205944798301486,0.015206074162513652
HPSI0513i-uoxz_4,NB,1.0,0.0021231422505307855,0.0014996937116572454
HPSI0513i-uoxz_4,P_FPP,1.0,0.6772823779193206,0.015232485625897548
HPSI0513i-veve_2,FPP,1.0,0.33642261353104724,0.014383933171780819
HPSI0513i-veve_2,NB,1.0,0.021316033364226137,0.004397073346942104
HPSI0513i-veve_2,P_FPP,1.0,0.6422613531047267,0.014592446260685803
HPSI0514i-fiaj_1,FPP,2.0,0.5614400701273179,0.006018749544746736
HPSI0514i-fiaj_1,NB,2.0,0.12738746050036406,0.004147623463717042
HPSI0514i-fiaj_1,P_FPP,2.0,0.3111724693723181,0.005549059474434368
HPSI0514i-lako_1,FPP,2.0,0.5651739429912058,0.012145099493859142
HPSI0514i-lako_1,NB,2.0,0.004113687359760658,0.0012352105662584883
HPSI0514i-lako_1,P_FPP,2.0,0.43071236964903353,0.012134009748341883
HPSI0514i-naah_2,FPP,1.0,0.6702127659574468,0.04849079911684885
HPSI0514i-naah_2,NB,1.0,0.0,0.0
HPSI0514i-naah_2,P_FPP,1.0,0.32978723404255317,0.04849079911684885
HPSI0514i-oekw_2,FPP,1.0,0.499546690843155,0.01505504540418991
HPSI0514i-oekw_2,NB,1.0,0.043517679057116954,0.006143043347182731
HPSI0514i-oekw_2,P_FPP,1.0,0.45693563009972804,0.014999107257963567
HPSI0514i-oupf_6,FPP,1.0,0.47703375760929717,0.011749849619554864
HPSI0514i-oupf_6,NB,1.0,0.0005534034311012728,0.0005532502822312858
HPSI0514i-oupf_6,P_FPP,1.0,0.5224128389596016,0.011750440998913104
HPSI0514i-qihv_1,FPP,1.0,0.5074626865671642,0.0124674777994529
HPSI0514i-qihv_1,NB,1.0,0.04477611940298507,0.0051574234363066275
HPSI0514i-qihv_1,P_FPP,1.0,0.44776119402985076,0.012400627570752845
HPSI0514i-rutc_2,FPP,1.0,0.6414342629482072,0.030270779913818314
HPSI0514i-rutc_2,NB,1.0,0.0,0.0
HPSI0514i-rutc_2,P_FPP,1.0,0.35856573705179284,0.030270779913818314
HPSI0514i-sohd_2,FPP,1.0,0.6554621848739496,0.0435631010573504
HPSI0514i-sohd_2,NB,1.0,0.0,0.0
HPSI0514i-sohd_2,P_FPP,1.0,0.3445378151260504,0.0435631010573504
HPSI0514i-suul_1,FPP,1.0,0.6098901098901099,0.016169574051228913
HPSI0514i-suul_1,NB,1.0,0.001098901098901099,0.0010982971411204405
HPSI0514i-suul_1,P_FPP,1.0,0.389010989010989,0.016161324048129866
HPSI0514i-tert_1,FPP,1.0,0.5364238410596026,0.010478050300634822
HPSI0514i-tert_1,NB,1.0,0.003532008830022075,0.001246546442181401
HPSI0514i-tert_1,P_FPP,1.0,0.46004415011037525,0.010472365191177882
HPSI0514i-uenn_3,FPP,2.0,0.5896464646464646,0.01793048658958594
HPSI0514i-uenn_3,NB,2.0,0.09308666373883766,0.009912402252273288
HPSI0514i-uenn_3,P_FPP,2.0,0.3172668716146977,0.01709305476075018
HPSI0514i-wiii_3,FPP,2.0,0.4631726581530966,0.02174412745844165
HPSI0514i-wiii_3,NB,2.0,0.18191850594227504,0.017896603048908884
HPSI0514i-wiii_3,P_FPP,2.0,0.3549088359046283,0.020148427817416735
HPSI0514i-yewo_4,FPP,1.0,0.7261904761904762,0.03440288855542075
HPSI0514i-yewo_4,NB,1.0,0.005952380952380952,0.0059346390918962886
HPSI0514i-yewo_4,P_FPP,1.0,0.26785714285714285,0.03416605927545631
HPSI0613i-aevs_1,FPP,1.0,0.2767940354147251,0.013658704279135047
HPSI0613i-aevs_1,NB,1.0,0.1724137931034483,0.011531684826619003
HPSI0613i-aevs_1,P_FPP,1.0,0.5507921714818267,0.015185100711304213
HPSI0613i-bawa_1,FPP,1.0,0.253028263795424,0.01594932087881551
HPSI0613i-bawa_1,NB,1.0,0.0013458950201884253,0.001344988998530588
HPSI0613i-bawa_1,P_FPP,1.0,0.7456258411843876,0.01597726961037167
HPSI0613i-bohf_1,FPP,1.0,0.37245392822502427,0.015056698519117956
HPSI0613i-bohf_1,NB,1.0,0.002909796314258002,0.0016775257170011798
HPSI0613i-bohf_1,P_FPP,1.0,0.6246362754607178,0.015080315174448392
HPSI0613i-eojr_2,FPP,1.0,0.368,0.043134765560971816
HPSI0613i-eojr_2,NB,1.0,0.0,0.0
HPSI0613i-eojr_2,P_FPP,1.0,0.632,0.043134765560971816
HPSI0613i-hegp_3,FPP,1.0,0.3261802575107296,0.030713035434218078
HPSI0613i-hegp_3,NB,1.0,0.008583690987124463,0.0060434802369235836
HPSI0613i-hegp_3,P_FPP,1.0,0.6652360515021459,0.030915713137745434
HPSI0613i-hikj_2,FPP,1.0,0.34,0.027349588662354686
HPSI0613i-hikj_2,NB,1.0,0.013333333333333334,0.006622073078111707
HPSI0613i-hikj_2,P_FPP,1.0,0.6466666666666666,0.02759763811686844
HPSI0613i-lizq_3,FPP,1.0,0.3287435456110155,0.019488786079182224
HPSI0613i-lizq_3,NB,1.0,0.0034423407917383822,0.002429909400155428
HPSI0613i-lizq_3,P_FPP,1.0,0.6678141135972461,0.019540259128569746
HPSI0614i-juzt_4,FPP,1.0,0.5927835051546392,0.035274419133594095
HPSI0614i-juzt_4,NB,1.0,0.09278350515463918,0.020830034610769783
HPSI0614i-juzt_4,P_FPP,1.0,0.31443298969072164,0.03333405464996088
HPSI0614i-liqa_1,FPP,1.0,0.6385579937304076,0.008505975815182249
HPSI0614i-liqa_1,NB,1.0,0.0025078369905956114,0.000885541780967059
HPSI0614i-liqa_1,P_FPP,1.0,0.35893416927899685,0.008493044017197504
HPSI0614i-lirf_5,FPP,1.0,0.5536892621475705,0.012175419077472745
HPSI0614i-lirf_5,NB,1.0,0.1235752849430114,0.008060376318961684
HPSI0614i-lirf_5,P_FPP,1.0,0.32273545290941813,0.011450770462201524
HPSI0614i-miaj_4,FPP,1.0,0.5561959654178674,0.008890445991613486
HPSI0614i-miaj_4,NB,1.0,0.0845341018251681,0.004977956128314867
HPSI0614i-miaj_4,P_FPP,1.0,0.35926993275696445,0.008585428909083138
HPSI0614i-oicx_2,FPP,1.0,0.53125,0.04410777261967271
HPSI0614i-oicx_2,NB,1.0,0.0,0.0
HPSI0614i-oicx_2,P_FPP,1.0,0.46875,0.04410777261967271
HPSI0614i-puhk_2,FPP,1.0,0.48785166240409206,0.00893734259592861
HPSI0614i-puhk_2,NB,1.0,0.1460997442455243,0.006315313690790093
HPSI0614i-puhk_2,P_FPP,1.0,0.36604859335038364,0.008613189134352441
HPSI0614i-qunz_2,FPP,1.0,0.5113636363636364,0.02664320588437407
HPSI0614i-qunz_2,NB,1.0,0.002840909090909091,0.0028368708385608492
HPSI0614i-qunz_2,P_FPP,1.0,0.48579545454545453,0.02663933304390236
HPSI0614i-uevq_6,FPP,1.0,0.5681274900398406,0.013982306551306842
HPSI0614i-uevq_6,NB,1.0,0.14422310756972112,0.009916897841509073
HPSI0614i-uevq_6,P_FPP,1.0,0.28764940239043824,0.012777820166330299
HPSI0614i-voce_1,FPP,1.0,0.5650205761316872,0.010056881939930743
HPSI0614i-voce_1,NB,1.0,0.03827160493827161,0.003891897735161463
HPSI0614i-voce_1,P_FPP,1.0,0.39670781893004115,0.0099242133403001
HPSI0614i-wihj_4,FPP,1.0,0.6376021798365122,0.025091963828791787
HPSI0614i-wihj_4,NB,1.0,0.008174386920980926,0.004700155461353493
HPSI0614i-wihj_4,P_FPP,1.0,0.3542234332425068,0.024965872760275853
HPSI0714i-burb_1,FPP,2.0,0.5712388777267509,0.010437124313623633
HPSI0714i-burb_1,NB,2.0,0.04943922215843857,0.004698275825705672
HPSI0714i-burb_1,P_FPP,2.0,0.3793219001148106,0.010182186130664564
HPSI0714i-iudw_1,FPP,1.0,0.5746212121212121,0.009622253144080816
HPSI0714i-iudw_1,NB,1.0,0.00946969696969697,0.0018849505468353286
HPSI0714i-iudw_1,P_FPP,1.0,0.4159090909090909,0.009592624988489706
HPSI0714i-keui_4,FPP,1.0,0.5054945054945055,0.026205538505769968
HPSI0714i-keui_4,NB,1.0,0.19505494505494506,0.020768776323066687
HPSI0714i-keui_4,P_FPP,1.0,0.29945054945054944,0.024006633577537188
HPSI0714i-kute_5,FPP,1.0,0.4166666666666667,0.06364688465216445
HPSI0714i-kute_5,NB,1.0,0.03333333333333333,0.023174059571793568
HPSI0714i-kute_5,P_FPP,1.0,0.55,0.06422616289332565
HPSI0714i-oatm_1,FPP,1.0,0.48307692307692307,0.013859559585284188
HPSI0714i-oatm_1,NB,1.0,0.08384615384615385,0.007686950797460937
HPSI0714i-oatm_1,P_FPP,1.0,0.4330769230769231,0.01374272679736583
HPSI0714i-pipw_4,FPP,1.0,0.5686700458604875,0.007694448892606053
HPSI0714i-pipw_4,NB,1.0,0.002172338884866039,0.000723326024644428
HPSI0714i-pipw_4,P_FPP,1.0,0.4291576152546464,0.00768969387371773
HPSI0715i-aowh_2,FPP,1.0,0.5198412698412699,0.011127113764125209
HPSI0715i-aowh_2,NB,1.0,0.00992063492063492,0.0022072904010093674
HPSI0715i-aowh_2,P_FPP,1.0,0.47023809523809523,0.011116139886875969
HPSI0715i-meue_5,FPP,2.0,0.6248213702433447,0.010432949838163421
HPSI0715i-meue_5,NB,2.0,0.011878878817573085,0.0021914301770791624
HPSI0715i-meue_5,P_FPP,2.0,0.3632997509390822,0.010374792411311305
HPSI0715i-zaie_5,FPP,1.0,0.47223955084217095,0.01246903482066872
HPSI0715i-zaie_5,NB,1.0,0.0012476606363069245,0.0008816787633961643
HPSI0715i-zaie_5,P_FPP,1.0,0.5265127885215222,0.012470728598139016
HPSI0814i-bokz_6,FPP,1.0,0.5255972696245734,0.029172008404650153
HPSI0814i-bokz_6,NB,1.0,0.0,0.0
HPSI0814i-bokz_6,P_FPP,1.0,0.47440273037542663,0.029172008404650153
HPSI0814i-siqu_4,FPP,1.0,0.6446991404011462,0.02561910544501462
HPSI0814i-siqu_4,NB,1.0,0.008595988538681949,0.004941519759651688
HPSI0814i-siqu_4,P_FPP,1.0,0.3467048710601719,0.025475456104541987
HPSI0913i-eika_2,FPP,1.0,0.5659340659340659,0.036738809236522556
HPSI0913i-eika_2,NB,1.0,0.0,0.0
HPSI0913i-eika_2,P_FPP,1.0,0.4340659340659341,0.036738809236522556
HPSI0914i-iezw_2,FPP,1.0,0.6369168356997972,0.02165813022098813
HPSI0914i-iezw_2,NB,1.0,0.008113590263691683,0.004040304026458436
HPSI0914i-iezw_2,P_FPP,1.0,0.35496957403651114,0.02155074089570593
HPSI0914i-jejf_2,FPP,1.0,0.5791190864600326,0.00997018741525565
HPSI0914i-jejf_2,NB,1.0,0.004078303425774877,0.0012870402562088084
HPSI0914i-jejf_2,P_FPP,1.0,0.4168026101141925,0.009956639154910078
HPSI0914i-kajh_2,FPP,1.0,0.5296610169491526,0.022973834788767248
HPSI0914i-kajh_2,NB,1.0,0.00211864406779661,0.002116398551460512
HPSI0914i-kajh_2,P_FPP,1.0,0.4682203389830508,0.02296783183144176
HPSI0914i-laey_6,FPP,2.0,0.5538580603937381,0.02099090548639714
HPSI0914i-laey_6,NB,2.0,0.0013054830287206266,0.000752736364991215
HPSI0914i-laey_6,P_FPP,2.0,0.4448364565775413,0.020990010404321448
HPSI0914i-ouvb_2,FPP,2.0,0.5097368034769512,0.008493890072552796
HPSI0914i-ouvb_2,NB,2.0,0.0012575866844513656,0.0005732548072983505
HPSI0914i-ouvb_2,P_FPP,2.0,0.4890056098385975,0.008493226747734913
HPSI0914i-rejf_2,FPP,1.0,0.44798785117691725,0.013702965011075704
HPSI0914i-rejf_2,NB,1.0,0.19134396355353075,0.010839179585953432
HPSI0914i-rejf_2,P_FPP,1.0,0.360668185269552,0.013231960267332438
HPSI0914i-suop_5,FPP,1.0,0.5841463414634146,0.012170520992574
HPSI0914i-suop_5,NB,1.0,0.003658536585365854,0.0014908566238296369
HPSI0914i-suop_5,P_FPP,1.0,0.4121951219512195,0.012154751740470173
HPSI0914i-vaka_5,FPP,1.0,0.554559043348281,0.013587542401475649
HPSI0914i-vaka_5,NB,1.0,0.008221225710014948,0.0024685824314991146
HPSI0914i-vaka_5,P_FPP,1.0,0.437219730941704,0.01356098548105796
HPSI0914i-yuvg_2,FPP,1.0,0.676056338028169,0.0555388667156425
HPSI0914i-yuvg_2,NB,1.0,0.0,0.0
HPSI0914i-yuvg_2,P_FPP,1.0,0.323943661971831,0.0555388667156425
HPSI0914i-zerv_7,FPP,2.0,0.5417707150964812,0.02034016680401972
HPSI0914i-zerv_7,NB,2.0,0.013679260580509162,0.005190302488519705
HPSI0914i-zerv_7,P_FPP,2.0,0.4445500243230096,0.0202106509118971
HPSI1013i-garx_2,FPP,1.0,0.5094869992972593,0.013252242198657251
HPSI1013i-garx_2,NB,1.0,0.0014054813773717498,0.0009931267656457718
HPSI1013i-garx_2,P_FPP,1.0,0.48910751932536894,0.013251482736081847
HPSI1013i-hiaf_1,FPP,2.0,0.5445480209374816,0.00867045845934168
HPSI1013i-hiaf_1,NB,2.0,0.0336367111686173,0.0036546944265958316
HPSI1013i-hiaf_1,P_FPP,2.0,0.4218152678939011,0.00851162885922078
HPSI1013i-jogf_2,FPP,1.0,0.4714738510301109,0.014051813189140191
HPSI1013i-jogf_2,NB,1.0,0.13232963549920762,0.009538416073689247
HPSI1013i-jogf_2,P_FPP,1.0,0.39619651347068147,0.013768082366970165
HPSI1013i-sita_1,FPP,1.0,0.4772628843655262,0.010394617980848979
HPSI1013i-sita_1,NB,1.0,0.07145950627977479,0.005360662472151327
HPSI1013i-sita_1,P_FPP,1.0,0.451277609354699,0.010355862311457298
HPSI1013i-woci_1,FPP,1.0,0.5671124318969787,0.011026913841514718
HPSI1013i-woci_1,NB,1.0,0.004952947003467063,0.0015623757514855602
HPSI1013i-woci_1,P_FPP,1.0,0.4279346210995542,0.011011421445957506
HPSI1013i-wopl_2,FPP,1.0,0.48544973544973546,0.012853166744867736
HPSI1013i-wopl_2,NB,1.0,0.14417989417989419,0.00903374231393369
HPSI1013i-wopl_2,P_FPP,1.0,0.37037037037037035,0.012418947780292539
HPSI1013i-zagm_1,FPP,1.0,0.49393939393939396,0.027522072081864184
HPSI1013i-zagm_1,NB,1.0,0.006060606060606061,0.004272489556979349
HPSI1013i-zagm_1,P_FPP,1.0,0.5,0.027524094128159014
HPSI1014i-babz_3,FPP,1.0,0.5022935779816514,0.011972702598473413
HPSI1014i-babz_3,NB,1.0,0.0011467889908256881,0.000810437171722616
HPSI1014i-babz_3,P_FPP,1.0,0.49655963302752293,0.011972545138120938
HPSI1014i-bilx_1,FPP,1.0,0.5418994413407822,0.037240306512378814
HPSI1014i-bilx_1,NB,1.0,0.10614525139664804,0.023022752530761477
HPSI1014i-bilx_1,P_FPP,1.0,0.35195530726256985,0.035696013967125635
HPSI1014i-eesb_1,FPP,1.0,0.5819430814524044,0.008920932285548305
HPSI1014i-eesb_1,NB,1.0,0.002289826627412496,0.0008644816549280806
HPSI1014i-eesb_1,P_FPP,1.0,0.4157670919201832,0.008913953094071279
HPSI1014i-kefb_1,FPP,1.0,0.3950413223140496,0.019874967684506886
HPSI1014i-kefb_1,NB,1.0,0.28760330578512394,0.018402642834213345
HPSI1014i-kefb_1,P_FPP,1.0,0.31735537190082647,0.018923112800497563
HPSI1014i-nosn_1,FPP,1.0,0.5587096774193548,0.017836286818017934
HPSI1014i-nosn_1,NB,1.0,0.00903225806451613,0.003398420198206355
HPSI1014i-nosn_1,P_FPP,1.0,0.432258064516129,0.017794926068310707
HPSI1014i-qayj_4,FPP,1.0,0.5704779189352692,0.007029349111385388
HPSI1014i-qayj_4,NB,1.0,0.00040330711837063924,0.00028512368469753833
HPSI1014i-qayj_4,P_FPP,1.0,0.42911877394636017,0.007028531313762541
HPSI1014i-quls_2,FPP,1.0,0.5790454884414616,0.009533328068181357
HPSI1014i-quls_2,NB,1.0,0.1372110365398956,0.006643813402092817
HPSI1014i-quls_2,P_FPP,1.0,0.2837434750186428,0.008704981461108945
HPSI1014i-roug_3,FPP,1.0,0.759515570934256,0.01777656735105575
HPSI1014i-roug_3,NB,1.0,0.0017301038062283738,0.0017286065287464918
HPSI1014i-roug_3,P_FPP,1.0,0.23875432525951557,0.017732669663850602
HPSI1014i-sehl_6,FPP,1.0,0.5282887886150642,0.009300411557193597
HPSI1014i-sehl_6,NB,1.0,0.0,0.0
HPSI1014i-sehl_6,P_FPP,1.0,0.47171121138493577,0.009300411557193597
HPSI1014i-tixi_4,FPP,1.0,0.5833333333333334,0.06364688465216445
HPSI1014i-tixi_4,NB,1.0,0.05,0.028136571693556888
HPSI1014i-tixi_4,P_FPP,1.0,0.36666666666666664,0.062212300796308524
HPSI1014i-tuju_1,FPP,1.0,0.5636314509592002,0.008152011576591818
HPSI1014i-tuju_1,NB,1.0,0.06133477438530127,0.003944111718552204
HPSI1014i-tuju_1,P_FPP,1.0,0.37503377465549853,0.007957999761636103
HPSI1014i-vils_1,FPP,1.0,0.5027322404371585,0.011144013580379327
HPSI1014i-vils_1,NB,1.0,0.0024838549428713363,0.0011094332919364216
HPSI1014i-vils_1,P_FPP,1.0,0.4947839046199702,0.011143573536881066
HPSI1113i-hayt_3,FPP,1.0,0.49716231555051077,0.007533383102174199
HPSI1113i-hayt_3,NB,1.0,0.004994324631101022,0.001062131298392003
HPSI1113i-hayt_3,P_FPP,1.0,0.4978433598183882,0.007533434351088671
HPSI1113i-ieki_3,FPP,1.0,0.5735900962861072,0.018342024031412545
HPSI1113i-ieki_3,NB,1.0,0.0,0.0
HPSI1113i-ieki_3,P_FPP,1.0,0.4264099037138927,0.018342024031412545
HPSI1113i-podx_1,FPP,1.0,0.5876288659793815,0.011176216967042843
HPSI1113i-podx_1,NB,1.0,0.0036082474226804126,0.001361326667436126
HPSI1113i-podx_1,P_FPP,1.0,0.40876288659793814,0.011161323803216031
HPSI1113i-qolg_1,FPP,1.0,0.5779036827195467,0.026287310795038266
HPSI1113i-qolg_1,NB,1.0,0.0028328611898017,0.00282884579275889
HPSI1113i-qolg_1,P_FPP,1.0,0.4192634560906516,0.02626308444856266
HPSI1113i-vuud_2,FPP,1.0,0.5749128919860628,0.011913062415091104
HPSI1113i-vuud_2,NB,1.0,0.0017421602787456446,0.0010049601595898403
HPSI1113i-vuud_2,P_FPP,1.0,0.42334494773519166,0.011906624781317715
HPSI1114i-kuul_1,FPP,2.0,0.6059747862751107,0.018821492187771238
HPSI1114i-kuul_1,NB,2.0,0.0009140767824497258,0.0005272598585867639
HPSI1114i-kuul_1,P_FPP,2.0,0.3931111369424396,0.018820951135828105
HPSI1114i-ualf_6,FPP,1.0,0.5716783216783217,0.0206901136065359
HPSI1114i-ualf_6,NB,1.0,0.0034965034965034965,0.002468075167943562
HPSI1114i-ualf_6,P_FPP,1.0,0.42482517482517484,0.020668408786916864
HPSI1213i-hehd_1,FPP,2.0,0.5964119430569568,0.01228843881385415
HPSI1213i-hehd_1,NB,2.0,0.00040257648953301127,0.00040241438906759794
HPSI1213i-hehd_1,P_FPP,2.0,0.4031854804535103,0.012287021112258465
