cell_line,n_pools,PC1_mean,PC1_se,PC2_mean,PC2_se,PC3_mean,PC3_se,PC4_mean,PC4_se,PC5_mean,PC5_se,PC6_mean,PC6_se,PC7_mean,PC7_se,PC8_mean,PC8_se,PC9_mean,PC9_se,PC10_mean,PC10_se
HPSI0114i-eipl_1,1.0,0.3573856576288545,0.13479682579089894,3.8026094297307664,0.05744474158232028,2.1509675564265835,0.11555561008262899,-1.6396490717166212,0.05152486729861727,1.084775095887381,0.06729310907617168,-1.1540802914985082,0.042477361261185134,-1.2542542482001802,0.047919584722657935,-0.24252282845569856,0.050547691426235754,0.4107572537620448,0.04293392550054776,1.4251012646712995,0.0374777628972722
HPSI0114i-wegi_1,2.0,-0.7884542338122057,0.26825694432757247,3.2142636402521076,0.11965904604356128,-0.6999412536531437,0.0893653702415792,-0.2933945620623595,0.0992064197781976,-1.3533872116116648,0.13263640066286927,0.09156759382803376,0.08228498920938433,1.339904050906853,0.08392659588589066,-0.30024204726248954,0.08471955069115804,0.0698980722302705,0.07634838229097012,-0.7352193300240649,0.06396402579420349
HPSI0115i-aion_2,1.0,1.6280214263736157,0.29971753830519543,0.5579100548544018,0.11333686407530125,-1.006127261520697,0.08860131389909613,0.9702782348125244,0.1392928114852255,0.24997317930153654,0.14851205359916106,1.684990197257936,0.08837801429947584,0.48135320056513375,0.07096596448482805,0.5651838110030645,0.08959021194008956,1.1160304191644062,0.09193109874151183,0.7136215237463256,0.08856513585140022
HPSI0115i-aoxv_1,1.0,-0.7239410014123718,0.10445398303426859,-3.766269487523402,0.050367966686590625,-1.7121785617624992,0.05955569063359863,-2.015411810081846,0.0739752947146361,0.744341218819088,0.06054957425072983,1.7350980909388265,0.043539527508422105,0.2591490753935249,0.03187155764231581,0.15805865258176438,0.03966860609944479,0.4026980469529129,0.042828074258122344,0.85023114579309,0.039374251099414496
HPSI0115i-bimq_4,1.0,-1.3589774468269242,0.2721569177809871,-1.9263850334056416,0.13033888618197023,1.8879900573676711,0.31249800349438717,-1.2698413763818848,0.15725858619464422,0.801749710965066,0.17436565908288756,1.4320823437491808,0.0840405325045325,-1.5967220910709394,0.10585501910987702,0.46825154251513357,0.089360122628132,1.404627393628742,0.10293381722592228,1.292892107807942,0.09803122273278672
HPSI0115i-boqx_2,1.0,-0.0314413185065147,0.5741587478479118,-0.6181862768247932,0.3120993268026016,-0.9010330812562688,0.25724759626555954,2.3620012977729337,0.4933549798299353,-0.5406425505213489,0.35062112488823466,1.648658642375298,0.20952681748855947,-0.3326299024102767,0.2112856818047638,0.48660387088172197,0.18602100933982066,2.105220872594202,0.24691582282612476,0.4779042199974821,0.277840924975828
HPSI0115i-gifk_1,1.0,2.394771956344623,0.5992845078662201,1.9425635513288757,0.23032085787681783,-1.4002893788962876,0.17897225533061933,1.9044714185801668,0.36417955145257264,1.9954556208998369,0.3082789976544376,1.556762649362784,0.2042097884990362,0.6811835507364415,0.16716579540454707,0.3544566567848573,0.17440778803155146,1.15631428238841,0.17942077554374045,0.5244482243351004,0.20271719121886117
HPSI0115i-gost_2,1.0,0.8595477300727707,0.1293371869844919,6.320590835122383,0.07340767455518496,2.1270301966825382,0.054626206307833595,1.2812476720222576,0.057364189935431506,0.5325576638754767,0.0632094350501256,-2.3862463219120356,0.0503864593555723,-3.7603003436180815,0.06392666788637048,-3.8285217543199597,0.052928040437842515,-0.7362794831872954,0.04110511739039935,-0.7648104503647335,0.03712405357201416
HPSI0115i-hecn_6,2.0,0.7342216462781108,0.18111837112861787,3.4180731085963396,0.08824150876684565,0.639228964310053,0.06895258468143924,2.668597851135945,0.11052543960042856,-0.5092852142388186,0.09167648260309025,-1.351095793985714,0.06572295351029227,0.4763537811469084,0.06226781279818372,-1.36126730832298,0.06187302447706113,-1.2522719831130775,0.06105940546061714,-0.9265023061274437,0.06486846509884969
HPSI0115i-iiyk_2,1.0,1.496462203857395,0.6638474677065312,0.9257488518987641,0.27771092788646295,-0.9175810989606794,0.18037848690987116,-0.67470250087459,0.3123271164193475,-0.07971208477091693,0.2997659317901271,-0.10039294474581942,0.18544446300404063,0.5959454764272213,0.15553599231768783,0.5891751113951961,0.22130064142719738,-0.6929333425139286,0.19874593517034433,0.6603195934895459,0.19950174259223555
HPSI0115i-iuad_2,1.0,0.0697322927479192,0.541116827889052,4.972768092030716,0.2917729465554458,0.27934658490136455,0.3796146406234999,0.8498868462068964,0.32000440069182917,-0.2388652441178877,0.28966457307858867,-1.3890469894111552,0.18142107160508233,-1.0378120237104378,0.24647925678993332,-0.12319577948786946,0.18520124559498594,0.138461698161299,0.17282704731459822,0.3918636238220071,0.20327278793959938
HPSI0115i-jakt_1,1.0,0.848358353387947,0.2858687130742278,5.659262243909924,0.1497983901880818,1.2171986115630653,0.12331788455307752,2.2983192405143056,0.14906471465258456,-0.6505778516838782,0.12584324648154735,-0.6427987615678343,0.09759087511853355,-0.5570846030030765,0.11151256819482566,-2.5927224878822104,0.09884747347220395,-0.42261815009188614,0.08583171968080766,-0.6052264597411756,0.08639331819704284
HPSI0115i-melw_1,1.0,-0.028444141672959392,1.049708176069175,2.5835680626398663,0.45145718942927876,-0.5592591641303044,0.3967335628155891,5.106318832726578,1.3050110816328335,-0.18753313262208018,0.5859118547907971,0.8620142640110283,0.48141284727356143,0.4941264084927094,0.39470236616203946,-0.7195188387388056,0.45864819679247376,-0.4998283603262954,0.5619454220617709,0.7704761012046437,0.6891443148031413
HPSI0115i-paim_1,1.0,1.3170041640730534,0.12483054422972098,4.978161339689444,0.05644992819767712,0.4185020761431792,0.04940301536399437,-0.17799946693127425,0.05689703486715908,0.5087987861727843,0.05939123469735039,-0.6597531574353719,0.04146978381833755,-0.33001048836325153,0.03838961754826168,-0.3257597688373171,0.04516280544216314,0.23556190626280363,0.03863621148622519,1.1519902896895948,0.03678468015231117
HPSI0115i-qecv_2,1.0,3.4098822818446792,1.7486921467479994,1.6229151556236254,0.6261911426128334,-0.37066276104854273,0.39393682894816656,-0.29360632559326894,0.802910085718619,-1.6390016102978557,0.8200936940710969,-0.14278528347466038,0.46044247974149155,0.8975023588513019,0.2984327405499677,0.41552469797024516,0.6128259047489201,-0.3844702248090786,0.5821834372049459,0.3999619668253453,0.33518945261406025
HPSI0115i-quze_6,1.0,0.030823298376341693,0.2408671635521187,-2.225131237876451,0.12281939341547443,-0.7950906328825555,0.17100022089381417,-0.4011476831255353,0.18883489124989572,1.0378335538667083,0.15088439956195684,1.2440847437051268,0.08557135150855867,-0.3885125934247197,0.0861684439346046,0.19061578731088297,0.08865906164755731,0.11244397010054002,0.10043722754324261,0.3841317337596094,0.10740614735403733
HPSI0115i-sehp_2,1.0,1.0599204207097461,0.49445253784046844,5.664235031573726,0.19552503316246203,0.3602742426899921,0.14889586130775548,-1.0041110963326463,0.19387082830724067,-0.5889292698232045,0.2322361753650238,-0.9500300241586376,0.16159349825695968,-0.2579015164263799,0.19253363239665966,0.47632364016219325,0.16473283362635027,0.5731947808429568,0.15807299829852567,-0.03931111712487082,0.11560941770259943
HPSI0115i-tiku_3,1.0,0.6029421543386241,0.5728527294040435,-2.1819262152400642,0.25959356811758844,-1.684670102333076,0.26837360102025837,-0.08944949195738619,0.363605775310532,1.1843544208974504,0.3525947220628519,1.6460164467006113,0.18795167434256432,-0.005726841755394588,0.13464759024890807,0.4542719005167975,0.18752775029595267,-0.67889467888233,0.19812080292456463,0.44889736465672336,0.16727930009948486
HPSI0115i-uupc_2,1.0,-0.4096245927496681,0.7745136606854025,3.457227080010795,0.4563384285602696,0.35850828483568187,0.6989543257329626,-1.0229477638545792,0.33354782876061356,0.007184199859751498,0.4679401494333382,-0.4068611515026884,0.2745891636450543,1.5423010695519965,0.3986456215067156,0.9024652086289704,0.3558197056783901,-0.13662926216576282,0.2683726122389508,-0.7448517119243506,0.24498435997547185
HPSI0115i-zihe_1,1.0,-2.026898750595762,0.22859491406819435,-2.86781147521047,0.14769697188173994,0.8986969213799201,0.21644370621079032,-0.4302705772010162,0.16939565896395772,-2.1860903473416258,0.1664889502991353,-1.86439118266595,0.15007542266472967,0.480049025584704,0.10311166609477224,-0.022553978439155464,0.08327851676799615,-0.8355077857754862,0.10988023482719411,0.3057186127238149,0.08987009053350022
HPSI0214i-datg_2,1.0,2.0798525954898652,0.10071743933809403,0.3694028612685169,0.04114150264497274,-1.8671126349632847,0.03000324404520844,1.077284530536451,0.06059100978974285,1.8625729257164636,0.055724211532850364,2.89243867994247,0.03641623127858047,2.2142699805118253,0.026202254794389066,0.6617625597313634,0.0368299608360918,-0.20224846009285438,0.03838330014642993,-1.710969790118667,0.03510556838146856
HPSI0214i-eiwy_1,1.0,0.8841300049001334,0.18984083220015574,6.323727924899206,0.0917671954451653,0.22348661277288906,0.07007406776835653,0.48238980651180197,0.09716141202144214,0.5207613080691244,0.09299339380184164,-0.09946795225707765,0.06715928792049228,1.7999415922763977,0.05900536165092627,-0.29849760412803206,0.0746533281249083,0.6451522476036875,0.06629370503748375,1.1297652270507819,0.07033355944198492
HPSI0214i-feec_2,2.0,-2.1565163115839154,0.2373002200712931,-3.2534354542432817,0.10161430249238394,3.626738314050173,0.2676232395027696,-1.0463818654157293,0.13137033882536625,-0.20931415833050215,0.14387621549660778,-0.25980775045146415,0.07459057726342297,-2.032819830412423,0.08425845647610038,0.37443945124378425,0.08205541727374914,0.3903093539591961,0.08214363516437856,1.1124450739219656,0.08180039771839719
HPSI0214i-giju_3,1.0,1.6433132172242324,0.23720976123746393,1.9233513455520235,0.09051169211922253,-1.2255446478019842,0.0705276669569157,1.4702263264073963,0.1381854221134724,0.9152347007339021,0.12102786544060685,2.6747385211468373,0.07441485821811318,2.465723732030236,0.06483466143974222,0.8939012146960728,0.07241895387705122,1.1979833433719675,0.07595239297005406,-0.3611730202157328,0.08618286385676888
HPSI0214i-heth_1,1.0,-1.7186484405014375,0.180498946586754,-3.5539803427696905,0.09168997618250715,0.7975456642530782,0.19209634546670187,-0.5929384096060951,0.12023653431823068,-0.7749238058829325,0.13193170810555255,0.12839094070527018,0.11103015693966181,-0.029340014635330192,0.06988790918722466,-0.02690031990232914,0.06619799158419991,0.20044056147819495,0.08018874731464327,-0.28706276412784915,0.0642772242617874
HPSI0214i-pelm_3,2.0,0.7946846560568869,0.10750437046764813,3.492711865759962,0.05522249517122301,0.40478370192905694,0.055605914760691356,2.36749427967249,0.06945716922827909,-0.32442806444319217,0.05441967517599302,-1.2429014029202503,0.03996759549268425,0.18889053126848343,0.04284475807452286,-1.5372058796823032,0.03945710166086458,-1.1662698443637403,0.0360901577563996,-0.24350543903767463,0.0396182510147713
HPSI0214i-poih_2,1.0,0.41704101289397916,0.09509687382692773,2.1197103914808224,0.04557585909557389,-0.599633280889041,0.028476428481956015,0.35581348944526536,0.0548562401191245,-0.946211321499058,0.043486719040806594,-0.3759466747621346,0.03037352817046236,0.22410278548331725,0.03302143721184377,0.21891476546812386,0.03303384693615623,-0.3061567248274181,0.030182658396497,0.06873031526574,0.03142841888029218
HPSI0214i-rayr_1,1.0,1.240291316760166,0.30539447558491595,6.341784988854474,0.16953575619897096,1.8481609216000978,0.1405881532938157,2.6007105177553935,0.17476570270760747,1.2426795307415521,0.14923088919222383,-1.7208230629169683,0.10699792310450293,-1.8439319162684469,0.12742147196260228,-3.018484658733252,0.11244056257722596,-0.8072713108579386,0.1000928063089527,-0.36978001110599057,0.0994471589645382
HPSI0215i-deyz_2,1.0,1.046067743851452,0.18303165185847853,1.9344499458269606,0.0706352404141646,-1.1840725044123588,0.05285900118829549,1.172243508133273,0.1036094008497851,0.14873676995967788,0.09074574721808616,3.2627697200584533,0.057334134983167,3.5201327346301374,0.046006353991697065,1.1548013304851716,0.05764111296441189,1.5734434954497514,0.06064180087148105,-1.2519910566541144,0.06427725710282049
HPSI0215i-fawm_2,1.0,0.5992544804849134,0.21118832306690338,2.243714255638355,0.07995880600582012,-1.105233759996939,0.05742501076927021,1.463335094426081,0.12322454080295767,-0.32409634654056424,0.10786322695021548,2.391908446694523,0.06444943268163873,2.1078310936216638,0.04400780668693436,-0.19701411754934672,0.05785139394348657,2.007852499396521,0.06102776258509418,-0.819439153840899,0.0799693275066132
HPSI0215i-hipn_1,2.0,-0.16466500525601593,0.2502650142434236,1.7887318608894076,0.12282619187307925,0.06410510458717245,0.13971181091690102,-0.3521033873157614,0.11324945112863258,-0.8542364002729175,0.1274925317272902,-1.9051780075435678,0.10093188499729155,-0.9095831117374676,0.11063530170795208,0.17394701401829182,0.09636700873303213,-0.9342567523775764,0.0847352850459676,0.4745389925158272,0.07199315364381959
HPSI0215i-oilg_1,1.0,-0.5734629902986546,0.14272641282866544,-4.493338229429936,0.06075415726259445,0.7425730361860216,0.13812608241839647,-0.13762270954564745,0.09472614874248446,0.8515889041473091,0.09012537554114528,1.2189115167657854,0.046197021977697456,-2.4157702654383053,0.04919870220944251,-0.018810700232589503,0.05066486631046777,0.42723386113736767,0.0629298827391274,0.16993843785739965,0.05300710086935696
HPSI0215i-romx_1,1.0,-1.5295394981010504,0.12585987113667638,-5.03695271880122,0.0566890027226029,-0.31541511102252384,0.1284702251955922,-1.7093661167159118,0.08633119344556503,0.14001521515087723,0.07848818033415737,1.2567178129367889,0.04965785181919774,-1.4341719481781758,0.04827106511278108,-0.36276038273461575,0.04700481989430848,0.649123111768413,0.05358407089102875,1.0191248929884986,0.04741439512424059
HPSI0215i-uiao_2,1.0,-2.0972785428340126,0.5171570241117964,4.0449730047394326,0.3584317591399634,0.8952220484080082,0.5642656053127763,-0.03268393386115084,0.31382237048065553,-0.501082152832407,0.3357260209175519,-0.5957488019201477,0.2011012134263014,-0.5546075152874865,0.24258803889317887,0.3628307173701099,0.23567370008582156,1.1361581559486746,0.21074813362410835,0.09747151237669362,0.18569400378128645
HPSI0215i-yoch_6,1.0,-1.2817376031667473,0.12598584068731603,-5.275414326922681,0.054314953693823075,-0.2702476479413002,0.10915656135636682,-1.468715629587785,0.0923396814954478,-0.10694477289074819,0.08486386107505364,-0.2345821545457807,0.06745095697092118,-1.4999883027170782,0.04336587281440974,-0.3643458889167626,0.04966991367435838,0.29457047469060155,0.057695449898677836,0.24527839207517393,0.04721088507142894
HPSI0215i-zett_5,2.0,1.802543235582635,0.09188870566372778,-0.1499125162850628,0.03650972542283419,-2.5417596930438306,0.028042876537230244,-0.17555020262709917,0.06227681964504459,1.790432219882912,0.049059678577927854,2.4666345126149425,0.031655274183913916,3.0229826066210235,0.023340409620390287,0.3563135986539687,0.032787876134861726,-0.4853393098405785,0.03350792305401613,-0.28530775436426736,0.03451085509710912
HPSI0314i-bubh_3,1.0,-0.7865496663766969,0.12715985502368607,-1.7290454805228217,0.06390164606737535,-0.4152152926126237,0.11905249498525244,-0.4084242079069397,0.08598619400669603,1.146206849365521,0.0814866208077452,2.7965281272988833,0.04938791726830203,0.061592064277508206,0.047453596216293,0.3727217398938189,0.04978997591421367,0.3361728807768197,0.05504891344483846,-0.7523272268376637,0.05111455490243084
HPSI0314i-cuhk_2,1.0,0.30024410721785205,0.23838399025944265,-1.4704187069908647,0.11650485925491853,1.0875736014339472,0.2152071724372657,0.7200949428906499,0.14310381205671233,1.462703675054901,0.14090296684491413,2.2429420608463038,0.07134692542220228,-0.6239132333283404,0.08862092756151999,0.8279887675122244,0.07316100933397449,2.0282244427283955,0.08647131512612136,0.7316919033817157,0.07885018235186146
HPSI0314i-hoik_1,1.0,0.871317137777401,0.20449381164619473,-1.9478357074606198,0.09034471698527187,-1.3105361643741291,0.12952190553776502,-0.5575584780339763,0.13299761898367168,1.7709985671216384,0.12175555341242393,1.9673808023166655,0.0707030113823654,0.3275780930480786,0.0624025001033028,0.4428787242313874,0.07047638080106285,-0.17842784226370517,0.07655087041848907,-0.26565326822407453,0.07334820110313298
HPSI0314i-qaqx_1,2.0,2.3572720590841634,0.2932758764269397,6.024431278253517,0.19470828043838248,1.7461085419546323,0.15508736117037594,1.0287451966897887,0.14955800037723027,1.036032570192651,0.16665658632307356,-6.27275229421369,0.18873520651199147,-1.2079903389187392,0.1420779796769796,14.230401215539022,0.31374031840070965,7.348212726479405,0.20786650749998903,1.6218322229153534,0.10888568666785126
HPSI0314i-sojd_3,2.0,-2.2259670169017713,0.15882106164742615,-0.97917728855812,0.08582064811906062,1.0362092892399553,0.13776409706368678,0.3726427219199394,0.11632101385459036,-0.6948045062140874,0.10578721877692455,-0.25467117373534964,0.0610891551930682,-0.6071780892522661,0.05957702157871481,-0.1802817620231219,0.05792575359066602,0.37472706814728973,0.06541492395291615,0.2510579486244353,0.06787660907183644
HPSI0314i-uict_1,1.0,0.4455230230703001,0.29621417676917644,0.1952329207973463,0.14545288362345105,-0.7680627897064398,0.0903283177998891,0.524605795220904,0.2136932622030756,-1.5192145573476248,0.18844263446129003,-2.343427104195557,0.16261698137185782,1.7004656399416676,0.08118781118010018,0.18863996042441114,0.09690250814042836,-1.7155184982242282,0.10333656718764286,0.46713980809466943,0.11148252227241544
HPSI0314i-xagu_1,1.0,-0.35194266552806663,0.3681724709721616,-0.6572615740158024,0.20386175665297943,-0.8102120646058486,0.10299288327062281,0.2301259732205103,0.2147844644368645,-1.9413505721772157,0.2785028305902688,-3.6919669766271728,0.25168147240399596,1.7260570748958723,0.10786258612520555,0.005284689851807862,0.12969833514456663,-2.378878501049748,0.13357406131788,0.4778452240386744,0.12452411786966772
HPSI0314i-xugn_2,1.0,-2.360451981287552,0.13256331784489736,-5.3204531258594105,0.05431686135846909,1.2742937024935324,0.18342048334395678,-2.8905963804597503,0.10292438462803853,0.9737972752134557,0.09039165528674899,0.7874332922380021,0.0562373888505849,-1.2785027100024597,0.05666153397974494,-0.18965825127675268,0.05730861506123468,0.41087921809831024,0.06155108951175975,1.4739026345197985,0.059697063770622553
HPSI0414i-ceik_1,1.0,0.0976647482882667,0.3349105292383564,-1.86882324841716,0.14750475044477634,-0.2354723822213814,0.2357358767001119,-1.0635286183788275,0.18817316363114847,1.3501395451219325,0.20779115271406154,1.25741428911082,0.11575340649403469,-0.8890235350071246,0.09117492378475572,1.0032128413388313,0.11048891254554041,1.0672488734956231,0.10984215737747789,1.0601860946462158,0.10917267372434494
HPSI0414i-gesg_2,1.0,-1.4333820496801544,0.18850412565956834,-4.460239603188019,0.09860071555841729,-0.10280868414237368,0.17791702103613732,1.508202007459318,0.1684903873346651,-0.2532581529224601,0.13528897652169294,1.0418317038326197,0.07069143780977188,-2.475810593912419,0.0708031773754204,-0.3328346158318945,0.07359999954849815,1.08214033148986,0.10248155956132611,-0.17383352417796497,0.07883470865582162
HPSI0414i-mita_1,1.0,-1.568391378760602,0.05067647422304172,-6.58452878331927,0.02110587521557305,0.004468544666617179,0.04719858768691034,-0.2752020178877479,0.038249644881296146,-0.835980140409033,0.03468845899561321,-0.004813497068264473,0.02480162830052725,-2.7324221111432023,0.017988912069545195,-0.5730457437579395,0.020060368382403364,0.2616778637658793,0.025096294237042408,-0.25296027530638215,0.02125496804901853
HPSI0414i-oaqd_2,1.0,-2.63093760261739,0.16087849238777144,-5.849132096850129,0.06028216753249585,1.557738687568489,0.22920258999270487,-2.597997432013501,0.10448583696783273,0.2710653694208905,0.1102588986664031,0.6841247565773562,0.062409914992584914,-1.303379167574095,0.06930455933372595,-0.6168528845596195,0.0583386700950923,0.6107493938536539,0.06643875107231043,1.2109128977553567,0.06328849312465261
HPSI0414i-sebn_3,1.0,0.14808150377822032,0.20576358799709246,1.883776607873347,0.09010524798041307,-0.32362553117164394,0.06108815715351963,3.5598677064203317,0.1284576093336378,-1.752288786773119,0.10426526144399342,-1.1585736371846653,0.0744688604616655,1.0821049140037686,0.06082180209193207,-0.9264674938075689,0.06738661684755548,-0.9011683503623725,0.06984437277565528,-0.4857398411917611,0.07551152037289167
HPSI0414i-uawq_2,1.0,1.8233945859805911,0.18039429283087383,-1.649317919454542,0.06923850494692035,-2.5475123644584583,0.057313547524,-0.5273546218649396,0.11377943579712582,1.300407101033972,0.09005840731715124,2.132287535091995,0.0643768432662756,1.9756725142838505,0.04765936330820664,0.10584912542839572,0.06263205301379436,-0.5004445135237773,0.06471975798666199,0.3661631997441656,0.0641530345203584
HPSI0414i-xojn_3,2.0,0.5810538112430337,0.3221219881337378,2.4432887799534346,0.1489311033159749,-0.9487938018714183,0.1559829481771351,-0.2750297639208806,0.20507164295644467,0.6510339776420108,0.15904519383758528,0.9596436111544326,0.12027591027247374,0.9139883584526011,0.12986124903726043,0.24322279962142687,0.10991856956485833,0.14089812934802512,0.10198863342610916,0.12742862060558516,0.10739169445353168
HPSI0513i-dipe_1,1.0,3.238324321131941,0.29369446087955525,11.246309751378462,0.26620611464695404,3.538000107805131,0.13087532967449889,1.966570608950532,0.2017437117589229,3.2891446653764125,0.20070392569140633,-9.871736893440216,0.23394841743263678,-3.1318030127723975,0.14909292682325714,27.882980393885834,0.4475228607164437,16.09695378094337,0.2940542179354968,1.4978608281037957,0.15620774005830373
HPSI0513i-fejf_2,1.0,3.3233468703089146,0.3415366806527879,9.49615746232132,0.27064650297128157,7.827525095926981,0.34802292123254475,0.46855307965989546,0.1622320234181756,4.605953800247128,0.20071395435560352,-10.823024271635996,0.1905301202439789,-7.042726890777795,0.15866238505363833,27.598911147574903,0.38127460797436663,15.61856730862257,0.240017069333082,3.199465419072296,0.1296180166008883
HPSI0513i-giuf_1,1.0,4.7990278022544794,0.4268418848377124,12.588318106350872,0.3166577210811553,4.196729296108038,0.17692239582779865,1.5849293272019906,0.26143082116672417,4.126388380312629,0.2691583073909873,-10.088789421875864,0.28183447294013086,-5.013860826739379,0.24471508735385383,27.518542511170736,0.5292537015190664,16.40524418835596,0.3583974888903551,2.3163360536673667,0.1805448683314026
HPSI0513i-momt_2,1.0,5.797575181186832,0.21054274505685508,12.210553934359174,0.1552904988403873,4.535726411521922,0.0871432700266425,1.9950277738508495,0.10433146209146806,4.564060732202991,0.12055441416860281,-10.693709220247724,0.12957836300871792,-6.561938401760575,0.10247025181626514,27.507446360512787,0.2489028383142748,15.005050284924131,0.16088042996602464,1.331070437077191,0.08019387230403277
HPSI0513i-oibg_1,1.0,1.556839432193373,0.3690173213482617,8.396353992241025,0.27896840228900643,9.949814798520825,0.5146882482311224,0.25284089017494565,0.19447481786716714,4.834350414153652,0.24668459875010507,-10.888006616921112,0.21420901986947952,-6.001182845037761,0.18858841100602328,28.14049453834139,0.44657467777532756,16.246751626546764,0.29728081195717954,3.524484527485703,0.1505273298756429
HPSI0513i-sucd_3,1.0,5.318413210954283,0.2980573492573985,13.341128112551784,0.20868388207190988,4.974128544736673,0.1418604372591756,1.7982944092178237,0.12485142703661457,4.331615134769692,0.18397902806039096,-8.051490064179582,0.183116815752304,-4.908354414808629,0.13363439800063792,27.15662923285799,0.36185285755531904,17.392095593667623,0.24417602382196194,1.5999682886514734,0.09982951122751112
HPSI0513i-uoxz_4,1.0,5.16318302564547,0.2349913351158051,13.022288584256435,0.1594451812526059,4.56137694902479,0.1039069944405395,2.4090262888676057,0.11796544353062544,4.143858741496457,0.13508936967813928,-9.588545358880122,0.1496985541078618,-4.293464674175744,0.11385761089300417,28.100343402792802,0.2826728579401019,16.93390171672326,0.1830481758210941,0.9545813659200659,0.0947192976556633
HPSI0513i-veve_2,1.0,5.069381895488443,0.22076225068407768,12.711792711170247,0.1534239689496617,5.787362618171429,0.1198455897893673,1.6666487373738632,0.093715768902529,5.249278196512362,0.13276869893105817,-8.878796525080597,0.13784709603145626,-6.700133209373671,0.10318344496120685,27.875305622083037,0.263595394765691,17.597130510640078,0.17260994255578424,1.668499379317468,0.07842811406268907
HPSI0514i-fiaj_1,2.0,-1.646370916082764,0.08627094351560026,-2.1404770752968902,0.04101919456626823,2.7935520867726407,0.10688672728899722,-0.45076908955095946,0.0544944507354739,0.2956366043392033,0.05501551444540207,-0.05739062476706658,0.028037070835355248,-2.1836721803384576,0.03399084797562289,0.3477879256989175,0.027372857829363675,0.7807365979838304,0.030684913204780794,1.5969088701527627,0.03337344434096135
HPSI0514i-lako_1,2.0,0.8601006399969993,0.17295628653107512,4.7540702209516175,0.0793438806808311,0.11962714550923015,0.06273029092701375,2.377920273282193,0.09592113305268657,0.13779763951137414,0.09069402628520376,1.4125853530308294,0.06047651306966151,2.16529760067642,0.056143822626588465,-1.154279543374127,0.060412651514029046,0.9135668313859716,0.059055150455336824,-1.7673923825593962,0.056650480299550665
HPSI0514i-naah_2,1.0,-0.914284834482451,0.7419760727654747,5.95952038533555,0.2914393402416739,-0.09418377502086582,0.25237748226312473,-0.9405318392652087,0.2653569145242782,0.22325516279118096,0.40916266380161714,-0.8246256733029754,0.24107182766503382,-1.911545794150003,0.2813986923736387,-0.039541736857527265,0.25289942616497935,0.5194286419924871,0.2977029942960716,0.5576012874938167,0.20775793129557782
HPSI0514i-oekw_2,1.0,-0.10580125469769484,0.2026349493994448,-3.7083000937445862,0.08498289765262734,-1.5359447065720992,0.1113641145427568,-1.6236132532140595,0.14333371147800225,0.9489193237099135,0.1131697582158111,1.2999002573252252,0.07605254343084403,-0.6001083769504102,0.06342275669166568,-0.15810796435086494,0.07246149440526307,0.10098767541931424,0.0803793372752477,1.170020298761988,0.0780867295512394
HPSI0514i-oupf_6,1.0,3.058061039274119,0.1697608747506093,-0.07121212557085843,0.06725312137304511,-2.079304690537937,0.053303671043289355,0.8456294226184965,0.11030765597645287,2.118198190501798,0.09198877030945733,1.5518066331992009,0.05321866274642433,1.1141469811517273,0.043050317277275596,0.26322863024688015,0.05557447657769618,-1.1929264444142824,0.055253457293433665,0.26651486514196815,0.06818326563938609
HPSI0514i-qihv_1,1.0,-0.6290318121526052,0.16780708056324398,-2.298936278936019,0.09814120117535774,-0.32021049093118986,0.12411742309976286,-0.6211573615320286,0.11497866098379649,-0.7427716303237651,0.1161136537144095,-1.3506465558467398,0.10466034473267787,0.7645234101337697,0.06716995212885378,0.006503347962157333,0.055625190214666075,-0.9977392048708298,0.0647729323275254,0.3954229972226188,0.05905831330350813
HPSI0514i-rutc_2,1.0,0.03274379466484038,0.4816965141288355,6.515114202339383,0.22053946845544714,-0.6822509623289306,0.1396812994684532,1.2608899663606243,0.305666842752686,-1.1202035000170365,0.23337468677608864,0.41155477249977906,0.16741400709913262,1.9722597518210025,0.1776211648434763,1.0106538921514454,0.18587347809925142,0.9956605172901296,0.16029439239740778,-0.5198476873881345,0.1571620688572469
HPSI0514i-sohd_2,1.0,-0.15417023029183172,0.6704606135229481,5.689056791045839,0.3005181351263372,-0.05238558440026433,0.19677273555346428,0.04082520439371408,0.311790693679696,-0.24516710407618494,0.35077055622085146,-0.8316949735362072,0.23638851799592459,-0.8150730860837101,0.27830870145044656,0.314341576026534,0.257739330977486,0.3793540025942956,0.2545465663832514,0.12415695200267327,0.20279299468204415
HPSI0514i-suul_1,1.0,-0.9851281336566158,0.23078011084782618,0.21407820316333784,0.12193071213043266,-1.0010889615107474,0.0668417292158469,1.2700110889351213,0.1487203770694566,-3.3672939226685425,0.14308051853597137,-2.439586526830133,0.14353269098138907,2.729441979796371,0.06134497520511515,0.22086585992639796,0.07371721726057415,-1.9847982464118665,0.08095342353436513,0.11442392723351114,0.0725229576369068
HPSI0514i-tert_1,1.0,0.9180724065732152,0.15472076849221436,-0.9433898344869834,0.07453785189534677,-1.2249750871010554,0.0571645006412419,0.20787824353289927,0.08694098772625283,-0.3967591977751571,0.09774524721917734,-0.9268381179265922,0.0912030287876502,-0.01962254083199658,0.04485420009777374,-0.11390578361541966,0.05147888401191653,-1.557742026823271,0.05472827062962913,0.04987034949550097,0.048053988800850725
HPSI0514i-uenn_3,2.0,-0.9382030729675664,0.25836933375256915,2.205649963506781,0.15708405855576507,2.6222860934955934,0.2722724467403378,2.5102257635755496,0.1678385921978788,-0.36150322497323384,0.15544539671083807,-1.4617539539052409,0.09961708453416056,-0.607568998153751,0.10577398731810507,-1.5335751283417893,0.10060253797391767,-1.2686186600125038,0.0952042249084093,-0.42752937436261507,0.09713676969949371
HPSI0514i-wiii_3,2.0,-1.8917285407523399,0.30566375970781023,-1.7740155080996196,0.1884890476797482,4.7151061725702865,0.6022824380221785,-1.1223920704997288,0.15894988465679627,1.5737517642693242,0.2523644177812762,-0.2662554003408445,0.11786104051565297,0.19288794017564065,0.1673970415447729,0.1310010427026588,0.12705482285421965,0.6450381073437138,0.10094848430220031,-0.024246835049994975,0.12412802788158554
HPSI0514i-yewo_4,1.0,0.6402078842666034,0.7539225712989021,6.64812573019977,0.3144951982970658,0.7842344605018011,0.2777979818901715,2.1103014926900014,0.30667863246289706,-1.8990281048669861,0.2918996926467171,-0.4790433699433687,0.19826835166996964,-0.9954903160044085,0.23712455153079506,0.40578356922529807,0.24359150140679356,0.3522260582312674,0.20422246546004083,-0.8851764967492438,0.17272768449018133
HPSI0613i-aevs_1,1.0,2.206902516809893,0.2170784905038177,8.242087320515946,0.1705967182313496,8.997279552185734,0.27513620800670446,0.0033629994088927094,0.09960777582233538,4.349158378268245,0.1360408967004828,-11.473794277548887,0.13014300116557792,-7.307311509523565,0.10905736660983227,27.88676075577472,0.2554259024818002,15.787401521233734,0.16454039080632962,4.0507756873513445,0.08035622124865213
HPSI0613i-bawa_1,1.0,6.58965951853816,0.2803764993630835,13.478252549043848,0.15819885660724212,4.2966588787626705,0.1162318479423692,1.6472552410388877,0.12856136624531558,4.520253518650135,0.15834182512479605,-10.021736821953018,0.16101590334044366,-4.039675633644594,0.12658935838365856,28.975824664558328,0.3189282129830202,16.788656781233446,0.21396947777041142,0.9903969697039064,0.10486842910392431
HPSI0613i-bohf_1,1.0,4.334706063045954,0.2068797857099868,10.894741114349564,0.14282115805661447,4.380370512313591,0.08516638749175334,2.375431158076123,0.11277653264054531,3.8334801319924856,0.12086477259110463,-9.53326856234077,0.14077780722969763,-5.900572958717117,0.09213554807645459,27.600598694799597,0.2680815609518146,16.77981772024732,0.17478952548564872,2.853775191075158,0.08318292323907507
HPSI0613i-eojr_2,1.0,4.329697650891128,0.5344950372619028,12.95083181198813,0.41989124006823864,4.508164827745826,0.25716179117377663,1.2321093978439048,0.30400905685760854,4.603746387735854,0.36574635174166054,-10.60687746318348,0.4047003407091448,-6.726784003700185,0.320932227730389,28.69795384072106,0.8001515830695495,16.857608825587512,0.5324806453844106,2.6569157281541176,0.23050226204654595
HPSI0613i-hegp_3,1.0,4.426800815567033,0.41375385358345584,11.318382058567868,0.33690518752668963,3.742247572320573,0.20592454596580334,1.3626010496040022,0.26255444783548487,4.107609123160762,0.25938814512079744,-10.276525077200663,0.2987219793787776,-3.831153465916896,0.20626686010153814,28.93155415056314,0.5686902810991793,15.775900818905718,0.3790460742564034,2.2899318267900024,0.18105060889689878
HPSI0613i-hikj_2,1.0,4.820628903921723,0.42806335927883626,10.980761079055071,0.2929913013018269,4.181494497922253,0.22056725905560925,1.9705527786442072,0.22266480932382532,3.5030892746237843,0.22689007665382782,-10.16841307633396,0.2503192365297408,-5.773685521460003,0.20416560290399563,26.817683352431075,0.5260041547708345,15.527663166079115,0.3235574759217317,2.712236598096196,0.172791353282822
HPSI0613i-lizq_3,1.0,3.911002124324478,0.2762530943560415,11.685855277181911,0.20429719103192256,3.3952685720695515,0.11439706706869064,0.6706982278447671,0.1321722133845454,3.3098340103492916,0.15190905128515725,-9.33239800082303,0.18815542509669553,-3.2277269960551127,0.11722573141550409,28.544143028154288,0.3736518765872984,16.13666896409926,0.23881420450221189,1.8146155125469743,0.10804202688138981
HPSI0614i-juzt_4,1.0,-1.8664480035958089,0.47257075860960523,2.3551885390900607,0.307598078245809,2.2493764532534297,0.5422571484272687,-0.32079477250506494,0.2612192636709841,-0.5095695778745386,0.29710959820921923,-1.7226960605844142,0.17510133204595119,-2.083469181845772,0.24507875976187404,-0.07555530011182893,0.1860615225287342,0.7348279638109827,0.1732859451476439,0.23593944788012758,0.16164175328097297
HPSI0614i-liqa_1,1.0,-0.4254535555289452,0.11665784137412714,7.461362107945842,0.05949065375893773,0.3154806868141608,0.04502570286050834,-0.11620046870388982,0.05859668594379486,-0.004523598253451329,0.057400057847031866,0.27520077963038003,0.044246266359080744,1.728547612164819,0.04077845429491508,-0.876996371350423,0.04869029415660018,1.1738766921763013,0.04305691064833103,0.7478299940953573,0.0387298912713918
HPSI0614i-lirf_5,1.0,-1.8833956482756724,0.17139095625275763,-1.4874896193079525,0.08496881645107453,2.904802955966479,0.19554308307605578,-1.2481320382375338,0.099394933398877,-0.3876068240982477,0.1008835651400566,-0.8679946681772889,0.055658198998418194,-2.6905515290568216,0.06865571098800483,-0.2917712263666895,0.060157556817927,0.15030068728374665,0.05994633803799416,1.3207521487526557,0.06411854788208249
HPSI0614i-miaj_4,1.0,-2.3988309104731913,0.10427487136072545,-5.854468504972785,0.05127459851479849,0.02602489087644568,0.11015614546986179,-0.33607705800675797,0.09749345201499977,-0.8548408709345626,0.07487330383978201,1.0973223911543348,0.044061144246240136,-1.5165706527277487,0.04131204014619079,-0.5758075781113927,0.041605128765139714,1.5915340725416351,0.05980814843614356,0.31803390757197814,0.05138615824101011
HPSI0614i-oicx_2,1.0,0.812012182990578,0.623617990594047,2.545828653472719,0.2929070567509398,-0.9740596932358381,0.18453001094112262,-0.8839738695962964,0.304728085808352,0.39662681638995556,0.31735895444324,-0.2157108629165846,0.19765075242727545,0.1509906942148471,0.21549769115120476,-0.13317611817337446,0.23131738905632618,-0.4795161219119627,0.20262381119414274,0.9719624318852661,0.17162994929100986
HPSI0614i-puhk_2,1.0,-0.7831352163644466,0.11919048697102662,-3.3267457977034787,0.05412107210583307,2.2514196761158756,0.16075593529953303,-0.9462934088327217,0.07792612004120109,1.920019428411407,0.07843675541257862,1.1267456199372994,0.03872106821509946,-0.5297898891941695,0.04459466086431687,0.17747954166956367,0.04177467181449151,-0.2294448265221769,0.045656617406811636,0.6190463590080605,0.04241514812211788
HPSI0614i-qunz_2,1.0,1.6963498309895053,0.3403703928416103,-1.1613946234643306,0.16218637148608067,-2.3673135012807895,0.1009421063305367,0.8277858641079695,0.31760694956466745,1.8302427025171324,0.18225423105375213,2.606973812906437,0.14771291370123218,1.9542606864922463,0.10401232840683274,0.35858909946373524,0.1361858880594118,-0.32160989726990885,0.1425454603754743,0.35252348203284606,0.18836203385136976
HPSI0614i-uevq_6,1.0,-1.7678016123827747,0.1872800821842484,1.546895357277684,0.12820662632621804,4.07572673686386,0.2690770709556588,0.31443645956259797,0.12103750917819878,0.5295185801927295,0.13158454543423073,-1.8486697461335428,0.07337824853024905,-1.0947164967899095,0.09814494044739595,-1.8401113154728124,0.07377152013204744,-1.2047020391441061,0.07413595316382417,-0.09735157014062121,0.07354933444274402
HPSI0614i-voce_1,1.0,-0.9454592937978438,0.13885803103574373,-2.5446323968164846,0.0785794344644036,-0.39516366082887594,0.09050797813010585,-0.14003676935968104,0.09056971971169049,-1.3014154249283518,0.09235846123177102,-0.8563708348395535,0.08920457524841133,-0.8817365451056733,0.047971577575907844,-0.07945054395772728,0.048745665945366,-0.7299897155466374,0.05711887471534647,0.3039293698164928,0.048473329239069995
HPSI0614i-wihj_4,1.0,0.8928942357735778,0.4482901309332764,5.423590126006034,0.212791169208494,0.501201722887335,0.1963165739899403,0.4334514361817479,0.2306994971852127,-0.07024828206554128,0.21713088980992046,-0.8382572610855634,0.15473117834017286,-0.3802965288869404,0.16394475930290048,0.7260383749556726,0.17280982058298608,0.39645697935691987,0.1413708640311717,-0.11557608753879665,0.13899417441461948
HPSI0714i-burb_1,2.0,-0.5563456636686637,0.15555575835723148,-0.6412970460014852,0.07395641025035117,0.5553776550352099,0.11866390716304344,-0.5045751167079111,0.10022369941081168,-0.37496590776968486,0.08753556891367606,0.5709372856076896,0.047638668909337586,-1.4653024926140938,0.05138045555734765,0.13296797048361692,0.04953928020799533,0.9198579685248429,0.05747443847531268,1.1771357225389496,0.054709988508482015
HPSI0714i-iudw_1,1.0,0.35710414337088786,0.14085276156954024,5.746221424084355,0.06628579739058182,0.3051677385228306,0.06991478793153096,-1.201765924848098,0.06105924186331198,0.29677379296027395,0.06863866289352563,-0.28723575277054086,0.04866772895299151,1.2713934553089257,0.04073496179239864,-0.5024904161369987,0.0542337977142419,0.340375654013749,0.0463532019154078,1.1377086286820777,0.041664215302287776
HPSI0714i-keui_4,1.0,-2.566606550616248,0.3943057045354612,-0.6907542776034921,0.19794868382703518,4.903731283117268,0.5622022675822487,-1.5274265907737548,0.1815759345087367,-0.007327602159342788,0.26759717120098353,-1.882065618614081,0.1264999520776628,-1.6950249839250182,0.18706464679137766,1.0630964556634237,0.14883431670009106,0.5455072978232882,0.14550145324592578,0.3317924896351517,0.13666358558089525
HPSI0714i-kute_5,1.0,2.4733286475416247,1.1146502767041744,0.7284308815160578,0.45663511164994935,-0.30519657862639693,0.6266838405682867,0.23690729257009893,0.5934659810607048,0.24538485354061565,0.5441357023067392,-0.44373224200861205,0.3266924884658143,0.258237450858393,0.31272163501007844,-0.699138210439795,0.2830236824541149,-0.13493292254676176,0.26772463504996163,0.6052869826440772,0.3668686036094359
HPSI0714i-oatm_1,1.0,-0.027184360398299776,0.21618229433091943,-3.1995842845045073,0.10917559917849042,0.9287620831495733,0.20658385593236733,-0.10020777634868056,0.14812027826485824,-0.1710134546005343,0.14004350624853265,-0.822702001078323,0.10585745912626518,-1.064789394593844,0.07648596890303971,-0.620113619771683,0.06380776935667974,-0.5818702727475497,0.08137039308620057,0.5729055134807002,0.07343648082923285
HPSI0714i-pipw_4,1.0,0.6632780082590429,0.11122106854852067,1.3410387062209723,0.04925662158849974,-0.496622068598602,0.03552087271208077,2.708943052874822,0.07047557959987223,-0.5508323233592983,0.057881882416392715,-1.1498019939224686,0.041259204233542734,0.08306148784141186,0.031368490957675646,-0.726508637047105,0.038592745935111326,-1.810544890248478,0.038093807480224846,0.002484370644832789,0.040933561805009504
HPSI0715i-aowh_2,1.0,0.9045140443761069,0.148883289919087,-1.969269838126006,0.06469403969157216,-2.4634891437030033,0.06585244348086443,-0.9268880149669306,0.09908694065217542,0.9904011265935582,0.07937961335264146,1.827236452702913,0.055145339063925276,1.403268289454253,0.041600511486694566,0.188632827153792,0.056432100836162374,-0.46735057223354115,0.05845048378797113,0.8122854238952442,0.05221114124095107
HPSI0715i-meue_5,2.0,0.23642200592916301,0.16099859720932902,3.5671645236669995,0.08226424646440729,0.6898755778932526,0.07718214605745566,3.152669007858033,0.1040080610269959,-0.9106344472240658,0.08236797008557531,-1.67072187557379,0.056668447339234936,-0.4224533940713268,0.056430903789781994,-2.052355826401418,0.05554624063436262,-1.202707320471946,0.05356681570772382,-0.5855168290397845,0.06296360716923867
HPSI0715i-zaie_5,1.0,1.932615443648393,0.1753087088763732,-0.13247884365432402,0.07149824809509361,-2.0594151753639287,0.05210394533825388,0.6168769236223549,0.11921762063845885,0.8351855514598201,0.0872473628843009,2.405886169785461,0.06170609683533972,2.337364860860594,0.046875669720659284,-0.22881922516787606,0.0624657637631573,-0.3307744118447313,0.06595699969615582,-0.737396515828183,0.07253783263864037
HPSI0814i-bokz_6,1.0,1.689269869949336,0.4579808163707806,1.8100564521650988,0.16948990648193185,-1.1699373516058518,0.1307698639921144,1.7802265830463768,0.33550929726048306,0.6026187368832506,0.24215181548047598,1.6825953233796114,0.14899848220469722,0.31101527470840035,0.13317543219470163,-0.12359029699888992,0.12890901495989837,1.371893319947625,0.1444060887594992,0.4949073264583889,0.19610260287290543
HPSI0814i-siqu_4,1.0,-0.4691989912936145,0.396522122794983,5.4137834752875325,0.19556547159289459,-0.11438360429779434,0.15622364832237734,-0.2293113562229205,0.24897327068435127,-0.163787566126128,0.20894501517494643,-0.30575660516362313,0.14895102087580855,0.38243469475252534,0.16128765806399006,0.806107355159582,0.1606593834682442,0.3911108803466826,0.1404634383129107,0.03307930233269624,0.1491363671735096
HPSI0913i-eika_2,1.0,0.9382487686130427,0.47945205139243646,-0.6589138386223508,0.19400074214290094,-1.9432625450719359,0.1389204294741733,0.3831963957394493,0.45193474324687577,2.072548517423331,0.28622549589276625,1.5073144679610033,0.18109362962137746,0.5183957126738657,0.12435439960899221,-0.044916765693536205,0.1729501715418193,-0.8021778379567704,0.16610256242332522,1.6108386375632548,0.2655866360502288
HPSI0914i-iezw_2,1.0,0.1507200015598476,0.3691238049604504,2.5627079417560523,0.13314313929509763,0.3015684259193018,0.12352233059711555,0.13822562605465002,0.16909327376855754,-0.9241948769133872,0.15963692897088383,2.0606161539427195,0.10869475076681799,1.9082386037587624,0.08758590219753064,0.1528491006204273,0.11005711363935296,1.8911013572868507,0.1286335567856126,-1.6717958486290017,0.10152926524604211
HPSI0914i-jejf_2,1.0,0.753769871391709,0.1480480310290867,2.8317516097685855,0.06579717680537775,-0.5318110938522056,0.05404967300642984,1.1466778257464092,0.08253158707667578,-0.3778702816088168,0.07313769202256959,1.457391279915547,0.05223197467418895,1.557714036298244,0.049396646042825766,0.5802122271367016,0.051831633207597406,0.4513770903561517,0.051788529996442824,-1.6901147870152184,0.0494977756144263
HPSI0914i-kajh_2,1.0,0.9768896794241344,0.34313555919682376,2.2066103515071225,0.14308065380675167,-0.7550520577855816,0.10497426839269891,0.6961519682404096,0.17492562563793715,-1.39514631505225,0.15598474679691807,1.223844293847959,0.1211335377054697,1.9777752084207245,0.10515854111447055,0.4765034808745182,0.1290105515174352,0.4397191643842485,0.10981610258256363,-1.50660626961545,0.1072152966149597
HPSI0914i-laey_6,2.0,0.19699961615619763,0.3381823499750169,1.4972366823466607,0.14085907352710475,-1.0340034663335147,0.0933519125132545,0.028010942624464963,0.16291101521816673,-1.6679665866003426,0.15612029056048246,0.060320671960789274,0.10496056061663901,2.3320874954867854,0.09797525959306576,0.05169142085875862,0.09166038883801413,-0.7699834998146733,0.091267211711162,-0.3454138527636481,0.09503237538775267
HPSI0914i-ouvb_2,2.0,1.6496467405025792,0.11738433222275917,-0.31361325738607304,0.04580436591847865,-2.2188548041725316,0.03410344295889038,-0.1761519318069549,0.06939911191882304,1.3562236167618122,0.059872902505406486,2.450284235787783,0.04074656627143177,2.248530689162629,0.027871375036525554,0.385424692914775,0.04020581183814518,-0.7097176860813157,0.04139929905619637,-0.689865935646796,0.04118466378906498
HPSI0914i-rejf_2,1.0,-1.27080577874723,0.18375695611825735,-3.232219088257191,0.08675666806668789,3.488726181553179,0.28991779588927125,-0.17179214685404867,0.13015174128488033,1.5278463296089964,0.12656031780934743,1.9566262810616886,0.06120331105212375,0.07490324866211313,0.08046891659257382,-0.13111322982947526,0.06162035946673959,0.4105898642215626,0.07541233609440211,-0.2710939104052467,0.06886878714476818
HPSI0914i-suop_5,1.0,1.2178959998104912,0.1961304841154035,6.072613392370607,0.08795517946528776,0.5383913312988057,0.06782064114823008,0.08775654415528877,0.08542470108638367,1.2705711956853125,0.09226285173020247,-0.5953935272689296,0.06963761051023136,-0.6271375439573187,0.05672622581690647,-0.992642883734969,0.07149480501600224,1.0214046627081301,0.06137477357422522,1.894547865327831,0.05863971090911434
HPSI0914i-vaka_5,1.0,0.49453813568483074,0.21802411480848594,1.0388273164372417,0.08784603593120281,-0.35719209356559,0.08137378479277092,1.8694182817411846,0.1336306159632394,-1.5112195446855323,0.10477614117719758,-1.4755901917371432,0.07262613937238975,1.5630311476733427,0.05960551393486,-0.7502098107492879,0.06486452695856379,-1.0289041271360722,0.06751171265682676,-0.11909526941818849,0.0728546795109691
HPSI0914i-yuvg_2,1.0,-0.47905145820051326,0.760569680174099,5.046398257481835,0.47963250174670624,0.07575957301867713,0.2513908879837176,-0.4244370614953923,0.31360270676837765,0.39788595104467156,0.4180335287000826,-1.7647382987101559,0.33747944024584026,-1.8775345171774442,0.3973179783813775,0.8346728743449863,0.3674405943695548,-0.01587952714826225,0.3124388792841532,0.20201205250929796,0.2261195800078475
HPSI0914i-zerv_7,2.0,1.5468484722521265,0.3759033823106235,1.6701252029864289,0.1526758734542315,-0.5821044572706138,0.17696754228680298,-0.3694875423368467,0.13997820319234866,0.8524872363620215,0.16899963222613973,0.081654586028445,0.11629813473017321,-0.009327798199889159,0.13132280844047411,0.2090660671378788,0.11407655798191899,-0.18936413564413376,0.10148076168325605,0.13284454342942392,0.10341061911070333
HPSI1013i-garx_2,1.0,2.32083339039423,0.19182702532674537,-0.38670235660381036,0.07692520464653439,-2.2206288512948955,0.05700091607632141,0.9763313501290632,0.11802722361042274,1.7138124770469343,0.10162645613813805,2.2333783293548497,0.06004827068157991,1.151510310779604,0.048856440974254976,0.19676737077006085,0.062496819041010565,-0.47746072425233366,0.06577159360172115,-0.27657836945463005,0.06511765460686274
HPSI1013i-hiaf_1,2.0,0.11174935082958692,0.1292629156861447,-2.3552484714085558,0.06622602795054869,-0.4915513837644121,0.07933898977097016,-0.3607683219419736,0.06957719973135017,-0.23434237040055206,0.07075643222082273,-0.2600028834056658,0.04851042037936174,-1.4244174885455738,0.04385636889590383,0.15129428062950748,0.046791287484508434,-0.87046812294185,0.04529617693728845,0.46689791878604725,0.04140365328735819
HPSI1013i-jogf_2,1.0,-0.6465015165378166,0.19085399559848235,-4.108724374575647,0.08150634760383602,1.449830717762246,0.2010650742981168,-0.6089263687726697,0.1155750229222058,0.8624270425548518,0.12159971447666215,0.6303703711814463,0.06043089571864168,-1.9553659392193583,0.061376971428324975,-0.3064856056616806,0.06284440662329827,0.06712278340073559,0.07476632984852895,0.2053942601496562,0.06683503951563728
HPSI1013i-sita_1,1.0,-0.9884221317703857,0.13626751622990366,-5.1052573886017845,0.0521958217312756,-0.5283130088399044,0.1187930746869335,-2.8596994020969593,0.08855395632552289,0.4289554731819332,0.08076777553619867,0.9537382797205256,0.04929398026353811,-1.2264643589153892,0.0447853840021452,-0.34961108710731725,0.04950787326770075,0.5469827671093318,0.056549438112718495,1.2978328225951534,0.04615502481971767
HPSI1013i-woci_1,1.0,0.16161440363045207,0.1565443689076241,-0.24814396723121368,0.0841436791156632,-0.8670753340634555,0.05259633951536764,2.2503215838622985,0.09174470176400616,-1.5622114726310885,0.09952634203819602,-0.9194880875661509,0.09948739672139204,2.0423664026628994,0.04801590232395762,0.17674194996608875,0.05292118050369688,-1.678074548657821,0.059013535157641114,-1.400440399849859,0.055681931806559115
HPSI1013i-wopl_2,1.0,-0.8777284764366852,0.1642811353802456,-3.6139802980134603,0.07429737463451411,1.5920439019252388,0.20114511297833432,-1.2820450143334143,0.1148408309374032,1.6716368354233682,0.10335112436262135,1.1543323561275731,0.054921550749513465,-1.2794245694010788,0.05254211220489652,0.3070328585353847,0.061525077332328995,-0.3023744590627069,0.062808675865162,1.102647494646106,0.061776361684516085
HPSI1013i-zagm_1,1.0,0.7535173107598278,0.44202939677130615,-0.09330835652283002,0.22455710788046876,-0.19571802027634916,0.17606961106298985,0.5559791502187084,0.24695035830701192,-2.149586617368706,0.2460125944497528,-3.771256655198111,0.22451542306576522,1.0555480457391877,0.11875363841895457,0.1023494597090633,0.13177934760270385,-2.2969761766215395,0.1395844852702733,1.1256152671074966,0.11716516070537916
HPSI1014i-babz_3,1.0,1.1206294978149798,0.15347907300560798,-0.7252463579227845,0.06423999017711779,-2.6033928696896584,0.050842863357122514,-0.04440279299811136,0.09742719443986929,0.8674866459138946,0.08245645930558214,3.2054503966527217,0.059264794053711344,2.873660364929668,0.044099037052198704,0.3530380692624396,0.05916661994934183,-0.08110587808743018,0.06165149386016952,-1.1907573170289973,0.05491104561187203
HPSI1014i-bilx_1,1.0,-1.0481844180563942,0.5272245947509763,-2.5267623851823537,0.22890488008589963,1.9633135210069053,0.6115872158749489,0.058560131659856414,0.44025698733082497,0.8800578058165284,0.35637660108448194,0.7515733272572209,0.15225786559411503,-1.08793260731116,0.1822080639029005,0.44478654801555684,0.18613233057442807,1.1554147115524944,0.2271174707441794,1.1765382955219783,0.24721338694951062
HPSI1014i-eesb_1,1.0,1.0730363290574993,0.13261463655871736,1.132845378974167,0.05321067734598094,-1.246039686754285,0.040524251729479016,0.7734326857343471,0.07275493830953737,0.22547853405113058,0.06737277320588077,2.905193284606777,0.04236620658218936,2.385794109945543,0.03487014541130144,1.1171924761860894,0.041648691539119674,1.0380425046617199,0.0451347291671356,-0.2375980347900488,0.043079460692257154
HPSI1014i-kefb_1,1.0,-3.173734198787756,0.2556469354407825,-5.458646179305857,0.1293530054848029,6.526578209676906,0.5319301303949682,-0.07966790397985747,0.21286298797426723,1.884013713977745,0.2191598987988598,0.3917301895515379,0.09894458526038591,-0.509588491612005,0.14715079460015132,-1.0516123640603914,0.09483294810415124,0.5552293334873437,0.102771287222116,0.7314012213354941,0.11474347588816958
HPSI1014i-nosn_1,1.0,-0.47175861727622964,0.26515601207695383,-0.3079126851829548,0.13770411023262416,-0.5680201459516869,0.09995653508728516,0.13178542117093894,0.13827734484943824,-2.5215870756344265,0.16443977891877848,-2.6970939915253562,0.161405738052055,1.7776402217237879,0.0744001254757215,-0.04479850142014679,0.08187063252826442,-2.1934771805058877,0.08865611129574427,0.10151242636124444,0.06814778442150175
HPSI1014i-qayj_4,1.0,1.1758574653111582,0.10836254299809585,3.4279343997649914,0.04678116746604027,-0.5433065805306552,0.02967815913730478,1.1426406138814207,0.053646929172178025,-0.5412459455155891,0.0498942850627497,1.1446116694044015,0.03530686986271115,1.8887064904636655,0.030138778708911542,0.1837057038495246,0.037178742498038604,0.0015412269931468431,0.03537613203110311,-1.4571329086134117,0.03403542485473554
HPSI1014i-quls_2,1.0,-3.109942725008245,0.11201039026193636,-2.603942814656833,0.0630798688043798,2.8038444526140482,0.15435073506115596,0.960959163844571,0.09192087668343896,-1.4621464877272365,0.08441212561163529,-1.9273202104857032,0.045274048873214116,-1.6781917668691428,0.04959794064289399,-0.7751521921787864,0.04677092393712466,-0.3008923046983035,0.05259897892366306,0.3866159599910982,0.052467169586156666
HPSI1014i-roug_3,1.0,-1.074812555344218,0.3207869619071676,6.5901325066265,0.14362883220754827,0.02182942641537474,0.10339586762811347,1.6238498780839286,0.16292507026926056,-2.0454662986094783,0.13690037906900188,1.20808809556657,0.10612598605546636,1.2732876977671528,0.0952351737524996,0.5341487331571072,0.11545688267748389,1.7782663953750464,0.10709360063725361,-2.2983024957339593,0.10462072374568608
HPSI1014i-sehl_6,1.0,0.08868403534622844,0.12713258385004492,-0.5148214438456588,0.06042248472999937,-1.705071076319838,0.0388535974959033,0.051221995429616425,0.07913184439490896,-0.8516346391685589,0.07948802503780239,0.3823787442077745,0.07746103080917821,2.1706688715070164,0.033878309427889476,-0.021272223985998255,0.042669844657065886,-0.8201224841115976,0.04724314612970784,-0.39186174483734515,0.040537573945088605
HPSI1014i-tixi_4,1.0,3.28916193658789,1.3619971952501535,6.319651005788174,0.4699779121999145,2.219149896747114,0.411709493011112,0.5905104267549609,0.34500080000425754,1.7210561137261302,0.5488714106924193,-1.7166277592111736,0.34989690604505713,-3.3655962432367903,0.49314412414151243,1.5667633746447744,0.4564671862170019,-0.6268611888700469,0.3959259782491502,0.029649916798843587,0.27971137840176685
HPSI1014i-tuju_1,1.0,-1.3235043822946606,0.10822137576952155,-5.4807370317294355,0.054413823459871107,-0.28739000398449394,0.07735835670740561,0.8033857245195116,0.08690600527812296,-1.1194801040643272,0.07280869768370787,0.0961285536283232,0.05658041045711132,-1.9029194562486529,0.03987621269237438,-0.6014983285804194,0.03912587515012784,0.5521483852492328,0.05615409575343062,-0.8640585039086082,0.04495951710319436
HPSI1014i-vils_1,1.0,0.6398669428272596,0.149862441730076,-1.634276263574614,0.061233598929164336,-2.115496330654876,0.0436775055161972,-1.9030846601397877,0.09689670484263059,0.8648041371450005,0.07685251351322453,1.9592295283598642,0.05529416685390067,2.2797487389544044,0.03746408187811037,0.24619080659869624,0.056016683463744846,-0.10109487687549328,0.05281502584995885,-0.17312168452663892,0.05496682068557661
HPSI1113i-hayt_3,1.0,2.6107118375162877,0.1134194285412501,-1.0788203553104256,0.04525962761723248,-1.479452338220826,0.04251150649066566,0.09109610001881614,0.06126968253044474,2.0494906482427546,0.06096933243989904,1.0686773962332363,0.03545450341334382,-0.4614282544777196,0.02699894540873826,0.2239467518484609,0.036400979796569234,-0.9879472490322538,0.03632677760070068,0.1154501611855165,0.035270870499670225
HPSI1113i-ieki_3,1.0,1.8872786404689077,0.27055767727056806,0.27665256136718,0.11376449784519697,-1.7882137890923262,0.07986766741937316,1.0941244176781015,0.1776607834691242,1.439649116657531,0.14461865657483053,1.713239811925954,0.082219575500425,0.2566960627766424,0.0649069452848,-0.032489693532086035,0.08906783182485403,-0.8081632994036818,0.08993701114218733,-0.34345008328514254,0.10933223958835345
HPSI1113i-podx_1,1.0,1.399904648472751,0.17937549113597298,6.612938915075301,0.07905152054794089,0.620708214283201,0.0667461658090455,0.22530401307721626,0.0652709402129269,1.2044855306725908,0.08523556909237302,-0.5440244361926718,0.05957717935951089,-0.23611630289952504,0.057066616866352005,-1.0619339001719097,0.06350667257853329,1.3405279837475477,0.056429610553175795,1.7156787068300368,0.050505554925507054
HPSI1113i-qolg_1,1.0,1.6421596536186003,0.393073513492049,-0.09120022953379459,0.14463458662869608,-1.808131480514793,0.12006313195530799,1.2843581734610925,0.2395067534437016,1.4003021384174013,0.206319186390075,1.583922703994307,0.12481938496910118,0.19050825743661862,0.09581390990646976,0.07301481199337788,0.12487545551005659,-1.0445328203093571,0.12415376923949524,0.06880811810191409,0.1446244093523088
HPSI1113i-vuud_2,1.0,0.8983126062660648,0.19032611199328658,1.5790230973056536,0.08176593100997266,-0.7501772352226673,0.05578794096287911,0.14876493488701115,0.10525572300158403,-0.8533711293983648,0.08365994361448416,0.2903839688081714,0.06390408832459075,0.785721230270508,0.053656139705554724,0.21802982263573506,0.06185519141842996,-0.1762229346946389,0.057866591318725555,0.2752851850283134,0.060861223274393736
HPSI1114i-kuul_1,2.0,0.1059959540340619,0.3031584087702324,2.767664732201854,0.14909093054403158,-0.17485539403741568,0.09896374638219384,0.14569984779523448,0.14708246760637608,-0.7249904133346938,0.13942531132066835,-1.1937652704847375,0.11127261701864241,-1.4556613745351583,0.13436763756298933,-0.32268767851323815,0.11981476780594233,-0.4341901422992388,0.1095398223160013,0.5630537296054294,0.09310466505790631
HPSI1114i-ualf_6,1.0,-0.03767776622215426,0.29483734360694214,-0.1120651857298704,0.15014030287049576,-0.9845715781671643,0.09052241799413382,0.9069840788939839,0.1925023665877366,-1.8997307140802233,0.18938851193614065,-1.6164290542730948,0.18314688529645323,2.460693913515189,0.07408810491147576,0.2164278328667699,0.09577649567028358,-1.8435270046855685,0.10601780337287299,-0.1736543572863032,0.09265015687129093
HPSI1213i-hehd_1,2.0,0.6584476604856127,0.1924180130084822,2.3731789374596386,0.08170042094039907,-0.7518252132959857,0.05354803015677905,1.9033871420222122,0.10106340424610444,-0.7257605478523683,0.08897592656517853,2.220051088864249,0.06282413834357294,2.420177344545365,0.050813259084346175,0.7723112914774253,0.06637668521814123,1.11079083874632,0.0620596211419241,-1.8126524652398959,0.0613438711693419
