cell_line,D30_DA,D30_Sert,D30_S,D52_DA,D52_DA_Sert
HPSI0114i-eipl_1,0.01968351987649556,0.005403319181783096,0.025086839058278656,0.014279238440616501,0.01745240253853128
HPSI0114i-wegi_1,0.31243831249992665,0.5200645012129186,0.8325028137128452,0.32859440261172107,0.8990788157121741
HPSI0115i-aion_2,0.5524044389642416,0.2466091245376079,0.7990135635018495,0.3225806451612903,0.6971326164874552
HPSI0115i-aoxv_1,0.08423467715503113,0.12225499836119305,0.20648967551622419,0.09125914516750096,0.2152483634963419
HPSI0115i-bimq_4,0.18181818181818182,0.0371900826446281,0.2190082644628099,0.050100200400801605,0.0841683366733467
HPSI0115i-boqx_2,0.25,0.22580645161290322,0.47580645161290325,0.16428571428571428,0.37857142857142856
HPSI0115i-gifk_1,0.5051020408163265,0.2653061224489796,0.7704081632653061,0.2571428571428571,0.6342857142857143
HPSI0115i-gost_2,0.6404217926186292,0.281195079086116,0.9216168717047453,0.6044821320411872,0.7843731072077529
HPSI0115i-hecn_6,0.430685160864189,0.18447347603357833,0.6151586368977673,0.2202868946033737,0.34937525939952246
HPSI0115i-iiyk_2,0.3915343915343915,0.2857142857142857,0.6772486772486772,0.3504273504273504,0.6666666666666666
HPSI0115i-iuad_2,0.20262919310970082,0.5861287398005439,0.7887579329102448,0.13358646876078703,0.8960994131860546
HPSI0115i-jakt_1,0.2274216190921853,0.5737014506317267,0.801123069723912,0.07279364397680911,0.8136139145372557
HPSI0115i-paim_1,0.4229198570699336,0.3925472179683512,0.8154670750382849,0.33984375,0.6169483418367347
HPSI0115i-quze_6,0.12919463087248323,0.21476510067114093,0.34395973154362414,0.07371794871794872,0.3653846153846154
HPSI0115i-sehp_2,0.7265625,0.09765625,0.82421875,0.7131242740998839,0.8048780487804879
HPSI0115i-tiku_3,0.0947867298578199,0.1990521327014218,0.2938388625592417,0.06015037593984962,0.2932330827067669
HPSI0115i-uupc_2,0.46774193548387094,0.15053763440860216,0.6182795698924731,0.48314606741573035,0.6741573033707865
HPSI0115i-zihe_1,0.005917159763313609,0.047337278106508875,0.05325443786982249,0.009708737864077669,0.009708737864077669
HPSI0214i-datg_2,0.42776801405975395,0.20527240773286468,0.6330404217926187,0.23996584116140052,0.4474807856532878
HPSI0214i-eiwy_1,0.42738589211618255,0.36929460580912865,0.7966804979253113,0.11868131868131868,0.6505494505494506
HPSI0214i-feec_2,0.17897524928774927,0.025574252136752136,0.2045495014245014,0.05886016817190906,0.05886016817190906
HPSI0214i-giju_3,0.330835734870317,0.45187319884726224,0.7827089337175792,0.17369727047146402,0.7965260545905707
HPSI0214i-heth_1,0.015100671140939598,0.02348993288590604,0.03859060402684564,0.020594965675057208,0.02745995423340961
HPSI0214i-pelm_3,0.46883979234576845,0.34674785705662203,0.8155876494023905,0.18918847649812115,0.609007771698127
HPSI0214i-poih_2,0.5695287655391732,0.23590633130962707,0.8054350968488002,0.5590986394557823,0.7380952380952381
HPSI0214i-rayr_1,0.8172888015717092,0.08644400785854617,0.9037328094302555,0.5501618122977346,0.7087378640776699
HPSI0215i-deyz_2,0.31564604039756333,0.3284706636742546,0.6441167040718179,0.2507235890014472,0.5971418234442837
HPSI0215i-fawm_2,0.49476987447698745,0.4341004184100418,0.9288702928870293,0.3054393305439331,0.793584379358438
HPSI0215i-hipn_1,0.4242909979622768,0.1123407060082651,0.5366317039705419,0.2769058295964126,0.41518958792156446
HPSI0215i-oilg_1,0.07537361923326835,0.01299545159194282,0.08836907082521117,0.05901116427432217,0.08293460925039872
HPSI0215i-romx_1,0.05277973258268825,0.03518648838845883,0.08796622097114708,0.053809270111880664,0.07831646244006393
HPSI0215i-uiao_2,0.20563230605738575,0.2784272051009564,0.48405951115834217,0.13857998289136014,0.3361847733105218
HPSI0215i-yoch_6,0.018113207547169812,0.027924528301886794,0.046037735849056606,0.02148997134670487,0.03868194842406877
HPSI0215i-zett_5,0.1025792716643684,0.551570829761681,0.6541501014260495,0.051653071695459976,0.841269011779405
HPSI0314i-bubh_3,0.01935812531839022,0.015792154865002548,0.035150280183392765,0.04770992366412214,0.06870229007633588
HPSI0314i-cuhk_2,0.36188023180940115,0.11526078557630393,0.4771410173857051,0.11141181777176365,0.16599007668019847
HPSI0314i-hoik_1,0.023616236162361623,0.011808118081180811,0.035424354243542434,0.06940371456500488,0.07917888563049853
HPSI0314i-qaqx_1,0.2863787375415282,0.393687707641196,0.6800664451827242,0.2801841560422796,0.6225345973629726
HPSI0314i-sojd_3,0.12821527594554688,0.02788732589949037,0.15610260184503724,0.07810606060606061,0.09658307210031349
HPSI0314i-uict_1,0.24581005586592178,0.39664804469273746,0.6424581005586593,0.16666666666666666,0.5729166666666666
HPSI0314i-xagu_1,0.22972972972972974,0.40540540540540543,0.6351351351351352,0.06896551724137931,0.48275862068965514
HPSI0314i-xugn_2,0.0248728094968909,0.009609949123798756,0.034482758620689655,0.02865995352439969,0.041053446940356314
HPSI0414i-ceik_1,0.19411764705882353,0.04411764705882353,0.23823529411764707,0.1,0.14090909090909093
HPSI0414i-gesg_2,0.07419354838709677,0.01935483870967742,0.09354838709677418,0.04895104895104895,0.06993006993006994
HPSI0414i-mita_1,0.029591214154972543,0.0071690054911531425,0.036760219646125684,0.01328986960882648,0.017928786359077232
HPSI0414i-oaqd_2,0.04583333333333333,0.0020833333333333333,0.04791666666666666,0.021929824561403508,0.021929824561403508
HPSI0414i-sebn_3,0.4473684210526316,0.27392344497607657,0.7212918660287082,0.2360248447204969,0.4278812974465148
HPSI0414i-uawq_2,0.13167835941716136,0.44846195358877494,0.5801403130059363,0.08876881512929372,0.6321883442686221
HPSI0414i-xojn_3,0.6170521817332069,0.16178798028579924,0.7788401620190061,0.5289510006901311,0.7174833218311479
HPSI0513i-dipe_1,0.3875,0.4,0.7875000000000001,0.3136842105263158,0.848421052631579
HPSI0513i-fejf_2,0.30927835051546393,0.061855670103092786,0.3711340206185567,0.2478813559322034,0.2754237288135593
HPSI0513i-giuf_1,0.6764705882352942,0.029411764705882353,0.7058823529411765,0.7416666666666667,0.7666666666666667
HPSI0513i-momt_2,0.44375,0.15625,0.6,0.38653084323712505,0.5597057159026598
HPSI0513i-oibg_1,0.024096385542168676,0.012048192771084338,0.03614457831325302,0.07019328585961343,0.07121057985757884
HPSI0513i-sucd_3,0.6532258064516129,0.18548387096774194,0.8387096774193548,0.4974182444061962,0.8743545611015491
HPSI0513i-uoxz_4,0.7027027027027027,0.19594594594594594,0.8986486486486487,0.6226685796269728,0.8450502152080345
HPSI0513i-veve_2,0.6958333333333333,0.0875,0.7833333333333333,0.7190860215053764,0.7338709677419355
HPSI0514i-fiaj_1,0.19042275180602347,0.022911547902413315,0.2133342997084368,0.0806708584312553,0.08154707543752576
HPSI0514i-lako_1,0.42430617534578513,0.3529759950427058,0.7772821703884909,0.18351851768927674,0.8200329780517185
HPSI0514i-naah_2,0.5424610051993067,0.37435008665511266,0.9168110918544194,0.46130952380952384,0.8660714285714286
HPSI0514i-oekw_2,0.1567489114658926,0.16545718432510886,0.32220609579100146,0.10533159947984395,0.2834850455136541
HPSI0514i-oupf_6,0.6219119226638024,0.1364124597207304,0.7583243823845327,0.4645669291338583,0.6181102362204725
HPSI0514i-qihv_1,0.05807814149947202,0.1805702217529039,0.23864836325237593,0.03288201160541586,0.21083172147001933
HPSI0514i-rutc_2,0.5842956120092379,0.31986143187066973,0.9041570438799076,0.46078431372549017,0.8954248366013071
HPSI0514i-sohd_2,0.5800492610837439,0.1933497536945813,0.7733990147783252,0.4376321353065539,0.6976744186046512
HPSI0514i-suul_1,0.02666666666666667,0.48,0.5066666666666666,0.012345679012345678,0.691358024691358
HPSI0514i-tert_1,0.17843583902809415,0.5808656036446469,0.759301442672741,0.08678102926337034,0.7911200807265388
HPSI0514i-uenn_3,0.24858260019550343,0.3026197458455523,0.5512023460410558,0.11695741551277117,0.3477096628864841
HPSI0514i-wiii_3,0.027890985224430433,0.009188582296486307,0.03707956752091674,0.023558896304713795,0.030024675326248515
HPSI0514i-yewo_4,0.14468085106382977,0.6851063829787234,0.8297872340425532,0.07065750736015702,0.8508341511285573
HPSI0613i-aevs_1,0.10854503464203233,0.011547344110854504,0.12009237875288684,0.12434417628541448,0.12644281217208814
HPSI0613i-bawa_1,0.5444444444444444,0.31666666666666665,0.861111111111111,0.2797761790567546,0.8816946442845723
HPSI0613i-bohf_1,0.7364016736401674,0.07112970711297072,0.8075313807531381,0.5226537216828478,0.5606796116504854
HPSI0613i-eojr_2,0.8461538461538461,0.07692307692307693,0.9230769230769231,0.6739130434782609,0.8043478260869565
HPSI0613i-hegp_3,0.38461538461538464,0.3230769230769231,0.7076923076923077,0.3148148148148148,0.7518518518518519
HPSI0613i-hikj_2,0.39705882352941174,0.47058823529411764,0.8676470588235294,0.25806451612903225,0.9173387096774194
HPSI0613i-lizq_3,0.6031746031746031,0.1111111111111111,0.7142857142857142,0.49851632047477745,0.5578635014836796
HPSI0614i-juzt_4,0.14270941054808686,0.047569803516028956,0.19027921406411583,0.10480693459416864,0.11662726556343578
HPSI0614i-liqa_1,0.44007670182166825,0.2579098753595398,0.697986577181208,0.21082474226804124,0.6118556701030928
HPSI0614i-lirf_5,0.12187958883994127,0.023494860499265784,0.14537444933920704,0.09090909090909091,0.09312638580931264
HPSI0614i-miaj_4,0.03205128205128205,0.010683760683760684,0.042735042735042736,0.03806584362139918,0.050411522633744855
HPSI0614i-oicx_2,0.5,0.19523809523809524,0.6952380952380952,0.4177215189873418,0.4810126582278481
HPSI0614i-puhk_2,0.03801695350629335,0.007963010531723606,0.04597996403801695,0.047658862876254184,0.04933110367892977
HPSI0614i-qunz_2,0.27631578947368424,0.3157894736842105,0.5921052631578947,0.18269230769230768,0.47435897435897434
HPSI0614i-uevq_6,0.16719385449615906,0.05603253502033439,0.22322638951649346,0.03318221279058551,0.05864763190894183
HPSI0614i-voce_1,0.034594594594594595,0.11027027027027027,0.14486486486486486,0.050243111831442464,0.15721231766612642
HPSI0614i-wihj_4,0.7397260273972602,0.10730593607305935,0.8470319634703196,0.6595622119815668,0.7551843317972351
HPSI0714i-burb_1,0.24798457631617044,0.04053165564831347,0.2885162319644839,0.10006287231821648,0.1132009211563328
HPSI0714i-iudw_1,0.532051282051282,0.10256410256410256,0.6346153846153846,0.26895306859205775,0.38898916967509023
HPSI0714i-keui_4,0.13114754098360656,0.012295081967213115,0.14344262295081966,0.07656065959952886,0.07803297997644287
HPSI0714i-kute_5,0.47107438016528924,0.10743801652892562,0.5785123966942148,0.1,0.15000000000000002
HPSI0714i-oatm_1,0.015105740181268883,0.06243705941591138,0.07754279959718026,0.024844720496894408,0.11801242236024845
HPSI0714i-pipw_4,0.5564853556485355,0.22594142259414227,0.7824267782426778,0.27947336923997607,0.6765409934171155
HPSI0715i-aowh_2,0.08197217180883243,0.42105263157894735,0.5030248033877798,0.062213156552779196,0.6268910419853816
HPSI0715i-meue_5,0.4137068965517241,0.3719650751547303,0.7856719717064544,0.22921293486896843,0.7322568612485689
HPSI0715i-zaie_5,0.284434490481523,0.29227323628219487,0.5767077267637178,0.21976592977893367,0.6553966189856957
HPSI0814i-bokz_6,0.41312741312741313,0.4517374517374517,0.8648648648648649,0.16595744680851063,0.8340425531914893
HPSI0814i-siqu_4,0.7009847806624888,0.06803939122649955,0.7690241718889883,0.7084048027444254,0.7890222984562607
HPSI0913i-eika_2,0.5411764705882353,0.3058823529411765,0.8470588235294118,0.3333333333333333,0.5333333333333333
HPSI0914i-iezw_2,0.18450560652395515,0.11416921508664628,0.29867482161060144,0.2740331491712707,0.2740331491712707
HPSI0914i-jejf_2,0.5151354221986192,0.3467870419543282,0.8619224641529474,0.4529331514324693,0.8676671214188267
HPSI0914i-kajh_2,0.4012738853503185,0.2929936305732484,0.694267515923567,0.4342105263157895,0.75
HPSI0914i-laey_6,0.31388778352566654,0.3444488658973338,0.6583366494230003,0.20706769902719874,0.5893388921977367
HPSI0914i-ouvb_2,0.43153511404561823,0.27978691476590634,0.7113220288115245,0.3370118845500849,0.6421618562535371
HPSI0914i-rejf_2,0.028635597978663673,0.012352610892756879,0.04098820887142055,0.02903225806451613,0.037096774193548385
HPSI0914i-suop_5,0.5942028985507246,0.34202898550724636,0.936231884057971,0.35391923990498814,0.8693586698337292
HPSI0914i-vaka_5,0.43457497612225404,0.19961795606494748,0.6341929321872015,0.18360498561840843,0.4678811121764142
HPSI0914i-yuvg_2,0.6081081081081081,0.13783783783783785,0.745945945945946,0.5067264573991032,0.6591928251121076
HPSI0914i-zerv_7,0.5502965892239249,0.1393969352446861,0.689693524468611,0.3871464761040533,0.5016447368421053
HPSI1013i-garx_2,0.057552616874650776,0.2840379959024027,0.3415906127770535,0.07450124688279301,0.16552369077306733
HPSI1013i-hiaf_1,0.1731130126661431,0.28403649099821715,0.45714950366436025,0.14880563497694632,0.5081284963950103
HPSI1013i-jogf_2,0.06944444444444445,0.027777777777777776,0.09722222222222222,0.020491803278688523,0.036885245901639344
HPSI1013i-sita_1,0.02483527622909275,0.0015205271160669033,0.026355803345159655,0.026771653543307086,0.031496062992125984
HPSI1013i-woci_1,0.11994609164420485,0.5390835579514824,0.6590296495956873,0.06294964028776978,0.7446043165467626
HPSI1013i-wopl_2,0.025513819985825654,0.009213323883770375,0.03472714386959603,0.014814814814814815,0.02962962962962963
HPSI1013i-zagm_1,0.15384615384615385,0.38461538461538464,0.5384615384615385,0.13636363636363635,0.8181818181818181
HPSI1014i-babz_3,0.14472900536033353,0.5050625372245384,0.6497915425848719,0.0984369803791154,0.7322913202527436
HPSI1014i-bilx_1,0.07142857142857142,0.011904761904761904,0.08333333333333333,0.04938271604938271,0.04938271604938271
HPSI1014i-eesb_1,0.3927955352612887,0.22049720953830543,0.6132927447995942,0.32614725163893094,0.5303832576903682
HPSI1014i-kefb_1,0.053475935828877004,0.0,0.053475935828877004,0.03829787234042553,0.0425531914893617
HPSI1014i-nosn_1,0.09774436090225563,0.3533834586466165,0.45112781954887216,0.07692307692307693,0.4230769230769231
HPSI1014i-qayj_4,0.4369318181818182,0.3683712121212121,0.8053030303030303,0.3762778111846061,0.8468129885748648
HPSI1014i-quls_2,0.03988803358992302,0.0013995801259622112,0.041287613715885234,0.018406521167499343,0.01972127267946358
HPSI1014i-roug_3,0.3052029571767332,0.5629794950481238,0.868182452224857,0.2742610338777163,0.86732352544203
HPSI1014i-sehl_6,0.11798636601992658,0.6638699528054536,0.7818563188253802,0.06297709923664122,0.8702290076335878
HPSI1014i-tixi_4,0.45331325301204817,0.09939759036144578,0.552710843373494,0.31788079470198677,0.39293598233995586
HPSI1014i-tuju_1,0.035621198957428324,0.02432667245873154,0.05994787141615986,0.012941176470588235,0.02
HPSI1014i-vils_1,0.25259515570934254,0.20847750865051903,0.4610726643598616,0.20365296803652969,0.3187214611872146
HPSI1113i-hayt_3,0.41780935073517267,0.12010573269453163,0.5379150834297043,0.13097514340344169,0.25844486934353095
HPSI1113i-ieki_3,0.16304347826086957,0.36594202898550726,0.5289855072463768,0.07878787878787878,0.5454545454545454
HPSI1113i-podx_1,0.7395264116575592,0.16393442622950818,0.9034608378870673,0.5666527371500208,0.6970330129544504
HPSI1113i-qolg_1,0.27699530516431925,0.3380281690140845,0.6150234741784038,0.1574074074074074,0.6388888888888888
HPSI1113i-vuud_2,0.4472333143183115,0.23844837421563034,0.6856816885339418,0.30503380916604056,0.5920360631104433
HPSI1114i-kuul_1,0.4053689005685798,0.28877501726994736,0.6941439178385271,0.32590152680011475,0.6297668420582413
HPSI1114i-ualf_6,0.11409395973154363,0.4463087248322148,0.5604026845637584,0.07035175879396985,0.5829145728643216
HPSI1213i-hehd_1,0.4434927385059777,0.36817312578565886,0.8116658642916366,0.45236895161290325,0.7991140663771712
