cell_line,da_over_all,sert_over_all,da_sert_over_all,n_cells
HPSI0114i-eipl_1,0.014279238440616501,0.003173164097914778,0.017452402538531277,13236.0
HPSI0114i-wegi_1,0.32859440261172107,0.5704844131004531,0.8990788157121742,1306.5
HPSI0115i-aion_2,0.3225806451612903,0.37455197132616486,0.6971326164874552,558.0
HPSI0115i-aoxv_1,0.09125914516750096,0.12398921832884097,0.21524836349634194,2597.0
HPSI0115i-bimq_4,0.050100200400801605,0.03406813627254509,0.0841683366733467,998.0
HPSI0115i-boqx_2,0.16428571428571428,0.21428571428571427,0.37857142857142856,140.0
HPSI0115i-gifk_1,0.2571428571428571,0.37714285714285717,0.6342857142857142,175.0
HPSI0115i-gost_2,0.6044821320411872,0.17989097516656571,0.7843731072077529,1651.0
HPSI0115i-hecn_6,0.2202868946033737,0.12908836479614877,0.3493752593995224,1043.0
HPSI0115i-iiyk_2,0.3504273504273504,0.3162393162393162,0.6666666666666666,117.0
HPSI0115i-iuad_2,0.13358646876078703,0.7625129444252675,0.8960994131860546,2897.0
HPSI0115i-jakt_1,0.07279364397680911,0.7408202705604466,0.8136139145372557,4657.0
HPSI0115i-melw_1,0.6666666666666666,0.16666666666666666,0.8333333333333334,6.0
HPSI0115i-paim_1,0.33984375,0.2771045918367347,0.6169483418367347,12544.0
HPSI0115i-qecv_2,0.25,0.375,0.625,8.0
HPSI0115i-quze_6,0.07371794871794872,0.2916666666666667,0.36538461538461536,312.0
HPSI0115i-sehp_2,0.7131242740998839,0.09175377468060394,0.8048780487804879,861.0
HPSI0115i-tiku_3,0.06015037593984962,0.23308270676691728,0.2932330827067669,133.0
HPSI0115i-uupc_2,0.48314606741573035,0.19101123595505617,0.6741573033707865,89.0
HPSI0115i-zihe_1,0.009708737864077669,0.0,0.009708737864077669,103.0
HPSI0214i-datg_2,0.23996584116140052,0.2075149444918873,0.4474807856532878,1171.0
HPSI0214i-eiwy_1,0.11868131868131868,0.5318681318681319,0.6505494505494506,455.0
HPSI0214i-feec_2,0.05886016817190906,0.0,0.05886016817190906,521.5
HPSI0214i-giju_3,0.17369727047146402,0.6228287841191067,0.7965260545905707,1209.0
HPSI0214i-heth_1,0.020594965675057208,0.006864988558352402,0.02745995423340961,437.0
HPSI0214i-pelm_3,0.18918847649812115,0.4198192952000058,0.609007771698127,3899.5
HPSI0214i-poih_2,0.5590986394557823,0.17899659863945577,0.7380952380952381,2352.0
HPSI0214i-rayr_1,0.5501618122977346,0.15857605177993528,0.7087378640776699,309.0
HPSI0215i-deyz_2,0.2507235890014472,0.3464182344428365,0.5971418234442837,5528.0
HPSI0215i-fawm_2,0.3054393305439331,0.4881450488145049,0.793584379358438,717.0
HPSI0215i-hipn_1,0.2769058295964126,0.1382837583251519,0.41518958792156446,561.0
HPSI0215i-oilg_1,0.05901116427432217,0.023923444976076555,0.08293460925039872,627.0
HPSI0215i-romx_1,0.053809270111880664,0.024507192328183273,0.07831646244006393,1877.0
HPSI0215i-uiao_2,0.13857998289136014,0.19760479041916168,0.3361847733105218,2338.0
HPSI0215i-yoch_6,0.02148997134670487,0.017191977077363897,0.03868194842406877,698.0
HPSI0215i-zett_5,0.051653071695459976,0.7896159400839451,0.8412690117794052,4387.5
HPSI0314i-bubh_3,0.04770992366412214,0.02099236641221374,0.06870229007633588,524.0
HPSI0314i-cuhk_2,0.11141181777176365,0.054578258908434825,0.16599007668019847,2217.0
HPSI0314i-hoik_1,0.06940371456500488,0.009775171065493646,0.07917888563049853,1023.0
HPSI0314i-qaqx_1,0.2801841560422796,0.34235044132069303,0.6225345973629727,135.5
HPSI0314i-sojd_3,0.07810606060606061,0.018477011494252876,0.09658307210031347,1307.5
HPSI0314i-uict_1,0.16666666666666666,0.40625,0.5729166666666666,96.0
HPSI0314i-xagu_1,0.06896551724137931,0.41379310344827586,0.4827586206896552,29.0
HPSI0314i-xugn_2,0.02865995352439969,0.012393493415956624,0.041053446940356314,1291.0
HPSI0414i-ceik_1,0.1,0.04090909090909091,0.1409090909090909,220.0
HPSI0414i-gesg_2,0.04895104895104895,0.02097902097902098,0.06993006993006994,143.0
HPSI0414i-mita_1,0.01328986960882648,0.004638916750250752,0.017928786359077232,7976.0
HPSI0414i-oaqd_2,0.021929824561403508,0.0,0.021929824561403508,456.0
HPSI0414i-sebn_3,0.2360248447204969,0.19185645272601795,0.4278812974465148,1449.0
HPSI0414i-uawq_2,0.08876881512929372,0.5434195291393284,0.6321883442686221,2591.0
HPSI0414i-xojn_3,0.5289510006901311,0.1885323211410168,0.7174833218311479,610.5
HPSI0513i-dipe_1,0.3136842105263158,0.5347368421052632,0.848421052631579,475.0
HPSI0513i-fejf_2,0.2478813559322034,0.02754237288135593,0.2754237288135593,472.0
HPSI0513i-giuf_1,0.7416666666666667,0.025,0.7666666666666667,120.0
HPSI0513i-momt_2,0.38653084323712505,0.1731748726655348,0.5597057159026598,1767.0
HPSI0513i-oibg_1,0.07019328585961343,0.001017293997965412,0.07121057985757884,983.0
HPSI0513i-sucd_3,0.4974182444061962,0.3769363166953528,0.8743545611015491,581.0
HPSI0513i-uoxz_4,0.6226685796269728,0.2223816355810617,0.8450502152080345,697.0
HPSI0513i-veve_2,0.7190860215053764,0.01478494623655914,0.7338709677419355,744.0
HPSI0514i-fiaj_1,0.0806708584312553,0.0008762170062704661,0.08154707543752576,9158.0
HPSI0514i-lako_1,0.18351851768927674,0.6365144603624417,0.8200329780517184,2072.0
HPSI0514i-naah_2,0.46130952380952384,0.40476190476190477,0.8660714285714286,336.0
HPSI0514i-oekw_2,0.10533159947984395,0.17815344603381014,0.2834850455136541,769.0
HPSI0514i-oupf_6,0.4645669291338583,0.15354330708661418,0.6181102362204725,254.0
HPSI0514i-qihv_1,0.03288201160541586,0.17794970986460348,0.21083172147001933,517.0
HPSI0514i-rutc_2,0.46078431372549017,0.434640522875817,0.8954248366013072,612.0
HPSI0514i-sohd_2,0.4376321353065539,0.26004228329809725,0.6976744186046512,473.0
HPSI0514i-suul_1,0.012345679012345678,0.6790123456790124,0.691358024691358,81.0
HPSI0514i-tert_1,0.08678102926337034,0.7043390514631686,0.7911200807265388,991.0
HPSI0514i-uenn_3,0.11695741551277117,0.23075224737371294,0.34770966288648414,1170.5
HPSI0514i-wiii_3,0.023558896304713795,0.00646577902153472,0.030024675326248515,3734.0
HPSI0514i-yewo_4,0.07065750736015702,0.7801766437684003,0.8508341511285574,1019.0
HPSI0613i-aevs_1,0.12434417628541448,0.002098635886673662,0.12644281217208814,1906.0
HPSI0613i-bawa_1,0.2797761790567546,0.6019184652278178,0.8816946442845723,1251.0
HPSI0613i-bohf_1,0.5226537216828478,0.03802588996763754,0.5606796116504854,1236.0
HPSI0613i-eojr_2,0.6739130434782609,0.13043478260869565,0.8043478260869565,46.0
HPSI0613i-hegp_3,0.3148148148148148,0.43703703703703706,0.7518518518518519,270.0
HPSI0613i-hikj_2,0.25806451612903225,0.6592741935483871,0.9173387096774194,496.0
HPSI0613i-lizq_3,0.49851632047477745,0.05934718100890208,0.5578635014836796,337.0
HPSI0614i-juzt_4,0.10480693459416864,0.01182033096926714,0.11662726556343578,1269.0
HPSI0614i-liqa_1,0.21082474226804124,0.40103092783505156,0.6118556701030928,1940.0
HPSI0614i-lirf_5,0.09090909090909091,0.0022172949002217295,0.09312638580931264,451.0
HPSI0614i-miaj_4,0.03806584362139918,0.012345679012345678,0.050411522633744855,972.0
HPSI0614i-oicx_2,0.4177215189873418,0.06329113924050633,0.4810126582278481,79.0
HPSI0614i-puhk_2,0.047658862876254184,0.0016722408026755853,0.04933110367892977,1196.0
HPSI0614i-qunz_2,0.18269230769230768,0.2916666666666667,0.47435897435897434,312.0
HPSI0614i-uevq_6,0.03318221279058551,0.025465419118356324,0.05864763190894184,10367.0
HPSI0614i-voce_1,0.050243111831442464,0.10696920583468396,0.15721231766612642,617.0
HPSI0614i-wihj_4,0.6595622119815668,0.0956221198156682,0.755184331797235,1736.0
HPSI0714i-burb_1,0.10006287231821648,0.013138048838116322,0.11320092115633279,1209.5
HPSI0714i-iudw_1,0.26895306859205775,0.12003610108303249,0.38898916967509023,1108.0
HPSI0714i-keui_4,0.07656065959952886,0.0014723203769140165,0.07803297997644287,3396.0
HPSI0714i-kute_5,0.1,0.05,0.15,40.0
HPSI0714i-oatm_1,0.024844720496894408,0.09316770186335403,0.11801242236024845,483.0
HPSI0714i-pipw_4,0.27947336923997607,0.3970676241771394,0.6765409934171155,3342.0
HPSI0715i-aowh_2,0.062213156552779196,0.5646778854326024,0.6268910419853816,5883.0
HPSI0715i-meue_5,0.22921293486896843,0.5030439263796005,0.7322568612485689,1162.5
HPSI0715i-zaie_5,0.21976592977893367,0.435630689206762,0.6553966189856957,769.0
HPSI0814i-bokz_6,0.16595744680851063,0.6680851063829787,0.8340425531914893,235.0
HPSI0814i-siqu_4,0.7084048027444254,0.08061749571183534,0.7890222984562607,583.0
HPSI0913i-eika_2,0.3333333333333333,0.2,0.5333333333333333,15.0
HPSI0914i-iezw_2,0.2740331491712707,0.0,0.2740331491712707,905.0
HPSI0914i-jejf_2,0.4529331514324693,0.4147339699863574,0.8676671214188267,1466.0
HPSI0914i-kajh_2,0.4342105263157895,0.3157894736842105,0.75,76.0
HPSI0914i-laey_6,0.20706769902719874,0.38227119317053804,0.5893388921977367,144.0
HPSI0914i-ouvb_2,0.3370118845500849,0.30514997170345215,0.6421618562535371,437.0
HPSI0914i-rejf_2,0.02903225806451613,0.008064516129032258,0.037096774193548385,620.0
HPSI0914i-suop_5,0.35391923990498814,0.5154394299287411,0.8693586698337292,421.0
HPSI0914i-vaka_5,0.18360498561840843,0.28427612655800577,0.4678811121764142,2086.0
HPSI0914i-yuvg_2,0.5067264573991032,0.15246636771300448,0.6591928251121076,223.0
HPSI0914i-zerv_7,0.3871464761040533,0.11449826073805203,0.5016447368421053,419.5
HPSI1013i-garx_2,0.07450124688279301,0.09102244389027432,0.16552369077306733,3208.0
HPSI1013i-hiaf_1,0.14880563497694632,0.3593228614180641,0.5081284963950103,1792.0
HPSI1013i-jogf_2,0.020491803278688523,0.01639344262295082,0.036885245901639344,244.0
HPSI1013i-sita_1,0.026771653543307086,0.004724409448818898,0.031496062992125984,1270.0
HPSI1013i-woci_1,0.06294964028776978,0.6816546762589928,0.7446043165467626,556.0
HPSI1013i-wopl_2,0.014814814814814815,0.014814814814814815,0.02962962962962963,405.0
HPSI1013i-zagm_1,0.13636363636363635,0.6818181818181818,0.8181818181818182,22.0
HPSI1014i-babz_3,0.0984369803791154,0.6338543398736282,0.7322913202527436,3007.0
HPSI1014i-bilx_1,0.04938271604938271,0.0,0.04938271604938271,81.0
HPSI1014i-eesb_1,0.32614725163893094,0.2042360060514372,0.5303832576903681,7932.0
HPSI1014i-kefb_1,0.03829787234042553,0.00425531914893617,0.0425531914893617,235.0
HPSI1014i-nosn_1,0.07692307692307693,0.34615384615384615,0.4230769230769231,78.0
HPSI1014i-qayj_4,0.3762778111846061,0.4705351773902586,0.8468129885748648,6652.0
HPSI1014i-quls_2,0.018406521167499343,0.0013147515119642387,0.01972127267946358,7606.0
HPSI1014i-roug_3,0.2742610338777163,0.5930624915643137,0.86732352544203,7409.0
HPSI1014i-sehl_6,0.06297709923664122,0.8072519083969466,0.8702290076335878,3144.0
HPSI1014i-tixi_4,0.31788079470198677,0.07505518763796909,0.39293598233995586,453.0
HPSI1014i-tuju_1,0.012941176470588235,0.007058823529411765,0.02,850.0
HPSI1014i-vils_1,0.20365296803652969,0.11506849315068493,0.3187214611872146,1095.0
HPSI1113i-hayt_3,0.13097514340344169,0.12746972594008923,0.2584448693435309,3138.0
HPSI1113i-ieki_3,0.07878787878787878,0.4666666666666667,0.5454545454545454,165.0
HPSI1113i-podx_1,0.5666527371500208,0.1303802758044296,0.6970330129544505,2393.0
HPSI1113i-qolg_1,0.1574074074074074,0.48148148148148145,0.6388888888888888,108.0
HPSI1113i-vuud_2,0.30503380916604056,0.2870022539444027,0.5920360631104433,1331.0
HPSI1114i-kuul_1,0.32590152680011475,0.30386531525812654,0.6297668420582413,924.5
HPSI1114i-ualf_6,0.07035175879396985,0.5125628140703518,0.5829145728643216,199.0
HPSI1213i-hehd_1,0.45236895161290325,0.346745114764268,0.7991140663771712,531.0
