cell_line,dopa_eff_neuron_denom,dopa_share_of_target,authors_diff_eff
HPSI0114i-eipl_1,0.07733224222585924,0.8181818181818182,0.017452402538531277
HPSI0114i-wegi_1,0.3405440301120448,0.37296037296037293,0.8990788157121742
HPSI0115i-aion_2,0.4433497536945813,0.46272493573264784,0.6971326164874552
HPSI0115i-aoxv_1,0.3224489795918367,0.42397137745974955,0.21524836349634194
HPSI0115i-bimq_4,0.24630541871921183,0.5952380952380952,0.0841683366733467
HPSI0115i-boqx_2,0.38333333333333336,0.4339622641509434,0.37857142857142856
HPSI0115i-gifk_1,0.39823008849557523,0.40540540540540543,0.6342857142857142
HPSI0115i-gost_2,0.72953216374269,0.7706563706563706,0.7843731072077529
HPSI0115i-hecn_6,0.5828715775749674,0.6525441618536156,0.3493752593995224
HPSI0115i-iiyk_2,0.4823529411764706,0.5256410256410257,0.6666666666666666
HPSI0115i-iuad_2,0.1460377358490566,0.14907550077041604,0.8960994131860546
HPSI0115i-jakt_1,0.08441235059760956,0.0894695170229612,0.8136139145372557
HPSI0115i-melw_1,0.8,0.8,0.8333333333333334
HPSI0115i-paim_1,0.5153529980657641,0.5508463625791445,0.6169483418367347
HPSI0115i-qecv_2,0.3333333333333333,0.4,0.625
HPSI0115i-quze_6,0.1796875,0.20175438596491227,0.36538461538461536
HPSI0115i-sehp_2,0.8623595505617978,0.886002886002886,0.8048780487804879
HPSI0115i-tiku_3,0.18604651162790697,0.20512820512820512,0.2932330827067669
HPSI0115i-uupc_2,0.6615384615384615,0.7166666666666667,0.6741573033707865
HPSI0115i-zihe_1,0.16666666666666666,1.0,0.009708737864077669
HPSI0214i-datg_2,0.5174953959484346,0.5362595419847328,0.4474807856532878
HPSI0214i-eiwy_1,0.17034700315457413,0.18243243243243243,0.6505494505494506
HPSI0214i-feec_2,0.23774509803921567,1.0,0.05886016817190906
HPSI0214i-giju_3,0.20250723240115717,0.21806853582554517,0.7965260545905707
HPSI0214i-heth_1,0.42857142857142855,0.75,0.02745995423340961
HPSI0214i-pelm_3,0.3054366977095394,0.3253200127728073,0.609007771698127
HPSI0214i-poih_2,0.6957671957671958,0.7574884792626728,0.7380952380952381
HPSI0214i-rayr_1,0.748898678414097,0.776255707762557,0.7087378640776699
HPSI0215i-deyz_2,0.3986194995685936,0.41987276582853683,0.5971418234442837
HPSI0215i-fawm_2,0.36258278145695366,0.38488576449912126,0.793584379358438
HPSI0215i-hipn_1,0.4924207886938683,0.5426682692307693,0.41518958792156446
HPSI0215i-oilg_1,0.33636363636363636,0.7115384615384616,0.08293460925039872
HPSI0215i-romx_1,0.38257575757575757,0.6870748299319728,0.07831646244006393
HPSI0215i-uiao_2,0.337851929092805,0.4122137404580153,0.3361847733105218
HPSI0215i-yoch_6,0.29411764705882354,0.5555555555555556,0.03868194842406877
HPSI0215i-zett_5,0.059329570983902055,0.06138044580763202,0.8412690117794052
HPSI0314i-bubh_3,0.16556291390728478,0.6944444444444444,0.06870229007633588
HPSI0314i-cuhk_2,0.44665461121157324,0.6711956521739131,0.16599007668019847
HPSI0314i-hoik_1,0.10487444608567208,0.8765432098765432,0.07917888563049853
HPSI0314i-qaqx_1,0.42547077525067256,0.4824822695035461,0.6225345973629727
HPSI0314i-sojd_3,0.3670471444073791,0.7643557422969187,0.09658307210031347
HPSI0314i-uict_1,0.2807017543859649,0.2909090909090909,0.5729166666666666
HPSI0314i-xagu_1,0.11764705882352941,0.14285714285714285,0.4827586206896552
HPSI0314i-xugn_2,0.21264367816091953,0.6981132075471698,0.041053446940356314
HPSI0414i-ceik_1,0.36666666666666664,0.7096774193548387,0.1409090909090909
HPSI0414i-gesg_2,0.3181818181818182,0.7,0.06993006993006994
HPSI0414i-mita_1,0.2517814726840855,0.7412587412587412,0.017928786359077232
HPSI0414i-oaqd_2,0.4,1.0,0.021929824561403508
HPSI0414i-sebn_3,0.5261538461538462,0.5516129032258065,0.4278812974465148
HPSI0414i-uawq_2,0.1357733175914994,0.14041514041514042,0.6321883442686221
HPSI0414i-xojn_3,0.6776041666666667,0.697002969194606,0.7174833218311479
HPSI0513i-dipe_1,0.35141509433962265,0.369727047146402,0.848421052631579
HPSI0513i-fejf_2,0.582089552238806,0.9,0.2754237288135593
HPSI0513i-giuf_1,0.9175257731958762,0.967391304347826,0.7666666666666667
HPSI0513i-momt_2,0.5078066914498142,0.6905965621840243,0.5597057159026598
HPSI0513i-oibg_1,0.44805194805194803,0.9857142857142858,0.07121057985757884
HPSI0513i-sucd_3,0.553639846743295,0.5688976377952756,0.8743545611015491
HPSI0513i-uoxz_4,0.7,0.7368421052631579,0.8450502152080345
HPSI0513i-veve_2,0.9536541889483066,0.9798534798534798,0.7338709677419355
HPSI0514i-fiaj_1,0.48034822148037293,0.9894061583577713,0.08154707543752576
HPSI0514i-lako_1,0.2201948382973845,0.22586046153253458,0.8200329780517184
HPSI0514i-naah_2,0.4983922829581994,0.5326460481099656,0.8660714285714286
HPSI0514i-oekw_2,0.3347107438016529,0.37155963302752293,0.2834850455136541
HPSI0514i-oupf_6,0.7151515151515152,0.7515923566878981,0.6181102362204725
HPSI0514i-qihv_1,0.1297709923664122,0.1559633027522936,0.21083172147001933
HPSI0514i-rutc_2,0.4938704028021016,0.5145985401459854,0.8954248366013072
HPSI0514i-sohd_2,0.5948275862068966,0.6272727272727273,0.6976744186046512
HPSI0514i-suul_1,0.017543859649122806,0.017857142857142856,0.691358024691358
HPSI0514i-tert_1,0.10723192019950124,0.1096938775510204,0.7911200807265388
HPSI0514i-uenn_3,0.32277737838485504,0.4458972233733941,0.34770966288648414
HPSI0514i-wiii_3,0.059097374886848575,0.8167832167832167,0.030024675326248515
HPSI0514i-yewo_4,0.07947019867549669,0.08304498269896193,0.8508341511285574
HPSI0613i-aevs_1,0.2334975369458128,0.983402489626556,0.12644281217208814
HPSI0613i-bawa_1,0.3111111111111111,0.3173164097914778,0.8816946442845723
HPSI0613i-bohf_1,0.918918918918919,0.9321789321789322,0.5606796116504854
HPSI0613i-eojr_2,0.8157894736842105,0.8378378378378378,0.8043478260869565
HPSI0613i-hegp_3,0.397196261682243,0.4187192118226601,0.7518518518518519
HPSI0613i-hikj_2,0.27705627705627706,0.2813186813186813,0.9173387096774194
HPSI0613i-lizq_3,0.8484848484848485,0.8936170212765957,0.5578635014836796
HPSI0614i-juzt_4,0.4618055555555556,0.8986486486486487,0.11662726556343578
HPSI0614i-liqa_1,0.3063670411985019,0.34456613310867734,0.6118556701030928
HPSI0614i-lirf_5,0.41836734693877553,0.9761904761904762,0.09312638580931264
HPSI0614i-miaj_4,0.18316831683168316,0.7551020408163265,0.050411522633744855
HPSI0614i-oicx_2,0.7857142857142857,0.868421052631579,0.4810126582278481
HPSI0614i-puhk_2,0.12472647702407003,0.9661016949152542,0.04933110367892977
HPSI0614i-qunz_2,0.37012987012987014,0.38513513513513514,0.47435897435897434
HPSI0614i-uevq_6,0.23513328776486672,0.5657894736842105,0.05864763190894184
HPSI0614i-voce_1,0.29245283018867924,0.31958762886597936,0.15721231766612642
HPSI0614i-wihj_4,0.8376005852231163,0.8733790999237223,0.755184331797235
HPSI0714i-burb_1,0.40793095499599996,0.8827561327561327,0.11320092115633279
HPSI0714i-iudw_1,0.4179523141654979,0.691415313225058,0.38898916967509023
HPSI0714i-keui_4,0.48237476808905383,0.9811320754716981,0.07803297997644287
HPSI0714i-kute_5,0.26666666666666666,0.6666666666666666,0.15
HPSI0714i-oatm_1,0.1875,0.21052631578947367,0.11801242236024845
HPSI0714i-pipw_4,0.39593047901653244,0.4130915524104379,0.6765409934171155
HPSI0715i-aowh_2,0.09723698193411265,0.0992407809110629,0.6268910419853816
HPSI0715i-meue_5,0.3060022922212363,0.3281971992494779,0.7322568612485689
HPSI0715i-zaie_5,0.29238754325259514,0.3353174603174603,0.6553966189856957
HPSI0814i-bokz_6,0.18309859154929578,0.1989795918367347,0.8340425531914893
HPSI0814i-siqu_4,0.7927063339731286,0.8978260869565218,0.7890222984562607
HPSI0913i-eika_2,0.625,0.625,0.5333333333333333
HPSI0914i-iezw_2,0.8378378378378378,1.0,0.2740331491712707
HPSI0914i-jejf_2,0.5107692307692308,0.5220125786163522,0.8676671214188267
HPSI0914i-kajh_2,0.5689655172413793,0.5789473684210527,0.75
HPSI0914i-laey_6,0.31241765480895917,0.34879954268292684,0.5893388921977367
HPSI0914i-ouvb_2,0.5138656799554389,0.5346227454619266,0.6421618562535371
HPSI0914i-rejf_2,0.07860262008733625,0.782608695652174,0.037096774193548385
HPSI0914i-suop_5,0.38903394255874674,0.40710382513661203,0.8693586698337292
HPSI0914i-vaka_5,0.3707647628267183,0.39241803278688525,0.4678811121764142
HPSI0914i-yuvg_2,0.710691823899371,0.7687074829931972,0.6591928251121076
HPSI0914i-zerv_7,0.6526116427432217,0.6998432601880877,0.5016447368421053
HPSI1013i-garx_2,0.10135708227311281,0.4500941619585687,0.16552369077306733
HPSI1013i-hiaf_1,0.2554378037190453,0.3327186836166478,0.5081284963950103
HPSI1013i-jogf_2,0.38461538461538464,0.5555555555555556,0.036885245901639344
HPSI1013i-sita_1,0.1111111111111111,0.85,0.031496062992125984
HPSI1013i-woci_1,0.08235294117647059,0.08454106280193237,0.7446043165467626
HPSI1013i-wopl_2,0.08823529411764706,0.5,0.02962962962962963
HPSI1013i-zagm_1,0.16666666666666666,0.16666666666666666,0.8181818181818182
HPSI1014i-babz_3,0.13074204946996468,0.1344232515894641,0.7322913202527436
HPSI1014i-bilx_1,0.09302325581395349,1.0,0.04938271604938271
HPSI1014i-eesb_1,0.584632768361582,0.614927501782743,0.5303832576903681
HPSI1014i-kefb_1,0.3333333333333333,0.9,0.0425531914893617
HPSI1014i-nosn_1,0.16666666666666666,0.18181818181818182,0.4230769230769231
HPSI1014i-qayj_4,0.4313286231259693,0.44434581927924727,0.8468129885748648
HPSI1014i-quls_2,0.24390243902439024,0.9333333333333333,0.01972127267946358
HPSI1014i-roug_3,0.30010338207059517,0.31621537503890446,0.86732352544203
HPSI1014i-sehl_6,0.06815834767641997,0.07236842105263158,0.8702290076335878
HPSI1014i-tixi_4,0.7659574468085106,0.8089887640449438,0.39293598233995586
HPSI1014i-tuju_1,0.3548387096774194,0.6470588235294118,0.02
HPSI1014i-vils_1,0.5645569620253165,0.6389684813753582,0.3187214611872146
HPSI1113i-hayt_3,0.4633596392333709,0.5067817509247842,0.2584448693435309
HPSI1113i-ieki_3,0.14285714285714285,0.14444444444444443,0.5454545454545454
HPSI1113i-podx_1,0.773531089560753,0.8129496402877698,0.6970330129544505
HPSI1113i-qolg_1,0.23943661971830985,0.2463768115942029,0.6388888888888888
HPSI1113i-vuud_2,0.49033816425120774,0.5152284263959391,0.5920360631104433
HPSI1114i-kuul_1,0.4537959348499125,0.47567642544620103,0.6297668420582413
HPSI1114i-ualf_6,0.11666666666666667,0.1206896551724138,0.5829145728643216
HPSI1213i-hehd_1,0.5426507905524107,0.5664616085668717,0.7991140663771712
