scheme,pool_correction,model,repeat,fold,selected_k,selected_param
plain,False,logistic_l2,0,0,8,C=0.1
plain,False,logistic_l1,0,0,1,C=0.1
plain,False,logistic_l2,0,1,9,C=10.0
plain,False,logistic_l1,0,1,9,C=10.0
plain,False,logistic_l2,0,2,3,C=1.0
plain,False,logistic_l1,0,2,3,C=0.1
plain,False,logistic_l2,0,3,3,C=1.0
plain,False,logistic_l1,0,3,3,C=0.1
plain,False,logistic_l2,0,4,8,C=0.1
plain,False,logistic_l1,0,4,8,C=1.0
plain,False,logistic_l2,1,0,2,C=100.0
plain,False,logistic_l1,1,0,8,C=1.0
plain,False,logistic_l2,1,1,6,C=0.01
plain,False,logistic_l1,1,1,2,C=0.1
plain,False,logistic_l2,1,2,10,C=0.01
plain,False,logistic_l1,1,2,3,C=0.1
plain,False,logistic_l2,1,3,8,C=0.01
plain,False,logistic_l1,1,3,8,C=1.0
plain,False,logistic_l2,1,4,9,C=1.0
plain,False,logistic_l1,1,4,8,C=1.0
plain,False,logistic_l2,2,0,6,C=0.01
plain,False,logistic_l1,2,0,3,C=0.1
plain,False,logistic_l2,2,1,4,C=0.01
plain,False,logistic_l1,2,1,3,C=100.0
plain,False,logistic_l2,2,2,3,C=0.01
plain,False,logistic_l1,2,2,0,C=0.1
plain,False,logistic_l2,2,3,8,C=0.1
plain,False,logistic_l1,2,3,8,C=1.0
plain,False,logistic_l2,2,4,10,C=0.1
plain,False,logistic_l1,2,4,8,C=1.0
plain,False,logistic_l2,3,0,3,C=100.0
plain,False,logistic_l1,3,0,3,C=10.0
plain,False,logistic_l2,3,1,4,C=0.01
plain,False,logistic_l1,3,1,2,C=0.1
plain,False,logistic_l2,3,2,9,C=0.01
plain,False,logistic_l1,3,2,3,C=10.0
plain,False,logistic_l2,3,3,7,C=0.01
plain,False,logistic_l1,3,3,0,C=10.0
plain,False,logistic_l2,3,4,10,C=0.01
plain,False,logistic_l1,3,4,3,C=100.0
plain,False,logistic_l2,4,0,9,C=10.0
plain,False,logistic_l1,4,0,10,C=10.0
plain,False,logistic_l2,4,1,7,C=0.01
plain,False,logistic_l1,4,1,2,C=0.1
plain,False,logistic_l2,4,2,6,C=0.01
plain,False,logistic_l1,4,2,3,C=0.1
plain,False,logistic_l2,4,3,3,C=1.0
plain,False,logistic_l1,4,3,2,C=0.1
plain,False,logistic_l2,4,4,6,C=0.1
plain,False,logistic_l1,4,4,2,C=0.1
plain,False,logistic_l2,5,0,10,C=0.01
plain,False,logistic_l1,5,0,2,C=0.1
plain,False,logistic_l2,5,1,2,C=100.0
plain,False,logistic_l1,5,1,2,C=0.1
plain,False,logistic_l2,5,2,8,C=0.01
plain,False,logistic_l1,5,2,2,C=0.1
plain,False,logistic_l2,5,3,6,C=0.1
plain,False,logistic_l1,5,3,0,C=1.0
plain,False,logistic_l2,5,4,10,C=0.1
plain,False,logistic_l1,5,4,8,C=1.0
plain,False,logistic_l2,6,0,3,C=100.0
plain,False,logistic_l1,6,0,8,C=1.0
plain,False,logistic_l2,6,1,2,C=100.0
plain,False,logistic_l1,6,1,2,C=10.0
plain,False,logistic_l2,6,2,5,C=0.1
plain,False,logistic_l1,6,2,3,C=0.1
plain,False,logistic_l2,6,3,4,C=100.0
plain,False,logistic_l1,6,3,4,C=1.0
plain,False,logistic_l2,6,4,6,C=0.01
plain,False,logistic_l1,6,4,1,C=0.1
plain,False,logistic_l2,7,0,7,C=100.0
plain,False,logistic_l1,7,0,7,C=100.0
plain,False,logistic_l2,7,1,9,C=10.0
plain,False,logistic_l1,7,1,2,C=100.0
plain,False,logistic_l2,7,2,8,C=0.01
plain,False,logistic_l1,7,2,6,C=1.0
plain,False,logistic_l2,7,3,8,C=0.01
plain,False,logistic_l1,7,3,0,C=0.1
plain,False,logistic_l2,7,4,4,C=0.01
plain,False,logistic_l1,7,4,0,C=0.1
plain,False,logistic_l2,8,0,6,C=1.0
plain,False,logistic_l1,8,0,3,C=100.0
plain,False,logistic_l2,8,1,6,C=0.01
plain,False,logistic_l1,8,1,6,C=1.0
plain,False,logistic_l2,8,2,8,C=0.1
plain,False,logistic_l1,8,2,3,C=0.1
plain,False,logistic_l2,8,3,5,C=0.01
plain,False,logistic_l1,8,3,0,C=0.1
plain,False,logistic_l2,8,4,10,C=0.1
plain,False,logistic_l1,8,4,4,C=1.0
plain,False,logistic_l2,9,0,8,C=0.01
plain,False,logistic_l1,9,0,8,C=10.0
plain,False,logistic_l2,9,1,3,C=10.0
plain,False,logistic_l1,9,1,3,C=100.0
plain,False,logistic_l2,9,2,4,C=0.01
plain,False,logistic_l1,9,2,10,C=100.0
plain,False,logistic_l2,9,3,6,C=1.0
plain,False,logistic_l1,9,3,8,C=1.0
plain,False,logistic_l2,9,4,3,C=0.1
plain,False,logistic_l1,9,4,3,C=1.0
donor_grouped,False,logistic_l2,0,0,10,C=0.1
donor_grouped,False,logistic_l1,0,0,6,C=1.0
donor_grouped,False,logistic_l2,0,1,2,C=0.1
donor_grouped,False,logistic_l1,0,1,8,C=1.0
donor_grouped,False,logistic_l2,0,2,4,C=0.01
donor_grouped,False,logistic_l1,0,2,3,C=0.1
donor_grouped,False,logistic_l2,0,3,3,C=100.0
donor_grouped,False,logistic_l1,0,3,3,C=1.0
donor_grouped,False,logistic_l2,0,4,9,C=10.0
donor_grouped,False,logistic_l1,0,4,8,C=1.0
donor_grouped,False,logistic_l2,1,0,10,C=0.1
donor_grouped,False,logistic_l1,1,0,6,C=1.0
donor_grouped,False,logistic_l2,1,1,2,C=100.0
donor_grouped,False,logistic_l1,1,1,2,C=0.1
donor_grouped,False,logistic_l2,1,2,4,C=0.01
donor_grouped,False,logistic_l1,1,2,0,C=0.1
donor_grouped,False,logistic_l2,1,3,4,C=0.01
donor_grouped,False,logistic_l1,1,3,3,C=0.1
donor_grouped,False,logistic_l2,1,4,8,C=0.01
donor_grouped,False,logistic_l1,1,4,8,C=1.0
donor_grouped,False,logistic_l2,2,0,10,C=0.1
donor_grouped,False,logistic_l1,2,0,6,C=1.0
donor_grouped,False,logistic_l2,2,1,6,C=0.1
donor_grouped,False,logistic_l1,2,1,10,C=1.0
donor_grouped,False,logistic_l2,2,2,3,C=100.0
donor_grouped,False,logistic_l1,2,2,3,C=100.0
donor_grouped,False,logistic_l2,2,3,8,C=0.01
donor_grouped,False,logistic_l1,2,3,2,C=0.1
donor_grouped,False,logistic_l2,2,4,4,C=0.01
donor_grouped,False,logistic_l1,2,4,0,C=100.0
donor_grouped,False,logistic_l2,3,0,8,C=0.01
donor_grouped,False,logistic_l1,3,0,0,C=0.1
donor_grouped,False,logistic_l2,3,1,8,C=0.01
donor_grouped,False,logistic_l1,3,1,9,C=0.1
donor_grouped,False,logistic_l2,3,2,6,C=0.01
donor_grouped,False,logistic_l1,3,2,3,C=1.0
donor_grouped,False,logistic_l2,3,3,8,C=0.01
donor_grouped,False,logistic_l1,3,3,2,C=0.1
donor_grouped,False,logistic_l2,3,4,8,C=0.1
donor_grouped,False,logistic_l1,3,4,6,C=1.0
donor_grouped,False,logistic_l2,4,0,8,C=0.01
donor_grouped,False,logistic_l1,4,0,0,C=0.1
donor_grouped,False,logistic_l2,4,1,4,C=0.01
donor_grouped,False,logistic_l1,4,1,2,C=0.1
donor_grouped,False,logistic_l2,4,2,3,C=10.0
donor_grouped,False,logistic_l1,4,2,3,C=1.0
donor_grouped,False,logistic_l2,4,3,8,C=0.01
donor_grouped,False,logistic_l1,4,3,0,C=0.1
donor_grouped,False,logistic_l2,4,4,6,C=0.1
donor_grouped,False,logistic_l1,4,4,3,C=0.1
donor_grouped,False,logistic_l2,5,0,8,C=0.01
donor_grouped,False,logistic_l1,5,0,0,C=0.1
donor_grouped,False,logistic_l2,5,1,8,C=0.1
donor_grouped,False,logistic_l1,5,1,2,C=0.1
donor_grouped,False,logistic_l2,5,2,3,C=0.1
donor_grouped,False,logistic_l1,5,2,2,C=0.1
donor_grouped,False,logistic_l2,5,3,8,C=0.01
donor_grouped,False,logistic_l1,5,3,2,C=100.0
donor_grouped,False,logistic_l2,5,4,1,C=100.0
donor_grouped,False,logistic_l1,5,4,1,C=100.0
donor_grouped,False,logistic_l2,6,0,8,C=0.01
donor_grouped,False,logistic_l1,6,0,0,C=0.1
donor_grouped,False,logistic_l2,6,1,10,C=10.0
donor_grouped,False,logistic_l1,6,1,10,C=10.0
donor_grouped,False,logistic_l2,6,2,3,C=10.0
donor_grouped,False,logistic_l1,6,2,3,C=1.0
donor_grouped,False,logistic_l2,6,3,8,C=1.0
donor_grouped,False,logistic_l1,6,3,6,C=1.0
donor_grouped,False,logistic_l2,6,4,4,C=0.01
donor_grouped,False,logistic_l1,6,4,2,C=0.1
donor_grouped,False,logistic_l2,7,0,8,C=0.01
donor_grouped,False,logistic_l1,7,0,0,C=0.1
donor_grouped,False,logistic_l2,7,1,2,C=100.0
donor_grouped,False,logistic_l1,7,1,2,C=100.0
donor_grouped,False,logistic_l2,7,2,2,C=10.0
donor_grouped,False,logistic_l1,7,2,3,C=1.0
donor_grouped,False,logistic_l2,7,3,10,C=10.0
donor_grouped,False,logistic_l1,7,3,10,C=10.0
donor_grouped,False,logistic_l2,7,4,7,C=0.1
donor_grouped,False,logistic_l1,7,4,6,C=1.0
donor_grouped,False,logistic_l2,8,0,8,C=0.01
donor_grouped,False,logistic_l1,8,0,0,C=0.1
donor_grouped,False,logistic_l2,8,1,2,C=100.0
donor_grouped,False,logistic_l1,8,1,2,C=0.1
donor_grouped,False,logistic_l2,8,2,8,C=0.01
donor_grouped,False,logistic_l1,8,2,2,C=100.0
donor_grouped,False,logistic_l2,8,3,8,C=1.0
donor_grouped,False,logistic_l1,8,3,6,C=1.0
donor_grouped,False,logistic_l2,8,4,1,C=100.0
donor_grouped,False,logistic_l1,8,4,1,C=100.0
donor_grouped,False,logistic_l2,9,0,10,C=0.01
donor_grouped,False,logistic_l1,9,0,4,C=0.1
donor_grouped,False,logistic_l2,9,1,4,C=0.01
donor_grouped,False,logistic_l1,9,1,8,C=0.1
donor_grouped,False,logistic_l2,9,2,6,C=0.01
donor_grouped,False,logistic_l1,9,2,3,C=1.0
donor_grouped,False,logistic_l2,9,3,10,C=0.01
donor_grouped,False,logistic_l1,9,3,0,C=0.1
donor_grouped,False,logistic_l2,9,4,8,C=0.1
donor_grouped,False,logistic_l1,9,4,6,C=1.0
loco,False,logistic_l2,0,0,10,C=0.01
loco,False,logistic_l1,0,0,2,C=0.1
loco,False,logistic_l2,0,1,8,C=0.01
loco,False,logistic_l1,0,1,8,C=1.0
loco,False,logistic_l2,0,2,9,C=0.01
loco,False,logistic_l1,0,2,10,C=100.0
loco,False,logistic_l2,0,3,9,C=0.01
loco,False,logistic_l1,0,3,10,C=100.0
loco,False,logistic_l2,0,4,8,C=0.01
loco,False,logistic_l1,0,4,10,C=0.1
loco,False,logistic_l2,0,5,10,C=0.01
loco,False,logistic_l1,0,5,10,C=10.0
loco,False,logistic_l2,0,6,10,C=0.01
loco,False,logistic_l1,0,6,10,C=100.0
loco,False,logistic_l2,0,7,6,C=0.01
loco,False,logistic_l1,0,7,10,C=100.0
loco,False,logistic_l2,0,8,8,C=0.01
loco,False,logistic_l1,0,8,10,C=100.0
loco,False,logistic_l2,0,9,9,C=0.01
loco,False,logistic_l1,0,9,10,C=100.0
loco,False,logistic_l2,0,10,10,C=100.0
loco,False,logistic_l1,0,10,10,C=100.0
loco,False,logistic_l2,0,11,10,C=100.0
loco,False,logistic_l1,0,11,10,C=100.0
loco,False,logistic_l2,0,12,8,C=0.01
loco,False,logistic_l1,0,12,10,C=100.0
loco,False,logistic_l2,0,13,10,C=0.1
loco,False,logistic_l1,0,13,8,C=0.1
loco,False,logistic_l2,0,14,10,C=100.0
loco,False,logistic_l1,0,14,10,C=100.0
loco,False,logistic_l2,0,15,9,C=0.01
loco,False,logistic_l1,0,15,10,C=100.0
loco,False,logistic_l2,0,16,9,C=0.01
loco,False,logistic_l1,0,16,10,C=100.0
loco,False,logistic_l2,0,17,9,C=0.01
loco,False,logistic_l1,0,17,8,C=0.1
loco,False,logistic_l2,0,18,9,C=0.01
loco,False,logistic_l1,0,18,10,C=100.0
loco,False,logistic_l2,0,19,9,C=0.01
loco,False,logistic_l1,0,19,4,C=0.1
loco,False,logistic_l2,0,20,9,C=0.01
loco,False,logistic_l1,0,20,10,C=100.0
loco,False,logistic_l2,0,21,10,C=0.01
loco,False,logistic_l1,0,21,3,C=0.1
loco,False,logistic_l2,0,22,8,C=0.01
loco,False,logistic_l1,0,22,8,C=0.1
loco,False,logistic_l2,0,23,10,C=0.01
loco,False,logistic_l1,0,23,8,C=0.1
loco,False,logistic_l2,0,24,8,C=0.1
loco,False,logistic_l1,0,24,10,C=0.1
loco,False,logistic_l2,0,25,8,C=0.1
loco,False,logistic_l1,0,25,10,C=100.0
loco,False,logistic_l2,0,26,8,C=0.1
loco,False,logistic_l1,0,26,10,C=100.0
loco,False,logistic_l2,0,27,8,C=0.01
loco,False,logistic_l1,0,27,10,C=100.0
loco,False,logistic_l2,0,28,10,C=0.01
loco,False,logistic_l1,0,28,10,C=100.0
loco,False,logistic_l2,0,29,9,C=0.01
loco,False,logistic_l1,0,29,10,C=100.0
loco,False,logistic_l2,0,30,10,C=0.01
loco,False,logistic_l1,0,30,10,C=100.0
loco,False,logistic_l2,0,31,10,C=0.01
loco,False,logistic_l1,0,31,8,C=0.1
loco,False,logistic_l2,0,32,8,C=0.01
loco,False,logistic_l1,0,32,8,C=0.1
loco,False,logistic_l2,0,33,10,C=0.01
loco,False,logistic_l1,0,33,10,C=100.0
loco,False,logistic_l2,0,34,8,C=0.01
loco,False,logistic_l1,0,34,8,C=0.1
loco,False,logistic_l2,0,35,10,C=0.01
loco,False,logistic_l1,0,35,8,C=0.1
loco,False,logistic_l2,0,36,8,C=0.1
loco,False,logistic_l1,0,36,2,C=0.1
loco,False,logistic_l2,0,37,9,C=0.01
loco,False,logistic_l1,0,37,4,C=0.1
loco,False,logistic_l2,0,38,8,C=0.01
loco,False,logistic_l1,0,38,8,C=0.1
loco,False,logistic_l2,0,39,10,C=0.01
loco,False,logistic_l1,0,39,8,C=0.1
loco,False,logistic_l2,0,40,9,C=0.01
loco,False,logistic_l1,0,40,4,C=0.1
loco,False,logistic_l2,0,41,9,C=0.01
loco,False,logistic_l1,0,41,8,C=0.1
loco,False,logistic_l2,0,42,8,C=0.01
loco,False,logistic_l1,0,42,8,C=0.1
loco,False,logistic_l2,0,43,9,C=0.01
loco,False,logistic_l1,0,43,8,C=0.1
loco,False,logistic_l2,0,44,9,C=0.1
loco,False,logistic_l1,0,44,3,C=1.0
loco,False,logistic_l2,0,45,8,C=0.01
loco,False,logistic_l1,0,45,3,C=1.0
loco,False,logistic_l2,0,46,3,C=100.0
loco,False,logistic_l1,0,46,3,C=0.1
loco,False,logistic_l2,0,47,9,C=0.01
loco,False,logistic_l1,0,47,2,C=0.1
loco,False,logistic_l2,0,48,8,C=0.01
loco,False,logistic_l1,0,48,10,C=100.0
loco,False,logistic_l2,0,49,10,C=0.01
loco,False,logistic_l1,0,49,2,C=0.1
loco,False,logistic_l2,0,50,10,C=0.01
loco,False,logistic_l1,0,50,2,C=0.1
loco,False,logistic_l2,0,51,9,C=0.01
loco,False,logistic_l1,0,51,2,C=0.1
loco,False,logistic_l2,0,52,8,C=0.01
loco,False,logistic_l1,0,52,2,C=0.1
loco,False,logistic_l2,0,53,8,C=0.01
loco,False,logistic_l1,0,53,2,C=0.1
loco,False,logistic_l2,0,54,8,C=0.01
loco,False,logistic_l1,0,54,2,C=0.1
loco,False,logistic_l2,0,55,8,C=0.01
loco,False,logistic_l1,0,55,3,C=1.0
loco,False,logistic_l2,0,56,8,C=0.01
loco,False,logistic_l1,0,56,2,C=0.1
loco,False,logistic_l2,0,57,8,C=0.01
loco,False,logistic_l1,0,57,2,C=0.1
loco,False,logistic_l2,0,58,8,C=0.01
loco,False,logistic_l1,0,58,2,C=0.1
loco,False,logistic_l2,0,59,2,C=100.0
loco,False,logistic_l1,0,59,4,C=1.0
loco,False,logistic_l2,0,60,8,C=1.0
loco,False,logistic_l1,0,60,10,C=100.0
loco,False,logistic_l2,0,61,8,C=0.01
loco,False,logistic_l1,0,61,2,C=0.1
loco,False,logistic_l2,0,62,9,C=0.01
loco,False,logistic_l1,0,62,10,C=100.0
loco,False,logistic_l2,0,63,2,C=100.0
loco,False,logistic_l1,0,63,2,C=100.0
loco,False,logistic_l2,0,64,10,C=0.1
loco,False,logistic_l1,0,64,3,C=1.0
loco,False,logistic_l2,0,65,8,C=0.01
loco,False,logistic_l1,0,65,10,C=100.0
loco,False,logistic_l2,0,66,10,C=100.0
loco,False,logistic_l1,0,66,10,C=100.0
loco,False,logistic_l2,0,67,8,C=0.01
loco,False,logistic_l1,0,67,10,C=100.0
loco,False,logistic_l2,0,68,2,C=100.0
loco,False,logistic_l1,0,68,2,C=100.0
loco,False,logistic_l2,0,69,2,C=100.0
loco,False,logistic_l1,0,69,8,C=10.0
loco,False,logistic_l2,0,70,8,C=0.1
loco,False,logistic_l1,0,70,8,C=100.0
loco,False,logistic_l2,0,71,10,C=100.0
loco,False,logistic_l1,0,71,8,C=10.0
loco,False,logistic_l2,0,72,9,C=0.01
loco,False,logistic_l1,0,72,8,C=100.0
loco,False,logistic_l2,0,73,10,C=100.0
loco,False,logistic_l1,0,73,9,C=10.0
loco,False,logistic_l2,0,74,10,C=100.0
loco,False,logistic_l1,0,74,9,C=10.0
loco,False,logistic_l2,0,75,10,C=100.0
loco,False,logistic_l1,0,75,10,C=10.0
loco,False,logistic_l2,0,76,10,C=100.0
loco,False,logistic_l1,0,76,10,C=10.0
loco,False,logistic_l2,0,77,10,C=100.0
loco,False,logistic_l1,0,77,10,C=10.0
loco,False,logistic_l2,0,78,10,C=100.0
loco,False,logistic_l1,0,78,10,C=10.0
loco,False,logistic_l2,0,79,8,C=0.1
loco,False,logistic_l1,0,79,3,C=1.0
loco,False,logistic_l2,0,80,10,C=100.0
loco,False,logistic_l1,0,80,10,C=100.0
loco,False,logistic_l2,0,81,8,C=0.1
loco,False,logistic_l1,0,81,10,C=100.0
loco,False,logistic_l2,0,82,8,C=0.01
loco,False,logistic_l1,0,82,8,C=100.0
loco,False,logistic_l2,0,83,10,C=100.0
loco,False,logistic_l1,0,83,10,C=10.0
loco,False,logistic_l2,0,84,8,C=0.1
loco,False,logistic_l1,0,84,10,C=100.0
loco,False,logistic_l2,0,85,10,C=100.0
loco,False,logistic_l1,0,85,10,C=10.0
loco,False,logistic_l2,0,86,10,C=0.01
loco,False,logistic_l1,0,86,8,C=100.0
loco,False,logistic_l2,0,87,8,C=100.0
loco,False,logistic_l1,0,87,8,C=10.0
loco,False,logistic_l2,0,88,10,C=100.0
loco,False,logistic_l1,0,88,10,C=10.0
loco,False,logistic_l2,0,89,8,C=0.01
loco,False,logistic_l1,0,89,6,C=100.0
loco,False,logistic_l2,0,90,10,C=100.0
loco,False,logistic_l1,0,90,10,C=100.0
loco,False,logistic_l2,0,91,8,C=0.01
loco,False,logistic_l1,0,91,6,C=100.0
loco,False,logistic_l2,0,92,10,C=0.01
loco,False,logistic_l1,0,92,7,C=10.0
loco,False,logistic_l2,0,93,10,C=0.01
loco,False,logistic_l1,0,93,7,C=100.0
loco,False,logistic_l2,0,94,10,C=100.0
loco,False,logistic_l1,0,94,10,C=10.0
loco,False,logistic_l2,0,95,2,C=100.0
loco,False,logistic_l1,0,95,8,C=10.0
loco,False,logistic_l2,0,96,10,C=100.0
loco,False,logistic_l1,0,96,10,C=100.0
loco,False,logistic_l2,0,97,10,C=100.0
loco,False,logistic_l1,0,97,10,C=10.0
loco,False,logistic_l2,0,98,10,C=100.0
loco,False,logistic_l1,0,98,10,C=10.0
loco,False,logistic_l2,0,99,10,C=100.0
loco,False,logistic_l1,0,99,10,C=100.0
loco,False,logistic_l2,0,100,10,C=100.0
loco,False,logistic_l1,0,100,10,C=100.0
loco,False,logistic_l2,0,101,3,C=100.0
loco,False,logistic_l1,0,101,3,C=100.0
loco,False,logistic_l2,0,102,10,C=100.0
loco,False,logistic_l1,0,102,10,C=100.0
loco,False,logistic_l2,0,103,10,C=100.0
loco,False,logistic_l1,0,103,10,C=100.0
loco,False,logistic_l2,0,104,10,C=100.0
loco,False,logistic_l1,0,104,10,C=100.0
loco,False,logistic_l2,0,105,10,C=100.0
loco,False,logistic_l1,0,105,10,C=100.0
loco,False,logistic_l2,0,106,8,C=0.01
loco,False,logistic_l1,0,106,2,C=0.1
loco,False,logistic_l2,0,107,10,C=100.0
loco,False,logistic_l1,0,107,10,C=100.0
loco,False,logistic_l2,0,108,10,C=100.0
loco,False,logistic_l1,0,108,10,C=100.0
loco,False,logistic_l2,0,109,10,C=100.0
loco,False,logistic_l1,0,109,10,C=100.0
loco,False,logistic_l2,0,110,10,C=100.0
loco,False,logistic_l1,0,110,8,C=100.0
loco,False,logistic_l2,0,111,9,C=0.01
loco,False,logistic_l1,0,111,8,C=1.0
loco,False,logistic_l2,0,112,10,C=100.0
loco,False,logistic_l1,0,112,8,C=100.0
loco,False,logistic_l2,0,113,10,C=0.01
loco,False,logistic_l1,0,113,8,C=1.0
loco,False,logistic_l2,0,114,10,C=0.1
loco,False,logistic_l1,0,114,8,C=1.0
loco,False,logistic_l2,0,115,10,C=100.0
loco,False,logistic_l1,0,115,8,C=100.0
loco,False,logistic_l2,0,116,6,C=0.01
loco,False,logistic_l1,0,116,8,C=1.0
loco,False,logistic_l2,0,117,10,C=100.0
loco,False,logistic_l1,0,117,8,C=100.0
loco,False,logistic_l2,0,118,10,C=100.0
loco,False,logistic_l1,0,118,10,C=100.0
loco,False,logistic_l2,0,119,6,C=0.01
loco,False,logistic_l1,0,119,8,C=1.0
loco,False,logistic_l2,0,120,10,C=100.0
loco,False,logistic_l1,0,120,10,C=100.0
loco,False,logistic_l2,0,121,10,C=0.01
loco,False,logistic_l1,0,121,8,C=1.0
loco,False,logistic_l2,0,122,10,C=100.0
loco,False,logistic_l1,0,122,10,C=100.0
loco,False,logistic_l2,0,123,8,C=100.0
loco,False,logistic_l1,0,123,8,C=100.0
loco,False,logistic_l2,0,124,8,C=0.01
loco,False,logistic_l1,0,124,8,C=1.0
loco,False,logistic_l2,0,125,8,C=0.01
loco,False,logistic_l1,0,125,8,C=100.0
loco,False,logistic_l2,0,126,10,C=100.0
loco,False,logistic_l1,0,126,8,C=100.0
loco,False,logistic_l2,0,127,10,C=100.0
loco,False,logistic_l1,0,127,10,C=100.0
loco,False,logistic_l2,0,128,6,C=0.1
loco,False,logistic_l1,0,128,8,C=1.0
loco,False,logistic_l2,0,129,9,C=0.01
loco,False,logistic_l1,0,129,3,C=1.0
loco,False,logistic_l2,0,130,8,C=0.01
loco,False,logistic_l1,0,130,3,C=100.0
loco,False,logistic_l2,0,131,9,C=0.01
loco,False,logistic_l1,0,131,3,C=100.0
loco,False,logistic_l2,0,132,10,C=0.1
loco,False,logistic_l1,0,132,3,C=1.0
loco,False,logistic_l2,0,133,10,C=0.01
loco,False,logistic_l1,0,133,3,C=100.0
loco,False,logistic_l2,0,134,10,C=0.01
loco,False,logistic_l1,0,134,3,C=100.0
loco,False,logistic_l2,0,135,10,C=0.01
loco,False,logistic_l1,0,135,10,C=100.0
loco,False,logistic_l2,0,136,10,C=0.01
loco,False,logistic_l1,0,136,10,C=100.0
loco,False,logistic_l2,0,137,10,C=0.01
loco,False,logistic_l1,0,137,3,C=1.0
lodo,False,logistic_l2,0,0,8,C=0.1
lodo,False,logistic_l1,0,0,2,C=0.1
lodo,False,logistic_l2,0,1,6,C=0.01
lodo,False,logistic_l1,0,1,3,C=1.0
lodo,False,logistic_l2,0,2,4,C=0.01
lodo,False,logistic_l1,0,2,0,C=0.1
lodo,False,logistic_l2,0,3,4,C=100.0
lodo,False,logistic_l1,0,3,6,C=1.0
lodo,False,logistic_l2,0,4,8,C=0.01
lodo,False,logistic_l1,0,4,4,C=1.0
lodo,False,logistic_l2,0,5,9,C=1.0
lodo,False,logistic_l1,0,5,4,C=1.0
lodo,False,logistic_l2,0,6,9,C=0.1
lodo,False,logistic_l1,0,6,4,C=0.1
lodo,False,logistic_l2,0,7,2,C=10.0
lodo,False,logistic_l1,0,7,2,C=10.0
lodo,False,logistic_l2,0,8,10,C=0.01
lodo,False,logistic_l1,0,8,2,C=0.1
lodo,False,logistic_l2,0,9,7,C=100.0
lodo,False,logistic_l1,0,9,7,C=100.0
lodo,False,logistic_l2,0,10,5,C=100.0
lodo,False,logistic_l1,0,10,5,C=100.0
lodo,False,logistic_l2,0,11,7,C=100.0
lodo,False,logistic_l1,0,11,7,C=100.0
lodo,False,logistic_l2,0,12,3,C=100.0
lodo,False,logistic_l1,0,12,3,C=100.0
lodo,False,logistic_l2,0,13,10,C=100.0
lodo,False,logistic_l1,0,13,10,C=100.0
lodo,False,logistic_l2,0,14,8,C=1.0
lodo,False,logistic_l1,0,14,2,C=0.1
lodo,False,logistic_l2,0,15,8,C=0.01
lodo,False,logistic_l1,0,15,8,C=1.0
lodo,False,logistic_l2,0,16,9,C=0.1
lodo,False,logistic_l1,0,16,2,C=0.1
lodo,False,logistic_l2,0,17,8,C=0.01
lodo,False,logistic_l1,0,17,3,C=1.0
lodo,False,logistic_l2,0,18,3,C=100.0
lodo,False,logistic_l1,0,18,4,C=0.1
lodo,False,logistic_l2,0,19,10,C=0.01
lodo,False,logistic_l1,0,19,3,C=1.0
