model,k,param_str,mae_mean,mae_std,rmse_mean,rmse_std,r2_mean,r2_std,frac_out_of_range_mean,frac_out_of_range_std,scheme,pool_correction,tuning,n_outer_folds,selection_distribution,fold_features,label_variant
lasso,0,alpha=0.001,0.0567247512267144,0.0014862243964005,0.0785853102504525,0.0020596004610541,0.8293487378216854,0.0091784418259296,0.025735294117647,0.0148076543794051,plain,False,flat,,,fold_features_D30_qualonly_da_untreated.csv,da_untreated
lasso,0,alpha=0.01,0.0560210043880691,0.0005010225319149,0.0787392203061528,0.0005979080372659,0.8287765978656255,0.0025989115899644,0.0014705882352941,0.0031002722158513,plain,False,flat,,,fold_features_D30_qualonly_da_untreated.csv,da_untreated
lasso,0,alpha=0.1,0.103442482614989,0.0005158633380849,0.1275530573775656,0.0007919623141191,0.5506805918217638,0.0056044014087948,0.0,0.0,plain,False,flat,,,fold_features_D30_qualonly_da_untreated.csv,da_untreated
lasso,0,alpha=1.0,0.1581543285450711,0.0001747281207577,0.1908781385336844,0.0003691653167042,-0.0061719568614739,0.0038935034982812,0.0,0.0,plain,False,flat,,,fold_features_D30_qualonly_da_untreated.csv,da_untreated
lasso,0,alpha=10.0,0.1581543285450711,0.0001747281207577,0.1908781385336844,0.0003691653167042,-0.0061719568614739,0.0038935034982812,0.0,0.0,plain,False,flat,,,fold_features_D30_qualonly_da_untreated.csv,da_untreated
lasso,1,alpha=0.001,0.05696015732104,0.0014976306006065,0.0793214895702282,0.0019470394591096,0.8261496676408415,0.008633374177508,0.0294117647058823,0.0134245724878717,plain,False,flat,,,fold_features_D30_qualonly_da_untreated.csv,da_untreated
lasso,1,alpha=0.01,0.0560210043880691,0.0005010225319149,0.0787392203061528,0.0005979080372659,0.8287765978656255,0.0025989115899644,0.0014705882352941,0.0031002722158513,plain,False,flat,,,fold_features_D30_qualonly_da_untreated.csv,da_untreated
lasso,1,alpha=0.1,0.103442482614989,0.0005158633380849,0.1275530573775656,0.0007919623141191,0.5506805918217638,0.0056044014087948,0.0,0.0,plain,False,flat,,,fold_features_D30_qualonly_da_untreated.csv,da_untreated
lasso,1,alpha=1.0,0.1581543285450711,0.0001747281207577,0.1908781385336844,0.0003691653167042,-0.0061719568614739,0.0038935034982812,0.0,0.0,plain,False,flat,,,fold_features_D30_qualonly_da_untreated.csv,da_untreated
lasso,1,alpha=10.0,0.1581543285450711,0.0001747281207577,0.1908781385336844,0.0003691653167042,-0.0061719568614739,0.0038935034982812,0.0,0.0,plain,False,flat,,,fold_features_D30_qualonly_da_untreated.csv,da_untreated
lasso,2,alpha=0.001,0.0571390479132479,0.0016992380130995,0.0795825639717336,0.0023408779424835,0.8249620301196494,0.0105014571794279,0.0294117647058823,0.0134245724878717,plain,False,flat,,,fold_features_D30_qualonly_da_untreated.csv,da_untreated
lasso,2,alpha=0.01,0.0560203197167029,0.0005006667939127,0.0787393772146583,0.0005981162670034,0.8287759092955687,0.0025998273732493,0.0014705882352941,0.0031002722158513,plain,False,flat,,,fold_features_D30_qualonly_da_untreated.csv,da_untreated
lasso,2,alpha=0.1,0.103442482614989,0.0005158633380849,0.1275530573775656,0.0007919623141191,0.5506805918217638,0.0056044014087948,0.0,0.0,plain,False,flat,,,fold_features_D30_qualonly_da_untreated.csv,da_untreated
lasso,2,alpha=1.0,0.1581543285450711,0.0001747281207577,0.1908781385336844,0.0003691653167042,-0.0061719568614739,0.0038935034982812,0.0,0.0,plain,False,flat,,,fold_features_D30_qualonly_da_untreated.csv,da_untreated
lasso,2,alpha=10.0,0.1581543285450711,0.0001747281207577,0.1908781385336844,0.0003691653167042,-0.0061719568614739,0.0038935034982812,0.0,0.0,plain,False,flat,,,fold_features_D30_qualonly_da_untreated.csv,da_untreated
lasso,3,alpha=0.001,0.0575563769393078,0.0017617225229005,0.0796432249282704,0.002468057253761,0.8246800936979641,0.0110949850718642,0.0419117647058823,0.0120322918712093,plain,False,flat,,,fold_features_D30_qualonly_da_untreated.csv,da_untreated
lasso,3,alpha=0.01,0.0560194282147378,0.0004983309969568,0.0787435425126874,0.0006013342665812,0.8287576983804452,0.0026139453448646,0.0014705882352941,0.0031002722158513,plain,False,flat,,,fold_features_D30_qualonly_da_untreated.csv,da_untreated
lasso,3,alpha=0.1,0.103442482614989,0.0005158633380849,0.1275530573775656,0.0007919623141191,0.5506805918217638,0.0056044014087948,0.0,0.0,plain,False,flat,,,fold_features_D30_qualonly_da_untreated.csv,da_untreated
lasso,3,alpha=1.0,0.1581543285450711,0.0001747281207577,0.1908781385336844,0.0003691653167042,-0.0061719568614739,0.0038935034982812,0.0,0.0,plain,False,flat,,,fold_features_D30_qualonly_da_untreated.csv,da_untreated
lasso,3,alpha=10.0,0.1581543285450711,0.0001747281207577,0.1908781385336844,0.0003691653167042,-0.0061719568614739,0.0038935034982812,0.0,0.0,plain,False,flat,,,fold_features_D30_qualonly_da_untreated.csv,da_untreated
lasso,4,alpha=0.001,0.0577554296855828,0.0018188728208877,0.0799247645079915,0.0025535701093633,0.8234287871754434,0.011518002816982,0.0455882352941176,0.0133347750085641,plain,False,flat,,,fold_features_D30_qualonly_da_untreated.csv,da_untreated
lasso,4,alpha=0.01,0.0560213600907329,0.000511524004992,0.0788079798982755,0.0006375726307948,0.8284762206982004,0.0027736119248991,0.0014705882352941,0.0031002722158513,plain,False,flat,,,fold_features_D30_qualonly_da_untreated.csv,da_untreated
lasso,4,alpha=0.1,0.103442482614989,0.0005158633380849,0.1275530573775656,0.0007919623141191,0.5506805918217638,0.0056044014087948,0.0,0.0,plain,False,flat,,,fold_features_D30_qualonly_da_untreated.csv,da_untreated
lasso,4,alpha=1.0,0.1581543285450711,0.0001747281207577,0.1908781385336844,0.0003691653167042,-0.0061719568614739,0.0038935034982812,0.0,0.0,plain,False,flat,,,fold_features_D30_qualonly_da_untreated.csv,da_untreated
lasso,4,alpha=10.0,0.1581543285450711,0.0001747281207577,0.1908781385336844,0.0003691653167042,-0.0061719568614739,0.0038935034982812,0.0,0.0,plain,False,flat,,,fold_features_D30_qualonly_da_untreated.csv,da_untreated
lasso,5,alpha=0.001,0.0581035360478039,0.0019041149184141,0.0802287511424099,0.0026776849088247,0.8220681854228229,0.0121242966458026,0.05,0.0154236595319139,plain,False,flat,,,fold_features_D30_qualonly_da_untreated.csv,da_untreated
lasso,5,alpha=0.01,0.0560213600907329,0.000511524004992,0.0788079798982755,0.0006375726307948,0.8284762206982004,0.0027736119248991,0.0014705882352941,0.0031002722158513,plain,False,flat,,,fold_features_D30_qualonly_da_untreated.csv,da_untreated
lasso,5,alpha=0.1,0.103442482614989,0.0005158633380849,0.1275530573775656,0.0007919623141191,0.5506805918217638,0.0056044014087948,0.0,0.0,plain,False,flat,,,fold_features_D30_qualonly_da_untreated.csv,da_untreated
lasso,5,alpha=1.0,0.1581543285450711,0.0001747281207577,0.1908781385336844,0.0003691653167042,-0.0061719568614739,0.0038935034982812,0.0,0.0,plain,False,flat,,,fold_features_D30_qualonly_da_untreated.csv,da_untreated
lasso,5,alpha=10.0,0.1581543285450711,0.0001747281207577,0.1908781385336844,0.0003691653167042,-0.0061719568614739,0.0038935034982812,0.0,0.0,plain,False,flat,,,fold_features_D30_qualonly_da_untreated.csv,da_untreated
lasso,6,alpha=0.001,0.0573319720766901,0.0019364858149947,0.0793969439463161,0.0026825021339973,0.8257343150895131,0.0120640616542263,0.0639705882352941,0.010427474208913,plain,False,flat,,,fold_features_D30_qualonly_da_untreated.csv,da_untreated
lasso,6,alpha=0.01,0.0560334911782625,0.0005835568578801,0.0789314493956481,0.0007319221973212,0.827935162793519,0.0031943830149443,0.0022058823529411,0.0049628570419893,plain,False,flat,,,fold_features_D30_qualonly_da_untreated.csv,da_untreated
lasso,6,alpha=0.1,0.103442482614989,0.0005158633380849,0.1275530573775656,0.0007919623141191,0.5506805918217638,0.0056044014087948,0.0,0.0,plain,False,flat,,,fold_features_D30_qualonly_da_untreated.csv,da_untreated
lasso,6,alpha=1.0,0.1581543285450711,0.0001747281207577,0.1908781385336844,0.0003691653167042,-0.0061719568614739,0.0038935034982812,0.0,0.0,plain,False,flat,,,fold_features_D30_qualonly_da_untreated.csv,da_untreated
lasso,6,alpha=10.0,0.1581543285450711,0.0001747281207577,0.1908781385336844,0.0003691653167042,-0.0061719568614739,0.0038935034982812,0.0,0.0,plain,False,flat,,,fold_features_D30_qualonly_da_untreated.csv,da_untreated
lasso,7,alpha=0.001,0.0575693535794727,0.001769050352127,0.0796818673909728,0.0025721964549229,0.8244970251252782,0.0116096807737749,0.0647058823529411,0.0096805968912409,plain,False,flat,,,fold_features_D30_qualonly_da_untreated.csv,da_untreated
lasso,7,alpha=0.01,0.0560634018979457,0.000596069546695,0.0789636164289464,0.0007371651464227,0.8277947100339658,0.0032172985928502,0.0022058823529411,0.0049628570419893,plain,False,flat,,,fold_features_D30_qualonly_da_untreated.csv,da_untreated
lasso,7,alpha=0.1,0.103442482614989,0.0005158633380849,0.1275530573775656,0.0007919623141191,0.5506805918217638,0.0056044014087948,0.0,0.0,plain,False,flat,,,fold_features_D30_qualonly_da_untreated.csv,da_untreated
lasso,7,alpha=1.0,0.1581543285450711,0.0001747281207577,0.1908781385336844,0.0003691653167042,-0.0061719568614739,0.0038935034982812,0.0,0.0,plain,False,flat,,,fold_features_D30_qualonly_da_untreated.csv,da_untreated
lasso,7,alpha=10.0,0.1581543285450711,0.0001747281207577,0.1908781385336844,0.0003691653167042,-0.0061719568614739,0.0038935034982812,0.0,0.0,plain,False,flat,,,fold_features_D30_qualonly_da_untreated.csv,da_untreated
lasso,8,alpha=0.001,0.0582775761656635,0.0018394655917762,0.0798276242760406,0.0026882986151509,0.8238397876891559,0.0121648911331149,0.0698529411764705,0.0170691032808628,plain,False,flat,,,fold_features_D30_qualonly_da_untreated.csv,da_untreated
lasso,8,alpha=0.01,0.0560634018979457,0.000596069546695,0.0789636164289464,0.0007371651464227,0.8277947100339658,0.0032172985928502,0.0022058823529411,0.0049628570419893,plain,False,flat,,,fold_features_D30_qualonly_da_untreated.csv,da_untreated
lasso,8,alpha=0.1,0.103442482614989,0.0005158633380849,0.1275530573775656,0.0007919623141191,0.5506805918217638,0.0056044014087948,0.0,0.0,plain,False,flat,,,fold_features_D30_qualonly_da_untreated.csv,da_untreated
lasso,8,alpha=1.0,0.1581543285450711,0.0001747281207577,0.1908781385336844,0.0003691653167042,-0.0061719568614739,0.0038935034982812,0.0,0.0,plain,False,flat,,,fold_features_D30_qualonly_da_untreated.csv,da_untreated
lasso,8,alpha=10.0,0.1581543285450711,0.0001747281207577,0.1908781385336844,0.0003691653167042,-0.0061719568614739,0.0038935034982812,0.0,0.0,plain,False,flat,,,fold_features_D30_qualonly_da_untreated.csv,da_untreated
lasso,9,alpha=0.001,0.0584394041656944,0.0018016324858765,0.0796936473012201,0.0025418705344103,0.82444903294391,0.0114358575624479,0.0713235294117647,0.0138864857590346,plain,False,flat,,,fold_features_D30_qualonly_da_untreated.csv,da_untreated
lasso,9,alpha=0.01,0.0561487027700809,0.0007224380633035,0.0790817595356162,0.0008453581172418,0.8272748122293695,0.0037015866737366,0.0029411764705882,0.0051412198439713,plain,False,flat,,,fold_features_D30_qualonly_da_untreated.csv,da_untreated
lasso,9,alpha=0.1,0.103442482614989,0.0005158633380849,0.1275530573775656,0.0007919623141191,0.5506805918217638,0.0056044014087948,0.0,0.0,plain,False,flat,,,fold_features_D30_qualonly_da_untreated.csv,da_untreated
lasso,9,alpha=1.0,0.1581543285450711,0.0001747281207577,0.1908781385336844,0.0003691653167042,-0.0061719568614739,0.0038935034982812,0.0,0.0,plain,False,flat,,,fold_features_D30_qualonly_da_untreated.csv,da_untreated
lasso,9,alpha=10.0,0.1581543285450711,0.0001747281207577,0.1908781385336844,0.0003691653167042,-0.0061719568614739,0.0038935034982812,0.0,0.0,plain,False,flat,,,fold_features_D30_qualonly_da_untreated.csv,da_untreated
lasso,10,alpha=0.001,0.0586303400496732,0.0019425001202052,0.0801498870176014,0.0027117334853091,0.8224129131854753,0.0122595237083079,0.0654411764705882,0.013624453048713,plain,False,flat,,,fold_features_D30_qualonly_da_untreated.csv,da_untreated
lasso,10,alpha=0.01,0.0562314300327381,0.0008940596167285,0.0792817431563494,0.0010430194162206,0.8263909383348501,0.0045911806501053,0.0022058823529411,0.0049628570419893,plain,False,flat,,,fold_features_D30_qualonly_da_untreated.csv,da_untreated
lasso,10,alpha=0.1,0.103442482614989,0.0005158633380849,0.1275530573775656,0.0007919623141191,0.5506805918217638,0.0056044014087948,0.0,0.0,plain,False,flat,,,fold_features_D30_qualonly_da_untreated.csv,da_untreated
lasso,10,alpha=1.0,0.1581543285450711,0.0001747281207577,0.1908781385336844,0.0003691653167042,-0.0061719568614739,0.0038935034982812,0.0,0.0,plain,False,flat,,,fold_features_D30_qualonly_da_untreated.csv,da_untreated
lasso,10,alpha=10.0,0.1581543285450711,0.0001747281207577,0.1908781385336844,0.0003691653167042,-0.0061719568614739,0.0038935034982812,0.0,0.0,plain,False,flat,,,fold_features_D30_qualonly_da_untreated.csv,da_untreated
ridge,0,alpha=0.01,0.0581687328256154,0.0019178016221695,0.0800159856385301,0.0034326364063322,0.8228950827346908,0.0158607115785118,0.0433823529411764,0.0106554240780804,plain,False,flat,,,fold_features_D30_qualonly_da_untreated.csv,da_untreated
ridge,0,alpha=0.1,0.0581547433550462,0.0018881990659413,0.0799908483834617,0.0033948578323389,0.8230125680666592,0.0156708516303896,0.0433823529411764,0.0112050288731984,plain,False,flat,,,fold_features_D30_qualonly_da_untreated.csv,da_untreated
ridge,0,alpha=1.0,0.058039016206438,0.0017246798235163,0.0799192101250758,0.0031959182691433,0.823361514384156,0.0146891485642422,0.0485294117647058,0.0105135346027094,plain,False,flat,,,fold_features_D30_qualonly_da_untreated.csv,da_untreated
ridge,0,alpha=10.0,0.0578195023389061,0.0014377756758125,0.0806058272082337,0.0025677284277306,0.8204077058736358,0.0118029957350688,0.0323529411764705,0.0116001564374502,plain,False,flat,,,fold_features_D30_qualonly_da_untreated.csv,da_untreated
ridge,0,alpha=100.0,0.0795760579709328,0.0009815154980695,0.1039225303446276,0.0010944215064023,0.7017220590392859,0.0063449365402225,0.0095588235294117,0.0069756124856655,plain,False,flat,,,fold_features_D30_qualonly_da_untreated.csv,da_untreated
ridge,1,alpha=0.01,0.0579893624936163,0.0018897656020231,0.0808455392433103,0.0026487081900267,0.8193284228289095,0.0120165074490645,0.0514705882352941,0.0060036513303509,plain,False,flat,,,fold_features_D30_qualonly_da_untreated.csv,da_untreated
ridge,1,alpha=0.1,0.0579471026522864,0.0018244584034489,0.0807583636287185,0.0026163380485266,0.8197217085761421,0.0118693268953132,0.0522058823529411,0.0073119773971452,plain,False,flat,,,fold_features_D30_qualonly_da_untreated.csv,da_untreated
ridge,1,alpha=1.0,0.0580297448324467,0.0017260418077462,0.0805593655429684,0.0026652917116079,0.8206018040647136,0.0121548713760656,0.0477941176470588,0.0071457743809378,plain,False,flat,,,fold_features_D30_qualonly_da_untreated.csv,da_untreated
ridge,1,alpha=10.0,0.0595925258493103,0.0016339314806872,0.0829918825099089,0.003147994894581,0.8095453394813937,0.0150162404366622,0.0367647058823529,0.0103986291350962,plain,False,flat,,,fold_features_D30_qualonly_da_untreated.csv,da_untreated
ridge,1,alpha=100.0,0.0740764978392343,0.0009519402183698,0.0978282740042012,0.0012750759083366,0.7356656867664447,0.0069759002493971,0.0088235294117647,0.004650408323777,plain,False,flat,,,fold_features_D30_qualonly_da_untreated.csv,da_untreated
ridge,2,alpha=0.01,0.058458030340072,0.0022349073656966,0.0814205700049736,0.0031128313920761,0.816685181382009,0.0142497238500246,0.0522058823529411,0.0073119773971452,plain,False,flat,,,fold_features_D30_qualonly_da_untreated.csv,da_untreated
ridge,2,alpha=0.1,0.0583662207582337,0.0021470345394053,0.081255760411274,0.0030405265556724,0.8174366374514491,0.0139106163686835,0.0522058823529411,0.0073119773971452,plain,False,flat,,,fold_features_D30_qualonly_da_untreated.csv,da_untreated
ridge,2,alpha=1.0,0.0582655028587153,0.001892974707664,0.0808330172496914,0.0029059112021275,0.8193488237457058,0.0133288490917309,0.0455882352941176,0.0090387690757773,plain,False,flat,,,fold_features_D30_qualonly_da_untreated.csv,da_untreated
ridge,2,alpha=10.0,0.0597553187210691,0.001712895809631,0.0832282675751468,0.0032422585211721,0.8084452872817783,0.0155225871336453,0.0367647058823529,0.0109611175367636,plain,False,flat,,,fold_features_D30_qualonly_da_untreated.csv,da_untreated
ridge,2,alpha=100.0,0.0740795076350238,0.0009414645406886,0.0976731971038768,0.0012909214123349,0.736501926878807,0.0070472818900906,0.0088235294117647,0.004650408323777,plain,False,flat,,,fold_features_D30_qualonly_da_untreated.csv,da_untreated
ridge,3,alpha=0.01,0.0593446183377422,0.0023315434248471,0.0818862668459138,0.0031785414116139,0.8145746805092889,0.014585904475824,0.0536764705882352,0.0098345111018327,plain,False,flat,,,fold_features_D30_qualonly_da_untreated.csv,da_untreated
ridge,3,alpha=0.1,0.0591925098106838,0.0022276361828787,0.0816608543531522,0.003070905876468,0.81560947281705,0.0140700591918511,0.0544117647058823,0.0071036160520536,plain,False,flat,,,fold_features_D30_qualonly_da_untreated.csv,da_untreated
ridge,3,alpha=1.0,0.0590621593848594,0.00190545837907,0.0811433592349144,0.00289288318267,0.8179625060793103,0.0132780397483559,0.0522058823529411,0.0094609113066758,plain,False,flat,,,fold_features_D30_qualonly_da_untreated.csv,da_untreated
ridge,3,alpha=10.0,0.0601226095597936,0.0017284032133865,0.0832681280836446,0.0033548989447695,0.8082435417304875,0.0160746805521006,0.0411764705882353,0.0079041742630377,plain,False,flat,,,fold_features_D30_qualonly_da_untreated.csv,da_untreated
ridge,3,alpha=100.0,0.0741481600850912,0.0010125741315872,0.0976948414571851,0.0013882500521924,0.7363786690986545,0.0075849314118373,0.0088235294117647,0.004650408323777,plain,False,flat,,,fold_features_D30_qualonly_da_untreated.csv,da_untreated
ridge,4,alpha=0.01,0.0598704530247939,0.0022963624416918,0.0826478259256171,0.0032368038043717,0.8111050578751323,0.0150722211731107,0.0514705882352941,0.0084904451351415,plain,False,flat,,,fold_features_D30_qualonly_da_untreated.csv,da_untreated
ridge,4,alpha=0.1,0.0594941932419711,0.0022152864192461,0.0821633734323808,0.003099232523596,0.8133316597383816,0.0143466771626556,0.050735294117647,0.0080919480486368,plain,False,flat,,,fold_features_D30_qualonly_da_untreated.csv,da_untreated
ridge,4,alpha=1.0,0.0587978553281958,0.0019389162383101,0.0811813951455023,0.0029345730443467,0.8177859629111095,0.0135011715459567,0.0455882352941176,0.0146239547942904,plain,False,flat,,,fold_features_D30_qualonly_da_untreated.csv,da_untreated
ridge,4,alpha=10.0,0.0582676226938831,0.001783490574865,0.0818517979090717,0.003105695254086,0.8147419187983201,0.0145615491512432,0.0352941176470588,0.0067568866431814,plain,False,flat,,,fold_features_D30_qualonly_da_untreated.csv,da_untreated
ridge,4,alpha=100.0,0.0735313938121059,0.0010439117450239,0.0970774272897978,0.0014228930749622,0.7396971966530131,0.0077103138905265,0.0088235294117647,0.004650408323777,plain,False,flat,,,fold_features_D30_qualonly_da_untreated.csv,da_untreated
ridge,5,alpha=0.01,0.0605902627179115,0.0023724633658445,0.0831548938500795,0.0032948863909454,0.8087738749853515,0.0154767685979237,0.0544117647058823,0.0110701860692511,plain,False,flat,,,fold_features_D30_qualonly_da_untreated.csv,da_untreated
ridge,5,alpha=0.1,0.0601969689878298,0.0022734987280366,0.0826851512621981,0.0031656322259028,0.8109459628521826,0.0147817704359022,0.0536764705882352,0.0098345111018327,plain,False,flat,,,fold_features_D30_qualonly_da_untreated.csv,da_untreated
ridge,5,alpha=1.0,0.059392923043659,0.0020745110820695,0.081671077813664,0.0029976112115944,0.8155744143165788,0.0139005906998471,0.0485294117647058,0.0177421186969155,plain,False,flat,,,fold_features_D30_qualonly_da_untreated.csv,da_untreated
ridge,5,alpha=10.0,0.0586367577840856,0.0018187111990771,0.0820939061737867,0.0030820636395868,0.813649408121214,0.0144666881118368,0.038235294117647,0.0096805968912409,plain,False,flat,,,fold_features_D30_qualonly_da_untreated.csv,da_untreated
ridge,5,alpha=100.0,0.0729415336075379,0.0010112861073385,0.0971337375030445,0.0013563481110921,0.7393997844203926,0.0073342840645747,0.0095588235294117,0.0069756124856655,plain,False,flat,,,fold_features_D30_qualonly_da_untreated.csv,da_untreated
ridge,6,alpha=0.01,0.0609690453261182,0.002792489565702,0.0830284698347841,0.0040124916125899,0.809223740906482,0.0190695116571443,0.0705882352941176,0.0130616790141904,plain,False,flat,,,fold_features_D30_qualonly_da_untreated.csv,da_untreated
ridge,6,alpha=0.1,0.060500477551001,0.0026427472920952,0.0825603469577213,0.0039075990441779,0.8113850563865904,0.0184759757889078,0.0720588235294117,0.0128763975848663,plain,False,flat,,,fold_features_D30_qualonly_da_untreated.csv,da_untreated
ridge,6,alpha=1.0,0.0593989316060407,0.0023086593204274,0.0814387363977229,0.0037166830337879,0.8165009787607518,0.0174045833951534,0.0698529411764705,0.0135359816387098,plain,False,flat,,,fold_features_D30_qualonly_da_untreated.csv,da_untreated
ridge,6,alpha=10.0,0.0580911683669538,0.0020092011239041,0.0815836432474039,0.0033975160570068,0.8159050424901775,0.0159094127834665,0.0433823529411764,0.0094609113066758,plain,False,flat,,,fold_features_D30_qualonly_da_untreated.csv,da_untreated
ridge,6,alpha=100.0,0.0730256357709016,0.001289174669922,0.0973999557913193,0.0015696773931534,0.7379540889564373,0.0085093327911671,0.0095588235294117,0.0049628570419893,plain,False,flat,,,fold_features_D30_qualonly_da_untreated.csv,da_untreated
ridge,7,alpha=0.01,0.0611744256216619,0.0024537778694334,0.0835520087200294,0.0038306362625519,0.8068507754046548,0.0182881304448731,0.075,0.0124010888634054,plain,False,flat,,,fold_features_D30_qualonly_da_untreated.csv,da_untreated
ridge,7,alpha=0.1,0.0606417644815359,0.002395899860436,0.0829756935588376,0.0037554132105091,0.8095153185731376,0.0178428827890342,0.075735294117647,0.0129925081183319,plain,False,flat,,,fold_features_D30_qualonly_da_untreated.csv,da_untreated
ridge,7,alpha=1.0,0.059686923228435,0.0021482542569928,0.0818335000384276,0.0036304008078466,0.8147367842417875,0.0171015897555455,0.0735294117647058,0.0124975968470411,plain,False,flat,,,fold_features_D30_qualonly_da_untreated.csv,da_untreated
ridge,7,alpha=10.0,0.059028423194804,0.0018829884189052,0.0821476434603498,0.0033758915513683,0.8133585119054434,0.0159500761021903,0.0441176470588235,0.0120073026607018,plain,False,flat,,,fold_features_D30_qualonly_da_untreated.csv,da_untreated
ridge,7,alpha=100.0,0.071732927618415,0.0013536654047507,0.0950349845096901,0.0015689222643583,0.7505222055533572,0.0083108263084656,0.0102941176470588,0.0071036160520536,plain,False,flat,,,fold_features_D30_qualonly_da_untreated.csv,da_untreated
ridge,8,alpha=0.01,0.0619272466967684,0.0027814714588771,0.0829324859744432,0.0034684902841304,0.809764798057682,0.0161827623236814,0.0875,0.0106554240780804,plain,False,flat,,,fold_features_D30_qualonly_da_untreated.csv,da_untreated
ridge,8,alpha=0.1,0.0613422860728312,0.0026304938276328,0.082281267977156,0.0033347074495605,0.8127586128420674,0.0154627217525908,0.0845588235294117,0.0121317339909456,plain,False,flat,,,fold_features_D30_qualonly_da_untreated.csv,da_untreated
ridge,8,alpha=1.0,0.0602078388052346,0.0022290309020192,0.0812343195075298,0.0033299252538503,0.8174870279144612,0.015401445853592,0.0823529411764705,0.0128763975848663,plain,False,flat,,,fold_features_D30_qualonly_da_untreated.csv,da_untreated
ridge,8,alpha=10.0,0.059348882447089,0.0019390548903783,0.0825445038184908,0.0034416901220635,0.8115423968063883,0.0163262408389602,0.0448529411764705,0.0122303675979163,plain,False,flat,,,fold_features_D30_qualonly_da_untreated.csv,da_untreated
ridge,8,alpha=100.0,0.0705524902763816,0.001319023253889,0.0948327241494695,0.0014424365170477,0.7515921957795118,0.0075882641927299,0.0102941176470588,0.0071036160520536,plain,False,flat,,,fold_features_D30_qualonly_da_untreated.csv,da_untreated
ridge,9,alpha=0.01,0.062365180275817,0.0026674431982872,0.0832114411641169,0.0035133802341815,0.8084771046762563,0.0163739789686288,0.0845588235294117,0.0130846547206266,plain,False,flat,,,fold_features_D30_qualonly_da_untreated.csv,da_untreated
ridge,9,alpha=0.1,0.0617633893187175,0.0024379374742174,0.0825501861881889,0.0033920461336725,0.8115249214838206,0.0157299900630487,0.0845588235294117,0.0155979437026444,plain,False,flat,,,fold_features_D30_qualonly_da_untreated.csv,da_untreated
ridge,9,alpha=1.0,0.0605724884734493,0.0020695645252993,0.0813863411611957,0.0033482454187151,0.8168012719683031,0.0154840248512993,0.0786764705882352,0.0134469281611227,plain,False,flat,,,fold_features_D30_qualonly_da_untreated.csv,da_untreated
ridge,9,alpha=10.0,0.0591377646953195,0.0019089791210409,0.0821178733106419,0.0033246562504947,0.8135020917508029,0.0156170529215564,0.0448529411764705,0.0122303675979163,plain,False,flat,,,fold_features_D30_qualonly_da_untreated.csv,da_untreated
ridge,9,alpha=100.0,0.0703854774468819,0.0014284664802838,0.0943927765575699,0.0014779765642298,0.7538886161231143,0.0077308512479972,0.0102941176470588,0.0071036160520536,plain,False,flat,,,fold_features_D30_qualonly_da_untreated.csv,da_untreated
ridge,10,alpha=0.01,0.0626332366006093,0.0025787688021958,0.0837156463220217,0.0034964902220488,0.8061557458288935,0.0162764004978056,0.075,0.0133347750085641,plain,False,flat,,,fold_features_D30_qualonly_da_untreated.csv,da_untreated
ridge,10,alpha=0.1,0.0619100726502177,0.0025439865577358,0.0829242505465049,0.0034209118003754,0.8098106654876112,0.0157820061002581,0.0735294117647058,0.0103986291350962,plain,False,flat,,,fold_features_D30_qualonly_da_untreated.csv,da_untreated
ridge,10,alpha=1.0,0.0606600641937422,0.0022475091849191,0.0815900883834708,0.0033714680003875,0.8158803818176052,0.0155073760779461,0.0691176470588235,0.0099257140839787,plain,False,flat,,,fold_features_D30_qualonly_da_untreated.csv,da_untreated
ridge,10,alpha=10.0,0.0594704826516539,0.0019614456019651,0.0826252056725294,0.0033947817638947,0.8111822617825981,0.0160457767965231,0.0441176470588235,0.0124975968470411,plain,False,flat,,,fold_features_D30_qualonly_da_untreated.csv,da_untreated
ridge,10,alpha=100.0,0.0701373455228853,0.0016708723225802,0.0942183129248001,0.0016899284077391,0.7547806487600629,0.0088451314694548,0.0102941176470588,0.0071036160520536,plain,False,flat,,,fold_features_D30_qualonly_da_untreated.csv,da_untreated
lasso,0,alpha=0.01,0.0559939837728396,0.0009772448660462,0.078917252392967,0.0011425261923066,0.8279779200789706,0.005018309059047,0.0036764705882352,0.0051993145675481,plain,False,nested,50.0,"k=0,alpha=0.01 x16; k=6,alpha=0.01 x8; k=10,alpha=0.01 x7; k=4,alpha=0.01 x6; k=0,alpha=0.001 x3; k=3,alpha=0.01 x3; k=1,alpha=0.01 x2; k=9,alpha=0.01 x2; k=5,alpha=0.01 x1; k=2,alpha=0.001 x1; k=1,alpha=0.001 x1",fold_features_D30_qualonly_da_untreated.csv,da_untreated
ridge,0,alpha=10.0,0.0585843034811706,0.0016372738176793,0.0813475161724162,0.0030956771561221,0.8170162038251044,0.0144798406532523,0.0367647058823529,0.0103986291350962,plain,False,nested,50.0,"k=0,alpha=10.0 x17; k=4,alpha=10.0 x8; k=6,alpha=10.0 x7; k=0,alpha=1.0 x5; k=0,alpha=0.01 x2; k=1,alpha=0.1 x2; k=6,alpha=1.0 x2; k=2,alpha=0.01 x1; k=1,alpha=0.01 x1; k=2,alpha=1.0 x1; k=5,alpha=10.0 x1; k=0,alpha=0.1 x1; k=1,alpha=1.0 x1; k=2,alpha=0.1 x1",fold_features_D30_qualonly_da_untreated.csv,da_untreated
lasso,0,alpha=0.001,0.0583969627254246,0.0010383050127912,0.0808569432641781,0.0018083213985726,0.8193705924321822,0.0080936144600981,0.0205882352941176,0.0090387690757773,donor_grouped,False,flat,,,fold_features_D30_qualonly_da_untreated.csv,da_untreated
lasso,0,alpha=0.01,0.0572536796812547,0.0008659210365682,0.081212373837426,0.0016554782697815,0.8177929567084332,0.0074066602215012,0.000735294117647,0.0023252041618885,donor_grouped,False,flat,,,fold_features_D30_qualonly_da_untreated.csv,da_untreated
lasso,0,alpha=0.1,0.1049641352014958,0.0009094809817332,0.1308956240755729,0.0022015114440597,0.526718888804737,0.0159524995078902,0.0,0.0,donor_grouped,False,flat,,,fold_features_D30_qualonly_da_untreated.csv,da_untreated
lasso,0,alpha=1.0,0.1598082337978789,0.0005644665562283,0.1931971951309091,0.0009787187187597,-0.0307896031716073,0.0104513493400997,0.0,0.0,donor_grouped,False,flat,,,fold_features_D30_qualonly_da_untreated.csv,da_untreated
lasso,0,alpha=10.0,0.1598082337978789,0.0005644665562283,0.1931971951309091,0.0009787187187597,-0.0307896031716073,0.0104513493400997,0.0,0.0,donor_grouped,False,flat,,,fold_features_D30_qualonly_da_untreated.csv,da_untreated
lasso,1,alpha=0.001,0.0592521835803821,0.0007311136919395,0.0824306145712337,0.0015528421482823,0.8122957408963323,0.0070907106441723,0.0264705882352941,0.0099257140839787,donor_grouped,False,flat,,,fold_features_D30_qualonly_da_untreated.csv,da_untreated
lasso,1,alpha=0.01,0.0572961611033063,0.0008816200243466,0.0812903218904592,0.0016770706590299,0.8174413647079739,0.0075010448531699,0.0036764705882352,0.0038753402698141,donor_grouped,False,flat,,,fold_features_D30_qualonly_da_untreated.csv,da_untreated
lasso,1,alpha=0.1,0.1049641352014958,0.0009094809817332,0.1308956240755729,0.0022015114440597,0.526718888804737,0.0159524995078902,0.0,0.0,donor_grouped,False,flat,,,fold_features_D30_qualonly_da_untreated.csv,da_untreated
lasso,1,alpha=1.0,0.1598082337978789,0.0005644665562283,0.1931971951309091,0.0009787187187597,-0.0307896031716073,0.0104513493400997,0.0,0.0,donor_grouped,False,flat,,,fold_features_D30_qualonly_da_untreated.csv,da_untreated
lasso,1,alpha=10.0,0.1598082337978789,0.0005644665562283,0.1931971951309091,0.0009787187187597,-0.0307896031716073,0.0104513493400997,0.0,0.0,donor_grouped,False,flat,,,fold_features_D30_qualonly_da_untreated.csv,da_untreated
lasso,2,alpha=0.001,0.0593977775922197,0.0007239556672941,0.0826623121741494,0.0015899129997155,0.8112364939576603,0.0072670348088496,0.0242647058823529,0.0098345111018327,donor_grouped,False,flat,,,fold_features_D30_qualonly_da_untreated.csv,da_untreated
lasso,2,alpha=0.01,0.0572961611033063,0.0008816200243466,0.0812903218904592,0.0016770706590299,0.8174413647079739,0.0075010448531699,0.0036764705882352,0.0038753402698141,donor_grouped,False,flat,,,fold_features_D30_qualonly_da_untreated.csv,da_untreated
lasso,2,alpha=0.1,0.1049641352014958,0.0009094809817332,0.1308956240755729,0.0022015114440597,0.526718888804737,0.0159524995078902,0.0,0.0,donor_grouped,False,flat,,,fold_features_D30_qualonly_da_untreated.csv,da_untreated
lasso,2,alpha=1.0,0.1598082337978789,0.0005644665562283,0.1931971951309091,0.0009787187187597,-0.0307896031716073,0.0104513493400997,0.0,0.0,donor_grouped,False,flat,,,fold_features_D30_qualonly_da_untreated.csv,da_untreated
lasso,2,alpha=10.0,0.1598082337978789,0.0005644665562283,0.1931971951309091,0.0009787187187597,-0.0307896031716073,0.0104513493400997,0.0,0.0,donor_grouped,False,flat,,,fold_features_D30_qualonly_da_untreated.csv,da_untreated
lasso,3,alpha=0.001,0.0596079850925408,0.0007903073690987,0.0826179603526703,0.0016482672368913,0.8114342349022259,0.0075224562852405,0.0294117647058823,0.0091707288891518,donor_grouped,False,flat,,,fold_features_D30_qualonly_da_untreated.csv,da_untreated
lasso,3,alpha=0.01,0.0572943822652173,0.0008826693066433,0.081291830133931,0.0016796053379484,0.8174343814679244,0.0075125510625671,0.0036764705882352,0.0038753402698141,donor_grouped,False,flat,,,fold_features_D30_qualonly_da_untreated.csv,da_untreated
lasso,3,alpha=0.1,0.1049641352014958,0.0009094809817332,0.1308956240755729,0.0022015114440597,0.526718888804737,0.0159524995078902,0.0,0.0,donor_grouped,False,flat,,,fold_features_D30_qualonly_da_untreated.csv,da_untreated
lasso,3,alpha=1.0,0.1598082337978789,0.0005644665562283,0.1931971951309091,0.0009787187187597,-0.0307896031716073,0.0104513493400997,0.0,0.0,donor_grouped,False,flat,,,fold_features_D30_qualonly_da_untreated.csv,da_untreated
lasso,3,alpha=10.0,0.1598082337978789,0.0005644665562283,0.1931971951309091,0.0009787187187597,-0.0307896031716073,0.0104513493400997,0.0,0.0,donor_grouped,False,flat,,,fold_features_D30_qualonly_da_untreated.csv,da_untreated
lasso,4,alpha=0.001,0.059918734060247,0.000951337269426,0.0831412947816568,0.0019361948044397,0.8090129773130981,0.0089179731183609,0.0279411764705882,0.0124010888634054,donor_grouped,False,flat,,,fold_features_D30_qualonly_da_untreated.csv,da_untreated
lasso,4,alpha=0.01,0.0572901557573102,0.0008381698842713,0.0813758719436033,0.001650142323578,0.8170592866302769,0.0073994198473788,0.0036764705882352,0.0038753402698141,donor_grouped,False,flat,,,fold_features_D30_qualonly_da_untreated.csv,da_untreated
lasso,4,alpha=0.1,0.1049641352014958,0.0009094809817332,0.1308956240755729,0.0022015114440597,0.526718888804737,0.0159524995078902,0.0,0.0,donor_grouped,False,flat,,,fold_features_D30_qualonly_da_untreated.csv,da_untreated
lasso,4,alpha=1.0,0.1598082337978789,0.0005644665562283,0.1931971951309091,0.0009787187187597,-0.0307896031716073,0.0104513493400997,0.0,0.0,donor_grouped,False,flat,,,fold_features_D30_qualonly_da_untreated.csv,da_untreated
lasso,4,alpha=10.0,0.1598082337978789,0.0005644665562283,0.1931971951309091,0.0009787187187597,-0.0307896031716073,0.0104513493400997,0.0,0.0,donor_grouped,False,flat,,,fold_features_D30_qualonly_da_untreated.csv,da_untreated
lasso,5,alpha=0.001,0.0602345582698971,0.0011553497193329,0.083513931594375,0.0021634803552253,0.8072748223945279,0.0099976422088969,0.0345588235294117,0.0120322918712093,donor_grouped,False,flat,,,fold_features_D30_qualonly_da_untreated.csv,da_untreated
lasso,5,alpha=0.01,0.0572901557573102,0.0008381698842713,0.0813758719436033,0.001650142323578,0.8170592866302769,0.0073994198473788,0.0036764705882352,0.0038753402698141,donor_grouped,False,flat,,,fold_features_D30_qualonly_da_untreated.csv,da_untreated
lasso,5,alpha=0.1,0.1049641352014958,0.0009094809817332,0.1308956240755729,0.0022015114440597,0.526718888804737,0.0159524995078902,0.0,0.0,donor_grouped,False,flat,,,fold_features_D30_qualonly_da_untreated.csv,da_untreated
lasso,5,alpha=1.0,0.1598082337978789,0.0005644665562283,0.1931971951309091,0.0009787187187597,-0.0307896031716073,0.0104513493400997,0.0,0.0,donor_grouped,False,flat,,,fold_features_D30_qualonly_da_untreated.csv,da_untreated
lasso,5,alpha=10.0,0.1598082337978789,0.0005644665562283,0.1931971951309091,0.0009787187187597,-0.0307896031716073,0.0104513493400997,0.0,0.0,donor_grouped,False,flat,,,fold_features_D30_qualonly_da_untreated.csv,da_untreated
lasso,6,alpha=0.001,0.0602007872714115,0.0007437388973295,0.0832444706162431,0.0017152926115187,0.8085589443256431,0.0078710600995178,0.0558823529411764,0.0099257140839787,donor_grouped,False,flat,,,fold_features_D30_qualonly_da_untreated.csv,da_untreated
lasso,6,alpha=0.01,0.0575614131120195,0.0006781153082706,0.0818409608068798,0.0013801642296326,0.8149832922322764,0.0062279233888212,0.0044117647058823,0.0037970424962817,donor_grouped,False,flat,,,fold_features_D30_qualonly_da_untreated.csv,da_untreated
lasso,6,alpha=0.1,0.1049641352014958,0.0009094809817332,0.1308956240755729,0.0022015114440597,0.526718888804737,0.0159524995078902,0.0,0.0,donor_grouped,False,flat,,,fold_features_D30_qualonly_da_untreated.csv,da_untreated
lasso,6,alpha=1.0,0.1598082337978789,0.0005644665562283,0.1931971951309091,0.0009787187187597,-0.0307896031716073,0.0104513493400997,0.0,0.0,donor_grouped,False,flat,,,fold_features_D30_qualonly_da_untreated.csv,da_untreated
lasso,6,alpha=10.0,0.1598082337978789,0.0005644665562283,0.1931971951309091,0.0009787187187597,-0.0307896031716073,0.0104513493400997,0.0,0.0,donor_grouped,False,flat,,,fold_features_D30_qualonly_da_untreated.csv,da_untreated
lasso,7,alpha=0.001,0.0605711121230034,0.000801928661837,0.0841698638298087,0.0016766146175182,0.8042838451043757,0.0077563461063362,0.0595588235294117,0.0100758847015168,donor_grouped,False,flat,,,fold_features_D30_qualonly_da_untreated.csv,da_untreated
lasso,7,alpha=0.01,0.0575614075926215,0.0006781125248502,0.0818409549241351,0.0013801560949112,0.814983319381634,0.0062278856164822,0.0044117647058823,0.0037970424962817,donor_grouped,False,flat,,,fold_features_D30_qualonly_da_untreated.csv,da_untreated
lasso,7,alpha=0.1,0.1049641352014958,0.0009094809817332,0.1308956240755729,0.0022015114440597,0.526718888804737,0.0159524995078902,0.0,0.0,donor_grouped,False,flat,,,fold_features_D30_qualonly_da_untreated.csv,da_untreated
lasso,7,alpha=1.0,0.1598082337978789,0.0005644665562283,0.1931971951309091,0.0009787187187597,-0.0307896031716073,0.0104513493400997,0.0,0.0,donor_grouped,False,flat,,,fold_features_D30_qualonly_da_untreated.csv,da_untreated
lasso,7,alpha=10.0,0.1598082337978789,0.0005644665562283,0.1931971951309091,0.0009787187187597,-0.0307896031716073,0.0104513493400997,0.0,0.0,donor_grouped,False,flat,,,fold_features_D30_qualonly_da_untreated.csv,da_untreated
lasso,8,alpha=0.001,0.0613489846455896,0.0005998453725732,0.0845409176180646,0.0015217202386886,0.8025673846073719,0.0070678802648659,0.0698529411764705,0.0086655242792469,donor_grouped,False,flat,,,fold_features_D30_qualonly_da_untreated.csv,da_untreated
lasso,8,alpha=0.01,0.0575792238791304,0.0006851521482655,0.081865052213727,0.0014191209401713,0.8148716674879621,0.0064099733019631,0.0044117647058823,0.0037970424962817,donor_grouped,False,flat,,,fold_features_D30_qualonly_da_untreated.csv,da_untreated
lasso,8,alpha=0.1,0.1049641352014958,0.0009094809817332,0.1308956240755729,0.0022015114440597,0.526718888804737,0.0159524995078902,0.0,0.0,donor_grouped,False,flat,,,fold_features_D30_qualonly_da_untreated.csv,da_untreated
lasso,8,alpha=1.0,0.1598082337978789,0.0005644665562283,0.1931971951309091,0.0009787187187597,-0.0307896031716073,0.0104513493400997,0.0,0.0,donor_grouped,False,flat,,,fold_features_D30_qualonly_da_untreated.csv,da_untreated
lasso,8,alpha=10.0,0.1598082337978789,0.0005644665562283,0.1931971951309091,0.0009787187187597,-0.0307896031716073,0.0104513493400997,0.0,0.0,donor_grouped,False,flat,,,fold_features_D30_qualonly_da_untreated.csv,da_untreated
lasso,9,alpha=0.001,0.0615776986914085,0.0004668562669859,0.0845769798538683,0.0016044313257129,0.8023925354214902,0.0074682369737659,0.0654411764705882,0.0106554240780804,donor_grouped,False,flat,,,fold_features_D30_qualonly_da_untreated.csv,da_untreated
lasso,9,alpha=0.01,0.0577613464664306,0.0006408001877655,0.0820039734229675,0.0013533610333212,0.8142475273444203,0.0061200016614762,0.0058823529411764,0.004650408323777,donor_grouped,False,flat,,,fold_features_D30_qualonly_da_untreated.csv,da_untreated
lasso,9,alpha=0.1,0.1049641352014958,0.0009094809817332,0.1308956240755729,0.0022015114440597,0.526718888804737,0.0159524995078902,0.0,0.0,donor_grouped,False,flat,,,fold_features_D30_qualonly_da_untreated.csv,da_untreated
lasso,9,alpha=1.0,0.1598082337978789,0.0005644665562283,0.1931971951309091,0.0009787187187597,-0.0307896031716073,0.0104513493400997,0.0,0.0,donor_grouped,False,flat,,,fold_features_D30_qualonly_da_untreated.csv,da_untreated
lasso,9,alpha=10.0,0.1598082337978789,0.0005644665562283,0.1931971951309091,0.0009787187187597,-0.0307896031716073,0.0104513493400997,0.0,0.0,donor_grouped,False,flat,,,fold_features_D30_qualonly_da_untreated.csv,da_untreated
lasso,10,alpha=0.001,0.0619959171081524,0.0005375570809847,0.0852560856557727,0.0016621823123451,0.7992027834605655,0.0077784817243615,0.0588235294117647,0.0091707288891518,donor_grouped,False,flat,,,fold_features_D30_qualonly_da_untreated.csv,da_untreated
lasso,10,alpha=0.01,0.0580986945259975,0.0007401992598927,0.0825163458044782,0.0015992107812496,0.811901589661173,0.0072865153876482,0.0073529411764705,0.0060036513303509,donor_grouped,False,flat,,,fold_features_D30_qualonly_da_untreated.csv,da_untreated
lasso,10,alpha=0.1,0.1049641352014958,0.0009094809817332,0.1308956240755729,0.0022015114440597,0.526718888804737,0.0159524995078902,0.0,0.0,donor_grouped,False,flat,,,fold_features_D30_qualonly_da_untreated.csv,da_untreated
lasso,10,alpha=1.0,0.1598082337978789,0.0005644665562283,0.1931971951309091,0.0009787187187597,-0.0307896031716073,0.0104513493400997,0.0,0.0,donor_grouped,False,flat,,,fold_features_D30_qualonly_da_untreated.csv,da_untreated
lasso,10,alpha=10.0,0.1598082337978789,0.0005644665562283,0.1931971951309091,0.0009787187187597,-0.0307896031716073,0.0104513493400997,0.0,0.0,donor_grouped,False,flat,,,fold_features_D30_qualonly_da_untreated.csv,da_untreated
ridge,0,alpha=0.01,0.0597770039496719,0.0012362001716202,0.0817408796766761,0.001869810127282,0.8153958523413186,0.0084613180812258,0.0389705882352941,0.0077893375402307,donor_grouped,False,flat,,,fold_features_D30_qualonly_da_untreated.csv,da_untreated
ridge,0,alpha=0.1,0.0597901882441158,0.0012307045015857,0.0817216978127585,0.0018721932886066,0.8154822206508481,0.0084697071081824,0.0397058823529411,0.0071036160520536,donor_grouped,False,flat,,,fold_features_D30_qualonly_da_untreated.csv,da_untreated
ridge,0,alpha=1.0,0.0597609815872677,0.0011711618495151,0.0816753633835139,0.0018793863287367,0.8156906270308836,0.0084947335274954,0.0463235294117647,0.0085257485935912,donor_grouped,False,flat,,,fold_features_D30_qualonly_da_untreated.csv,da_untreated
ridge,0,alpha=10.0,0.0591717275212012,0.001032892613865,0.0824987963141088,0.001940301128647,0.8119515568805868,0.0088528867803582,0.0316176470588235,0.0092034232134895,donor_grouped,False,flat,,,fold_features_D30_qualonly_da_untreated.csv,da_untreated
ridge,0,alpha=100.0,0.0804566644969632,0.0007820269065572,0.1062639261159758,0.0018548592497852,0.6880757394246247,0.0109056377983014,0.0073529411764705,0.0,donor_grouped,False,flat,,,fold_features_D30_qualonly_da_untreated.csv,da_untreated
ridge,1,alpha=0.01,0.0603398603637506,0.0009692073900199,0.0837616111324194,0.0016019259917419,0.8061832315748433,0.0074063429952206,0.0433823529411764,0.0080919480486368,donor_grouped,False,flat,,,fold_features_D30_qualonly_da_untreated.csv,da_untreated
ridge,1,alpha=0.1,0.0603491636532279,0.0009611121065048,0.0836718861945768,0.001614327784696,0.8065971119707932,0.0074548199322749,0.0441176470588235,0.0084904451351415,donor_grouped,False,flat,,,fold_features_D30_qualonly_da_untreated.csv,da_untreated
ridge,1,alpha=1.0,0.0604885861125668,0.0009081888691105,0.0833241044106715,0.0016874155255096,0.8081949918818563,0.0077540475998148,0.0485294117647058,0.0062005444317027,donor_grouped,False,flat,,,fold_features_D30_qualonly_da_untreated.csv,da_untreated
ridge,1,alpha=10.0,0.0612401416748473,0.0009591146920488,0.084938350743847,0.0017786801050249,0.8006861948144433,0.0083313372303081,0.0338235294117647,0.0079041742630377,donor_grouped,False,flat,,,fold_features_D30_qualonly_da_untreated.csv,da_untreated
ridge,1,alpha=100.0,0.0750634909799091,0.0007810264136218,0.1000386777052698,0.0017823365619467,0.7235489120680128,0.0098616394506713,0.0073529411764705,0.0,donor_grouped,False,flat,,,fold_features_D30_qualonly_da_untreated.csv,da_untreated
ridge,2,alpha=0.01,0.0603301414605291,0.0010169824725063,0.08388670498496,0.001518552225456,0.8056105445187847,0.0070319420904266,0.0426470588235294,0.0067568866431814,donor_grouped,False,flat,,,fold_features_D30_qualonly_da_untreated.csv,da_untreated
ridge,2,alpha=0.1,0.0603600574397795,0.0010097255104379,0.0837870309940336,0.0015442194860281,0.8060701263027343,0.0071395906782447,0.0426470588235294,0.0067568866431814,donor_grouped,False,flat,,,fold_features_D30_qualonly_da_untreated.csv,da_untreated
ridge,2,alpha=1.0,0.0606375353685786,0.0009072817370543,0.0834745336670812,0.0016649251860469,0.807503945652995,0.0076576540775418,0.0477941176470588,0.0051993145675481,donor_grouped,False,flat,,,fold_features_D30_qualonly_da_untreated.csv,da_untreated
ridge,2,alpha=10.0,0.0614479410384506,0.0009341996951308,0.0851536099538517,0.0017780350167481,0.7996751290614507,0.0083492197230729,0.0330882352941176,0.0071457743809378,donor_grouped,False,flat,,,fold_features_D30_qualonly_da_untreated.csv,da_untreated
ridge,2,alpha=100.0,0.0750553624945531,0.0008260534337748,0.0998423971415675,0.0018356329721728,0.7246275657171891,0.0101395761332746,0.0073529411764705,0.0,donor_grouped,False,flat,,,fold_features_D30_qualonly_da_untreated.csv,da_untreated
ridge,3,alpha=0.01,0.0615312916663675,0.001159133770236,0.0847504671895223,0.0018091653476317,0.8015639175452056,0.0084514882420911,0.0492647058823529,0.0069756124856655,donor_grouped,False,flat,,,fold_features_D30_qualonly_da_untreated.csv,da_untreated
ridge,3,alpha=0.1,0.0614383586841729,0.0011293492690748,0.0845146796945251,0.0017957079615212,0.8026672884320314,0.008362938705328,0.0485294117647058,0.0086307925792446,donor_grouped,False,flat,,,fold_features_D30_qualonly_da_untreated.csv,da_untreated
ridge,3,alpha=1.0,0.0614987690934603,0.0010361581896039,0.0838895649421098,0.0018007195948404,0.8055740152674753,0.008320382079431,0.0558823529411764,0.009300816647554,donor_grouped,False,flat,,,fold_features_D30_qualonly_da_untreated.csv,da_untreated
ridge,3,alpha=10.0,0.0619021433837498,0.0009690005483991,0.0851895976367159,0.0018109406501542,0.7995029015874558,0.0085090359589352,0.0360294117647058,0.0073119773971452,donor_grouped,False,flat,,,fold_features_D30_qualonly_da_untreated.csv,da_untreated
ridge,3,alpha=100.0,0.0750335250997681,0.0008555874471674,0.0998153715783966,0.0018486843079804,0.724775381937139,0.0102047887950927,0.0073529411764705,0.0,donor_grouped,False,flat,,,fold_features_D30_qualonly_da_untreated.csv,da_untreated
ridge,4,alpha=0.01,0.0617736931555279,0.0012711141645256,0.0854553459381121,0.0020373915607105,0.79822890203589,0.0096291670111012,0.0448529411764705,0.0094609113066758,donor_grouped,False,flat,,,fold_features_D30_qualonly_da_untreated.csv,da_untreated
ridge,4,alpha=0.1,0.061507208158577,0.0012731205763455,0.0850142056452376,0.0020354646397002,0.800305836055171,0.0095639847942446,0.0455882352941176,0.0102824396879426,donor_grouped,False,flat,,,fold_features_D30_qualonly_da_untreated.csv,da_untreated
ridge,4,alpha=1.0,0.061007942964731,0.0011922294958741,0.0842190373854756,0.0020080450942019,0.804024825895851,0.009338299728201,0.0375,0.0094609113066758,donor_grouped,False,flat,,,fold_features_D30_qualonly_da_untreated.csv,da_untreated
ridge,4,alpha=10.0,0.0604178326630906,0.0011186797174901,0.0846031881253578,0.0019826963946836,0.802236364594021,0.0092574329880356,0.0286764705882352,0.0064381987924331,donor_grouped,False,flat,,,fold_features_D30_qualonly_da_untreated.csv,da_untreated
ridge,4,alpha=100.0,0.0743535275958738,0.000879044357947,0.0995355401561867,0.001902166846825,0.7263109363714297,0.010451621813464,0.0073529411764705,0.0,donor_grouped,False,flat,,,fold_features_D30_qualonly_da_untreated.csv,da_untreated
ridge,5,alpha=0.01,0.0622631695510702,0.001463694769313,0.0861596907543653,0.0024217648452125,0.794848204755814,0.0115315754203527,0.0477941176470588,0.0086655242792469,donor_grouped,False,flat,,,fold_features_D30_qualonly_da_untreated.csv,da_untreated
ridge,5,alpha=0.1,0.061936833480422,0.0014670544537191,0.0856800738770982,0.0024171853395731,0.7971247777117582,0.011432206333241,0.0492647058823529,0.0077893375402307,donor_grouped,False,flat,,,fold_features_D30_qualonly_da_untreated.csv,da_untreated
ridge,5,alpha=1.0,0.0613566352292174,0.0013863326871417,0.0847962675683648,0.002348570809643,0.8012937312880688,0.0109756575984417,0.0404411764705882,0.0051993145675481,donor_grouped,False,flat,,,fold_features_D30_qualonly_da_untreated.csv,da_untreated
ridge,5,alpha=10.0,0.0610159416218664,0.0012561496291243,0.0850595246523611,0.0021842494927034,0.8000773806710806,0.0102319236020159,0.0323529411764705,0.0099257140839787,donor_grouped,False,flat,,,fold_features_D30_qualonly_da_untreated.csv,da_untreated
ridge,5,alpha=100.0,0.0737334603292402,0.0008250610263897,0.099558271550394,0.001820924918343,0.7261934735855207,0.0099931221285091,0.0073529411764705,0.0,donor_grouped,False,flat,,,fold_features_D30_qualonly_da_untreated.csv,da_untreated
ridge,6,alpha=0.01,0.0624723654539212,0.001294571855255,0.0859705332639689,0.0020125891858718,0.7957924653403864,0.0095244855164418,0.0735294117647058,0.0091707288891518,donor_grouped,False,flat,,,fold_features_D30_qualonly_da_untreated.csv,da_untreated
ridge,6,alpha=0.1,0.0621315774079679,0.0012807444711205,0.0855236053715768,0.0020203288817883,0.7979083203210736,0.0095082225444396,0.0727941176470588,0.0100758847015168,donor_grouped,False,flat,,,fold_features_D30_qualonly_da_untreated.csv,da_untreated
ridge,6,alpha=1.0,0.0614479809923031,0.0011738555678076,0.084612732826154,0.0019493362580813,0.8021950220281203,0.0090770518455295,0.0720588235294117,0.0119068213740109,donor_grouped,False,flat,,,fold_features_D30_qualonly_da_untreated.csv,da_untreated
ridge,6,alpha=10.0,0.0605695628886116,0.0009272755600539,0.0848634860370351,0.0018303722050136,0.8010326152094727,0.0085403401365077,0.0426470588235294,0.0058000782187251,donor_grouped,False,flat,,,fold_features_D30_qualonly_da_untreated.csv,da_untreated
ridge,6,alpha=100.0,0.0742972756230927,0.0008370635521678,0.1001820443038996,0.0017905549836205,0.7227554703740356,0.009870558030108,0.0073529411764705,0.0,donor_grouped,False,flat,,,fold_features_D30_qualonly_da_untreated.csv,da_untreated
ridge,7,alpha=0.01,0.0633743775691078,0.0014703962307161,0.0880341443309774,0.0021494993432882,0.7858620601416538,0.0103961456786152,0.0772058823529411,0.0130846547206266,donor_grouped,False,flat,,,fold_features_D30_qualonly_da_untreated.csv,da_untreated
ridge,7,alpha=0.1,0.0629474991538605,0.0014940316491003,0.087428197346951,0.0021082037648518,0.7888025711689786,0.0101136588074546,0.075,0.0113911274888453,donor_grouped,False,flat,,,fold_features_D30_qualonly_da_untreated.csv,da_untreated
ridge,7,alpha=1.0,0.0620999555865582,0.0014358867591027,0.086221877439741,0.0019951478903769,0.7945990009706378,0.0094266555996725,0.0742647058823529,0.013624453048713,donor_grouped,False,flat,,,fold_features_D30_qualonly_da_untreated.csv,da_untreated
ridge,7,alpha=10.0,0.0614175099689625,0.0011033002108199,0.0855263120148342,0.0019320004748926,0.797904211678315,0.0090425708708113,0.0441176470588235,0.0049019607843137,donor_grouped,False,flat,,,fold_features_D30_qualonly_da_untreated.csv,da_untreated
ridge,7,alpha=100.0,0.0733317424644587,0.0009517685546001,0.0978929981249813,0.0018533159755604,0.7352708919286032,0.0099700659789204,0.0073529411764705,0.0,donor_grouped,False,flat,,,fold_features_D30_qualonly_da_untreated.csv,da_untreated
ridge,8,alpha=0.01,0.0636499364529402,0.001068188511673,0.0872288824263277,0.0018802833578242,0.7897865214109847,0.0090112868211664,0.0875,0.0106554240780804,donor_grouped,False,flat,,,fold_features_D30_qualonly_da_untreated.csv,da_untreated
ridge,8,alpha=0.1,0.0632499451635662,0.0010679445523992,0.0865909154844169,0.0018057340036203,0.7928557078544968,0.0085871988742209,0.0838235294117647,0.0130616790141904,donor_grouped,False,flat,,,fold_features_D30_qualonly_da_untreated.csv,da_untreated
ridge,8,alpha=1.0,0.0626144952488216,0.0009954492647821,0.0856834577321413,0.0017714349126908,0.7971759900192013,0.008318829497148,0.075,0.0119068213740109,donor_grouped,False,flat,,,fold_features_D30_qualonly_da_untreated.csv,da_untreated
ridge,8,alpha=10.0,0.062279629718587,0.0010031555633959,0.0865337612372701,0.0019080117834537,0.7931195209413393,0.0090572933299688,0.0529411764705882,0.0090387690757773,donor_grouped,False,flat,,,fold_features_D30_qualonly_da_untreated.csv,da_untreated
ridge,8,alpha=100.0,0.0724647148649605,0.0008125132472247,0.0980717497365099,0.0018193529202544,0.7343066362289471,0.0098211308290561,0.0073529411764705,0.0,donor_grouped,False,flat,,,fold_features_D30_qualonly_da_untreated.csv,da_untreated
ridge,9,alpha=0.01,0.0645401437984702,0.0009247839297078,0.0878196571925771,0.0018198156132089,0.7869362098570787,0.0087414122227599,0.0860294117647058,0.0120322918712093,donor_grouped,False,flat,,,fold_features_D30_qualonly_da_untreated.csv,da_untreated
ridge,9,alpha=0.1,0.0641162997569132,0.0009571247550458,0.0871765603229808,0.0017485769878347,0.7900504021281197,0.0083304987935282,0.0823529411764705,0.0124010888634054,donor_grouped,False,flat,,,fold_features_D30_qualonly_da_untreated.csv,da_untreated
ridge,9,alpha=1.0,0.0631274215494094,0.0008839883483445,0.085904799521647,0.0016905534761453,0.7961341092270711,0.0079365518483617,0.0727941176470588,0.0160534538174635,donor_grouped,False,flat,,,fold_features_D30_qualonly_da_untreated.csv,da_untreated
ridge,9,alpha=10.0,0.0617877360991391,0.0009751546862742,0.0859457563242937,0.0019056250837212,0.7959205133108019,0.0089818923006497,0.0463235294117647,0.0069756124856655,donor_grouped,False,flat,,,fold_features_D30_qualonly_da_untreated.csv,da_untreated
ridge,9,alpha=100.0,0.0722147403439691,0.0009622968814027,0.0977340286814607,0.0018513573644453,0.7361298897472752,0.0099400831330681,0.0073529411764705,0.0,donor_grouped,False,flat,,,fold_features_D30_qualonly_da_untreated.csv,da_untreated
ridge,10,alpha=0.01,0.0658681460854912,0.0012857481255383,0.0894563088229431,0.0023434137900979,0.7788695969208809,0.0114597087495663,0.0742647058823529,0.0073119773971452,donor_grouped,False,flat,,,fold_features_D30_qualonly_da_untreated.csv,da_untreated
ridge,10,alpha=0.1,0.065445179596295,0.0013146332374616,0.0887719509505815,0.0022959941131212,0.7822434224927746,0.0111164848303935,0.0727941176470588,0.0106554240780804,donor_grouped,False,flat,,,fold_features_D30_qualonly_da_untreated.csv,da_untreated
ridge,10,alpha=1.0,0.0640448026806335,0.0011680595401606,0.0870219894380686,0.0020753630202116,0.7907629289423866,0.0098360907222365,0.0661764705882353,0.0084904451351415,donor_grouped,False,flat,,,fold_features_D30_qualonly_da_untreated.csv,da_untreated
ridge,10,alpha=10.0,0.0623986928755665,0.0008864050815595,0.0867484854555104,0.0018381870979745,0.7920984947218169,0.0087367634207814,0.0448529411764705,0.0088030808804254,donor_grouped,False,flat,,,fold_features_D30_qualonly_da_untreated.csv,da_untreated
ridge,10,alpha=100.0,0.0721751735862226,0.0011189662159382,0.0979558531032895,0.0019320767848162,0.7349235287106151,0.010392434654124,0.0073529411764705,0.0,donor_grouped,False,flat,,,fold_features_D30_qualonly_da_untreated.csv,da_untreated
lasso,0,alpha=0.01,0.0584426699626629,0.0006693467454222,0.0826149600642599,0.0013067649625442,0.8114730070433117,0.0059693390697416,0.0102941176470588,0.009300816647554,donor_grouped,False,nested,50.0,"k=0,alpha=0.01 x17; k=10,alpha=0.01 x8; k=6,alpha=0.01 x7; k=7,alpha=0.001 x3; k=4,alpha=0.01 x3; k=1,alpha=0.001 x2; k=0,alpha=0.001 x2; k=9,alpha=0.01 x2; k=7,alpha=0.01 x1; k=4,alpha=0.001 x1; k=1,alpha=0.01 x1; k=8,alpha=0.01 x1; k=9,alpha=0.001 x1; k=6,alpha=0.001 x1",fold_features_D30_qualonly_da_untreated.csv,da_untreated
ridge,6,alpha=10.0,0.0606745808232803,0.0013010425127225,0.0845922808435014,0.0019978673008697,0.8022858276903261,0.0093180347396738,0.0375,0.0064381987924331,donor_grouped,False,nested,50.0,"k=6,alpha=10.0 x9; k=0,alpha=10.0 x9; k=1,alpha=0.1 x8; k=1,alpha=0.01 x4; k=0,alpha=1.0 x4; k=10,alpha=10.0 x3; k=4,alpha=10.0 x3; k=1,alpha=1.0 x2; k=2,alpha=0.1 x2; k=2,alpha=1.0 x2; k=7,alpha=1.0 x2; k=4,alpha=1.0 x1; k=9,alpha=1.0 x1",fold_features_D30_qualonly_da_untreated.csv,da_untreated
lasso,0,alpha=0.001,0.0562901358138969,,0.078034339047047,,0.8318372204257484,,0.0220588235294117,,loco,False,flat,,,fold_features_D30_qualonly_da_untreated.csv,da_untreated
lasso,0,alpha=0.01,0.0562691827924897,,0.0789969126627451,,0.8276629708598962,,0.0073529411764705,,loco,False,flat,,,fold_features_D30_qualonly_da_untreated.csv,da_untreated
lasso,0,alpha=0.1,0.1040000648488444,,0.1280245815664331,,0.547368166134381,,0.0,,loco,False,flat,,,fold_features_D30_qualonly_da_untreated.csv,da_untreated
lasso,0,alpha=1.0,0.1591166093763587,,0.191701697045801,,-0.0148696844993141,,0.0,,loco,False,flat,,,fold_features_D30_qualonly_da_untreated.csv,da_untreated
lasso,0,alpha=10.0,0.1591166093763587,,0.191701697045801,,-0.0148696844993141,,0.0,,loco,False,flat,,,fold_features_D30_qualonly_da_untreated.csv,da_untreated
lasso,1,alpha=0.001,0.0563877198627817,,0.0783617790814255,,0.8304230032374766,,0.0220588235294117,,loco,False,flat,,,fold_features_D30_qualonly_da_untreated.csv,da_untreated
lasso,1,alpha=0.01,0.0562691827924897,,0.0789969126627451,,0.8276629708598962,,0.0073529411764705,,loco,False,flat,,,fold_features_D30_qualonly_da_untreated.csv,da_untreated
lasso,1,alpha=0.1,0.1040000648488444,,0.1280245815664331,,0.547368166134381,,0.0,,loco,False,flat,,,fold_features_D30_qualonly_da_untreated.csv,da_untreated
lasso,1,alpha=1.0,0.1591166093763587,,0.191701697045801,,-0.0148696844993141,,0.0,,loco,False,flat,,,fold_features_D30_qualonly_da_untreated.csv,da_untreated
lasso,1,alpha=10.0,0.1591166093763587,,0.191701697045801,,-0.0148696844993141,,0.0,,loco,False,flat,,,fold_features_D30_qualonly_da_untreated.csv,da_untreated
lasso,2,alpha=0.001,0.056390418541392,,0.0783663647863324,,0.8304031554793324,,0.0220588235294117,,loco,False,flat,,,fold_features_D30_qualonly_da_untreated.csv,da_untreated
lasso,2,alpha=0.01,0.0562691827924897,,0.0789969126627451,,0.8276629708598962,,0.0073529411764705,,loco,False,flat,,,fold_features_D30_qualonly_da_untreated.csv,da_untreated
lasso,2,alpha=0.1,0.1040000648488444,,0.1280245815664331,,0.547368166134381,,0.0,,loco,False,flat,,,fold_features_D30_qualonly_da_untreated.csv,da_untreated
lasso,2,alpha=1.0,0.1591166093763587,,0.191701697045801,,-0.0148696844993141,,0.0,,loco,False,flat,,,fold_features_D30_qualonly_da_untreated.csv,da_untreated
lasso,2,alpha=10.0,0.1591166093763587,,0.191701697045801,,-0.0148696844993141,,0.0,,loco,False,flat,,,fold_features_D30_qualonly_da_untreated.csv,da_untreated
lasso,3,alpha=0.001,0.0567815664817227,,0.0785057850088399,,0.8297991651508135,,0.0294117647058823,,loco,False,flat,,,fold_features_D30_qualonly_da_untreated.csv,da_untreated
lasso,3,alpha=0.01,0.0562691827924897,,0.0789969126627451,,0.8276629708598962,,0.0073529411764705,,loco,False,flat,,,fold_features_D30_qualonly_da_untreated.csv,da_untreated
lasso,3,alpha=0.1,0.1040000648488444,,0.1280245815664331,,0.547368166134381,,0.0,,loco,False,flat,,,fold_features_D30_qualonly_da_untreated.csv,da_untreated
lasso,3,alpha=1.0,0.1591166093763587,,0.191701697045801,,-0.0148696844993141,,0.0,,loco,False,flat,,,fold_features_D30_qualonly_da_untreated.csv,da_untreated
lasso,3,alpha=10.0,0.1591166093763587,,0.191701697045801,,-0.0148696844993141,,0.0,,loco,False,flat,,,fold_features_D30_qualonly_da_untreated.csv,da_untreated
lasso,4,alpha=0.001,0.0572811047938768,,0.0791252173876134,,0.8271027056305541,,0.0367647058823529,,loco,False,flat,,,fold_features_D30_qualonly_da_untreated.csv,da_untreated
lasso,4,alpha=0.01,0.0562764347124483,,0.0790195562566499,,0.8275641596823214,,0.0073529411764705,,loco,False,flat,,,fold_features_D30_qualonly_da_untreated.csv,da_untreated
lasso,4,alpha=0.1,0.1040000648488444,,0.1280245815664331,,0.547368166134381,,0.0,,loco,False,flat,,,fold_features_D30_qualonly_da_untreated.csv,da_untreated
lasso,4,alpha=1.0,0.1591166093763587,,0.191701697045801,,-0.0148696844993141,,0.0,,loco,False,flat,,,fold_features_D30_qualonly_da_untreated.csv,da_untreated
lasso,4,alpha=10.0,0.1591166093763587,,0.191701697045801,,-0.0148696844993141,,0.0,,loco,False,flat,,,fold_features_D30_qualonly_da_untreated.csv,da_untreated
lasso,5,alpha=0.001,0.0574080923941245,,0.0792272756673915,,0.826656400875651,,0.0367647058823529,,loco,False,flat,,,fold_features_D30_qualonly_da_untreated.csv,da_untreated
lasso,5,alpha=0.01,0.0562764347124483,,0.0790195562566499,,0.8275641596823214,,0.0073529411764705,,loco,False,flat,,,fold_features_D30_qualonly_da_untreated.csv,da_untreated
lasso,5,alpha=0.1,0.1040000648488444,,0.1280245815664331,,0.547368166134381,,0.0,,loco,False,flat,,,fold_features_D30_qualonly_da_untreated.csv,da_untreated
lasso,5,alpha=1.0,0.1591166093763587,,0.191701697045801,,-0.0148696844993141,,0.0,,loco,False,flat,,,fold_features_D30_qualonly_da_untreated.csv,da_untreated
lasso,5,alpha=10.0,0.1591166093763587,,0.191701697045801,,-0.0148696844993141,,0.0,,loco,False,flat,,,fold_features_D30_qualonly_da_untreated.csv,da_untreated
lasso,6,alpha=0.001,0.0567743680844043,,0.0781484189784103,,0.8313451800927887,,0.0514705882352941,,loco,False,flat,,,fold_features_D30_qualonly_da_untreated.csv,da_untreated
lasso,6,alpha=0.01,0.0562897123070815,,0.079061568581766,,0.8273807530232239,,0.0073529411764705,,loco,False,flat,,,fold_features_D30_qualonly_da_untreated.csv,da_untreated
lasso,6,alpha=0.1,0.1040000648488444,,0.1280245815664331,,0.547368166134381,,0.0,,loco,False,flat,,,fold_features_D30_qualonly_da_untreated.csv,da_untreated
lasso,6,alpha=1.0,0.1591166093763587,,0.191701697045801,,-0.0148696844993141,,0.0,,loco,False,flat,,,fold_features_D30_qualonly_da_untreated.csv,da_untreated
lasso,6,alpha=10.0,0.1591166093763587,,0.191701697045801,,-0.0148696844993141,,0.0,,loco,False,flat,,,fold_features_D30_qualonly_da_untreated.csv,da_untreated
lasso,7,alpha=0.001,0.0568544796977386,,0.0782891617268467,,0.830737149426768,,0.0514705882352941,,loco,False,flat,,,fold_features_D30_qualonly_da_untreated.csv,da_untreated
lasso,7,alpha=0.01,0.0562897123070815,,0.079061568581766,,0.8273807530232239,,0.0073529411764705,,loco,False,flat,,,fold_features_D30_qualonly_da_untreated.csv,da_untreated
lasso,7,alpha=0.1,0.1040000648488444,,0.1280245815664331,,0.547368166134381,,0.0,,loco,False,flat,,,fold_features_D30_qualonly_da_untreated.csv,da_untreated
lasso,7,alpha=1.0,0.1591166093763587,,0.191701697045801,,-0.0148696844993141,,0.0,,loco,False,flat,,,fold_features_D30_qualonly_da_untreated.csv,da_untreated
lasso,7,alpha=10.0,0.1591166093763587,,0.191701697045801,,-0.0148696844993141,,0.0,,loco,False,flat,,,fold_features_D30_qualonly_da_untreated.csv,da_untreated
lasso,8,alpha=0.001,0.0573642776884756,,0.0783524632153734,,0.8304633204100307,,0.0588235294117647,,loco,False,flat,,,fold_features_D30_qualonly_da_untreated.csv,da_untreated
lasso,8,alpha=0.01,0.0562897123070815,,0.079061568581766,,0.8273807530232239,,0.0073529411764705,,loco,False,flat,,,fold_features_D30_qualonly_da_untreated.csv,da_untreated
lasso,8,alpha=0.1,0.1040000648488444,,0.1280245815664331,,0.547368166134381,,0.0,,loco,False,flat,,,fold_features_D30_qualonly_da_untreated.csv,da_untreated
lasso,8,alpha=1.0,0.1591166093763587,,0.191701697045801,,-0.0148696844993141,,0.0,,loco,False,flat,,,fold_features_D30_qualonly_da_untreated.csv,da_untreated
lasso,8,alpha=10.0,0.1591166093763587,,0.191701697045801,,-0.0148696844993141,,0.0,,loco,False,flat,,,fold_features_D30_qualonly_da_untreated.csv,da_untreated
lasso,9,alpha=0.001,0.0570038948963963,,0.077775996161814,,0.8329488270655535,,0.0514705882352941,,loco,False,flat,,,fold_features_D30_qualonly_da_untreated.csv,da_untreated
lasso,9,alpha=0.01,0.0562897123070815,,0.079061568581766,,0.8273807530232239,,0.0073529411764705,,loco,False,flat,,,fold_features_D30_qualonly_da_untreated.csv,da_untreated
lasso,9,alpha=0.1,0.1040000648488444,,0.1280245815664331,,0.547368166134381,,0.0,,loco,False,flat,,,fold_features_D30_qualonly_da_untreated.csv,da_untreated
lasso,9,alpha=1.0,0.1591166093763587,,0.191701697045801,,-0.0148696844993141,,0.0,,loco,False,flat,,,fold_features_D30_qualonly_da_untreated.csv,da_untreated
lasso,9,alpha=10.0,0.1591166093763587,,0.191701697045801,,-0.0148696844993141,,0.0,,loco,False,flat,,,fold_features_D30_qualonly_da_untreated.csv,da_untreated
lasso,10,alpha=0.001,0.0573222031167052,,0.0782147625737681,,0.8310587017031053,,0.0514705882352941,,loco,False,flat,,,fold_features_D30_qualonly_da_untreated.csv,da_untreated
lasso,10,alpha=0.01,0.0563137355060441,,0.0791391237308167,,0.8270419265141342,,0.0073529411764705,,loco,False,flat,,,fold_features_D30_qualonly_da_untreated.csv,da_untreated
lasso,10,alpha=0.1,0.1040000648488444,,0.1280245815664331,,0.547368166134381,,0.0,,loco,False,flat,,,fold_features_D30_qualonly_da_untreated.csv,da_untreated
lasso,10,alpha=1.0,0.1591166093763587,,0.191701697045801,,-0.0148696844993141,,0.0,,loco,False,flat,,,fold_features_D30_qualonly_da_untreated.csv,da_untreated
lasso,10,alpha=10.0,0.1591166093763587,,0.191701697045801,,-0.0148696844993141,,0.0,,loco,False,flat,,,fold_features_D30_qualonly_da_untreated.csv,da_untreated
ridge,0,alpha=0.01,0.0576334647761219,,0.0789429558392385,,0.8278983112728778,,0.0441176470588235,,loco,False,flat,,,fold_features_D30_qualonly_da_untreated.csv,da_untreated
ridge,0,alpha=0.1,0.0576160958999301,,0.0789215376866488,,0.8279916850299088,,0.0441176470588235,,loco,False,flat,,,fold_features_D30_qualonly_da_untreated.csv,da_untreated
ridge,0,alpha=1.0,0.057472861826298,,0.0788573287761225,,0.8282714559024986,,0.0441176470588235,,loco,False,flat,,,fold_features_D30_qualonly_da_untreated.csv,da_untreated
ridge,0,alpha=10.0,0.0571359556242937,,0.0794431045463507,,0.8257106782438622,,0.0294117647058823,,loco,False,flat,,,fold_features_D30_qualonly_da_untreated.csv,da_untreated
ridge,0,alpha=100.0,0.0751710034325936,,0.0989903238871469,,0.7293899913276958,,0.0073529411764705,,loco,False,flat,,,fold_features_D30_qualonly_da_untreated.csv,da_untreated
ridge,1,alpha=0.01,0.0568142431552752,,0.0790643559840551,,0.827368581047011,,0.0441176470588235,,loco,False,flat,,,fold_features_D30_qualonly_da_untreated.csv,da_untreated
ridge,1,alpha=0.1,0.0568052931845078,,0.0790238955870081,,0.8275452206586851,,0.0367647058823529,,loco,False,flat,,,fold_features_D30_qualonly_da_untreated.csv,da_untreated
ridge,1,alpha=1.0,0.0570192934813844,,0.0789408387663051,,0.8279075419113198,,0.0367647058823529,,loco,False,flat,,,fold_features_D30_qualonly_da_untreated.csv,da_untreated
ridge,1,alpha=10.0,0.0583643523050302,,0.0811454019328644,,0.8181613509154512,,0.0367647058823529,,loco,False,flat,,,fold_features_D30_qualonly_da_untreated.csv,da_untreated
ridge,1,alpha=100.0,0.0709096957299657,,0.0944452625552699,,0.7536691977363726,,0.0073529411764705,,loco,False,flat,,,fold_features_D30_qualonly_da_untreated.csv,da_untreated
ridge,2,alpha=0.01,0.0571816416571731,,0.0794943903282172,,0.8254855750229928,,0.0514705882352941,,loco,False,flat,,,fold_features_D30_qualonly_da_untreated.csv,da_untreated
ridge,2,alpha=0.1,0.0571704766554252,,0.0794207875334711,,0.8258085865702934,,0.0514705882352941,,loco,False,flat,,,fold_features_D30_qualonly_da_untreated.csv,da_untreated
ridge,2,alpha=1.0,0.0572653609468393,,0.0792228671212346,,0.8266756915047888,,0.0441176470588235,,loco,False,flat,,,fold_features_D30_qualonly_da_untreated.csv,da_untreated
ridge,2,alpha=10.0,0.0584604810838484,,0.0812842377578219,,0.8175385844900035,,0.0367647058823529,,loco,False,flat,,,fold_features_D30_qualonly_da_untreated.csv,da_untreated
ridge,2,alpha=100.0,0.0708938576754137,,0.0943281829613926,,0.7542795498807434,,0.0073529411764705,,loco,False,flat,,,fold_features_D30_qualonly_da_untreated.csv,da_untreated
ridge,3,alpha=0.01,0.0579781890672315,,0.0800350352940337,,0.8231037419041733,,0.0588235294117647,,loco,False,flat,,,fold_features_D30_qualonly_da_untreated.csv,da_untreated
ridge,3,alpha=0.1,0.0579262175308515,,0.0799044478829862,,0.8236805287734084,,0.0588235294117647,,loco,False,flat,,,fold_features_D30_qualonly_da_untreated.csv,da_untreated
ridge,3,alpha=1.0,0.0579457200213624,,0.0795773680143674,,0.825121062236944,,0.0367647058823529,,loco,False,flat,,,fold_features_D30_qualonly_da_untreated.csv,da_untreated
ridge,3,alpha=10.0,0.0590551771466686,,0.0813365329742614,,0.8173037313643392,,0.0441176470588235,,loco,False,flat,,,fold_features_D30_qualonly_da_untreated.csv,da_untreated
ridge,3,alpha=100.0,0.0708408912495872,,0.0942336152809117,,0.7547719915705844,,0.0073529411764705,,loco,False,flat,,,fold_features_D30_qualonly_da_untreated.csv,da_untreated
ridge,4,alpha=0.01,0.0581898309496156,,0.0805681968155388,,0.8207390669879532,,0.0514705882352941,,loco,False,flat,,,fold_features_D30_qualonly_da_untreated.csv,da_untreated
ridge,4,alpha=0.1,0.0580325445479235,,0.0802568979427122,,0.8221216452645693,,0.0514705882352941,,loco,False,flat,,,fold_features_D30_qualonly_da_untreated.csv,da_untreated
ridge,4,alpha=1.0,0.0577136759374889,,0.079634405178195,,0.8248702830638124,,0.0514705882352941,,loco,False,flat,,,fold_features_D30_qualonly_da_untreated.csv,da_untreated
ridge,4,alpha=10.0,0.0574757904225509,,0.0802308737623703,,0.8222369845806089,,0.0294117647058823,,loco,False,flat,,,fold_features_D30_qualonly_da_untreated.csv,da_untreated
ridge,4,alpha=100.0,0.069775589526883,,0.0932644444651683,,0.7597902782848622,,0.0073529411764705,,loco,False,flat,,,fold_features_D30_qualonly_da_untreated.csv,da_untreated
ridge,5,alpha=0.01,0.0587349197805715,,0.0812282392727535,,0.817789901192546,,0.0514705882352941,,loco,False,flat,,,fold_features_D30_qualonly_da_untreated.csv,da_untreated
ridge,5,alpha=0.1,0.0585659479088986,,0.0809031933912788,,0.8192452605839389,,0.0441176470588235,,loco,False,flat,,,fold_features_D30_qualonly_da_untreated.csv,da_untreated
ridge,5,alpha=1.0,0.0582315071660331,,0.0802217838751123,,0.822277262198391,,0.0514705882352941,,loco,False,flat,,,fold_features_D30_qualonly_da_untreated.csv,da_untreated
ridge,5,alpha=10.0,0.0579843968133799,,0.0806616811449715,,0.8203228280477027,,0.0294117647058823,,loco,False,flat,,,fold_features_D30_qualonly_da_untreated.csv,da_untreated
ridge,5,alpha=100.0,0.0691169306990998,,0.0935505820476043,,0.7583140787160813,,0.0073529411764705,,loco,False,flat,,,fold_features_D30_qualonly_da_untreated.csv,da_untreated
ridge,6,alpha=0.01,0.0590925974295424,,0.0805476134180378,,0.8208306497179949,,0.0588235294117647,,loco,False,flat,,,fold_features_D30_qualonly_da_untreated.csv,da_untreated
ridge,6,alpha=0.1,0.0588733855848764,,0.0802252196064341,,0.8222620388856479,,0.0588235294117647,,loco,False,flat,,,fold_features_D30_qualonly_da_untreated.csv,da_untreated
ridge,6,alpha=1.0,0.0582331657701204,,0.0794465043297269,,0.825695760432651,,0.0661764705882353,,loco,False,flat,,,fold_features_D30_qualonly_da_untreated.csv,da_untreated
ridge,6,alpha=10.0,0.0570970797627836,,0.0796863180937597,,0.8246418778282267,,0.0367647058823529,,loco,False,flat,,,fold_features_D30_qualonly_da_untreated.csv,da_untreated
ridge,6,alpha=100.0,0.0692462964263577,,0.0938966047412207,,0.7565228878158714,,0.0073529411764705,,loco,False,flat,,,fold_features_D30_qualonly_da_untreated.csv,da_untreated
ridge,7,alpha=0.01,0.059285906320199,,0.0810171785117001,,0.818735568346017,,0.0661764705882353,,loco,False,flat,,,fold_features_D30_qualonly_da_untreated.csv,da_untreated
ridge,7,alpha=0.1,0.0590106582622584,,0.080630096440636,,0.8204635129226355,,0.0661764705882353,,loco,False,flat,,,fold_features_D30_qualonly_da_untreated.csv,da_untreated
ridge,7,alpha=1.0,0.0584412839567217,,0.0798375110455174,,0.8239758145717762,,0.0661764705882353,,loco,False,flat,,,fold_features_D30_qualonly_da_untreated.csv,da_untreated
ridge,7,alpha=10.0,0.0578430098074299,,0.0803160137091263,,0.8218595048562105,,0.0294117647058823,,loco,False,flat,,,fold_features_D30_qualonly_da_untreated.csv,da_untreated
ridge,7,alpha=100.0,0.0686009211142197,,0.091649397836253,,0.768037598426721,,0.0073529411764705,,loco,False,flat,,,fold_features_D30_qualonly_da_untreated.csv,da_untreated
ridge,8,alpha=0.01,0.0599232911662376,,0.0807150780239703,,0.820084861873802,,0.088235294117647,,loco,False,flat,,,fold_features_D30_qualonly_da_untreated.csv,da_untreated
ridge,8,alpha=0.1,0.0596037270576905,,0.080240328086729,,0.8221950872872168,,0.088235294117647,,loco,False,flat,,,fold_features_D30_qualonly_da_untreated.csv,da_untreated
ridge,8,alpha=1.0,0.0589074285850771,,0.0793678337011948,,0.8260407934796057,,0.0735294117647058,,loco,False,flat,,,fold_features_D30_qualonly_da_untreated.csv,da_untreated
ridge,8,alpha=10.0,0.0581342421810568,,0.0806079940522115,,0.8205619288111882,,0.0294117647058823,,loco,False,flat,,,fold_features_D30_qualonly_da_untreated.csv,da_untreated
ridge,8,alpha=100.0,0.067560742331021,,0.091596761659014,,0.7683039636893643,,0.0073529411764705,,loco,False,flat,,,fold_features_D30_qualonly_da_untreated.csv,da_untreated
ridge,9,alpha=0.01,0.0605009169996444,,0.0808791559772201,,0.8193526538986412,,0.088235294117647,,loco,False,flat,,,fold_features_D30_qualonly_da_untreated.csv,da_untreated
ridge,9,alpha=0.1,0.0601829978398503,,0.0804004689845226,,0.8214846651693344,,0.0808823529411764,,loco,False,flat,,,fold_features_D30_qualonly_da_untreated.csv,da_untreated
ridge,9,alpha=1.0,0.0594360858397771,,0.0794226169233725,,0.8258005617774752,,0.0735294117647058,,loco,False,flat,,,fold_features_D30_qualonly_da_untreated.csv,da_untreated
ridge,9,alpha=10.0,0.0580331930451277,,0.0801107850538723,,0.8227687338614654,,0.0294117647058823,,loco,False,flat,,,fold_features_D30_qualonly_da_untreated.csv,da_untreated
ridge,9,alpha=100.0,0.0671811442315252,,0.0910339184227595,,0.7711426640477177,,0.0073529411764705,,loco,False,flat,,,fold_features_D30_qualonly_da_untreated.csv,da_untreated
ridge,10,alpha=0.01,0.0607019048349364,,0.0809801832949488,,0.8189010736372627,,0.0735294117647058,,loco,False,flat,,,fold_features_D30_qualonly_da_untreated.csv,da_untreated
ridge,10,alpha=0.1,0.0603013740614255,,0.0805133441943705,,0.8209830735612123,,0.0735294117647058,,loco,False,flat,,,fold_features_D30_qualonly_da_untreated.csv,da_untreated
ridge,10,alpha=1.0,0.0595640210227316,,0.079470901305664,,0.8255886909192176,,0.0661764705882353,,loco,False,flat,,,fold_features_D30_qualonly_da_untreated.csv,da_untreated
ridge,10,alpha=10.0,0.0583449699144393,,0.0805254133003511,,0.8209293995717324,,0.0294117647058823,,loco,False,flat,,,fold_features_D30_qualonly_da_untreated.csv,da_untreated
ridge,10,alpha=100.0,0.0669227964984784,,0.0908789214505256,,0.7719213187902645,,0.0073529411764705,,loco,False,flat,,,fold_features_D30_qualonly_da_untreated.csv,da_untreated
lasso,1,alpha=0.001,0.0575527724234506,,0.0805613333837311,,0.820769607395531,,0.0294117647058823,,loco,False,nested,136.0,"k=1,alpha=0.001 x66; k=10,alpha=0.01 x30; k=4,alpha=0.01 x16; k=6,alpha=0.01 x14; k=0,alpha=0.01 x7; k=2,alpha=0.001 x2; k=7,alpha=0.01 x1",fold_features_D30_qualonly_da_untreated.csv,da_untreated
ridge,1,alpha=1.0,0.0581605543333591,,0.0807170685419599,,0.8200759879745586,,0.0441176470588235,,loco,False,nested,136.0,"k=1,alpha=1.0 x28; k=9,alpha=10.0 x26; k=1,alpha=0.1 x18; k=2,alpha=1.0 x17; k=10,alpha=10.0 x13; k=6,alpha=10.0 x12; k=2,alpha=0.1 x10; k=4,alpha=10.0 x10; k=0,alpha=10.0 x1; k=2,alpha=0.01 x1",fold_features_D30_qualonly_da_untreated.csv,da_untreated
lasso,0,alpha=0.001,0.0572948178805453,,0.0793174809148383,,0.8262614509372044,,0.0147058823529411,,lodo,False,flat,,,fold_features_D30_qualonly_da_untreated.csv,da_untreated
lasso,0,alpha=0.01,0.0568964708144562,,0.0799935519829151,,0.8232870701359905,,0.0,,lodo,False,flat,,,fold_features_D30_qualonly_da_untreated.csv,da_untreated
lasso,0,alpha=0.1,0.1050506877064328,,0.1295824303884374,,0.536285573880616,,0.0,,lodo,False,flat,,,fold_features_D30_qualonly_da_untreated.csv,da_untreated
lasso,0,alpha=1.0,0.1604856377690566,,0.1933086035632847,,-0.0319549340192335,,0.0,,lodo,False,flat,,,fold_features_D30_qualonly_da_untreated.csv,da_untreated
lasso,0,alpha=10.0,0.1604856377690566,,0.1933086035632847,,-0.0319549340192335,,0.0,,lodo,False,flat,,,fold_features_D30_qualonly_da_untreated.csv,da_untreated
lasso,1,alpha=0.001,0.058374384189154,,0.0810453442147354,,0.8186095129167283,,0.0220588235294117,,lodo,False,flat,,,fold_features_D30_qualonly_da_untreated.csv,da_untreated
lasso,1,alpha=0.01,0.0568964708144562,,0.0799935519829151,,0.8232870701359905,,0.0,,lodo,False,flat,,,fold_features_D30_qualonly_da_untreated.csv,da_untreated
lasso,1,alpha=0.1,0.1050506877064328,,0.1295824303884374,,0.536285573880616,,0.0,,lodo,False,flat,,,fold_features_D30_qualonly_da_untreated.csv,da_untreated
lasso,1,alpha=1.0,0.1604856377690566,,0.1933086035632847,,-0.0319549340192335,,0.0,,lodo,False,flat,,,fold_features_D30_qualonly_da_untreated.csv,da_untreated
lasso,1,alpha=10.0,0.1604856377690566,,0.1933086035632847,,-0.0319549340192335,,0.0,,lodo,False,flat,,,fold_features_D30_qualonly_da_untreated.csv,da_untreated
lasso,2,alpha=0.001,0.0584027411243695,,0.0810877651368719,,0.8184195756512411,,0.0220588235294117,,lodo,False,flat,,,fold_features_D30_qualonly_da_untreated.csv,da_untreated
lasso,2,alpha=0.01,0.0568964708144562,,0.0799935519829151,,0.8232870701359905,,0.0,,lodo,False,flat,,,fold_features_D30_qualonly_da_untreated.csv,da_untreated
lasso,2,alpha=0.1,0.1050506877064328,,0.1295824303884374,,0.536285573880616,,0.0,,lodo,False,flat,,,fold_features_D30_qualonly_da_untreated.csv,da_untreated
lasso,2,alpha=1.0,0.1604856377690566,,0.1933086035632847,,-0.0319549340192335,,0.0,,lodo,False,flat,,,fold_features_D30_qualonly_da_untreated.csv,da_untreated
lasso,2,alpha=10.0,0.1604856377690566,,0.1933086035632847,,-0.0319549340192335,,0.0,,lodo,False,flat,,,fold_features_D30_qualonly_da_untreated.csv,da_untreated
lasso,3,alpha=0.001,0.0586407074689457,,0.0809635047118052,,0.8189756637982398,,0.0220588235294117,,lodo,False,flat,,,fold_features_D30_qualonly_da_untreated.csv,da_untreated
lasso,3,alpha=0.01,0.0568964708144562,,0.0799935519829151,,0.8232870701359905,,0.0,,lodo,False,flat,,,fold_features_D30_qualonly_da_untreated.csv,da_untreated
lasso,3,alpha=0.1,0.1050506877064328,,0.1295824303884374,,0.536285573880616,,0.0,,lodo,False,flat,,,fold_features_D30_qualonly_da_untreated.csv,da_untreated
lasso,3,alpha=1.0,0.1604856377690566,,0.1933086035632847,,-0.0319549340192335,,0.0,,lodo,False,flat,,,fold_features_D30_qualonly_da_untreated.csv,da_untreated
lasso,3,alpha=10.0,0.1604856377690566,,0.1933086035632847,,-0.0319549340192335,,0.0,,lodo,False,flat,,,fold_features_D30_qualonly_da_untreated.csv,da_untreated
lasso,4,alpha=0.001,0.0588089170709061,,0.0814240625550979,,0.8169103058840284,,0.0294117647058823,,lodo,False,flat,,,fold_features_D30_qualonly_da_untreated.csv,da_untreated
lasso,4,alpha=0.01,0.0569411343047863,,0.0800442920305196,,0.8230628204068585,,0.0,,lodo,False,flat,,,fold_features_D30_qualonly_da_untreated.csv,da_untreated
lasso,4,alpha=0.1,0.1050506877064328,,0.1295824303884374,,0.536285573880616,,0.0,,lodo,False,flat,,,fold_features_D30_qualonly_da_untreated.csv,da_untreated
lasso,4,alpha=1.0,0.1604856377690566,,0.1933086035632847,,-0.0319549340192335,,0.0,,lodo,False,flat,,,fold_features_D30_qualonly_da_untreated.csv,da_untreated
lasso,4,alpha=10.0,0.1604856377690566,,0.1933086035632847,,-0.0319549340192335,,0.0,,lodo,False,flat,,,fold_features_D30_qualonly_da_untreated.csv,da_untreated
lasso,5,alpha=0.001,0.0593210314571544,,0.0819161703714878,,0.8146905163546879,,0.0294117647058823,,lodo,False,flat,,,fold_features_D30_qualonly_da_untreated.csv,da_untreated
lasso,5,alpha=0.01,0.0569411343047863,,0.0800442920305196,,0.8230628204068585,,0.0,,lodo,False,flat,,,fold_features_D30_qualonly_da_untreated.csv,da_untreated
lasso,5,alpha=0.1,0.1050506877064328,,0.1295824303884374,,0.536285573880616,,0.0,,lodo,False,flat,,,fold_features_D30_qualonly_da_untreated.csv,da_untreated
lasso,5,alpha=1.0,0.1604856377690566,,0.1933086035632847,,-0.0319549340192335,,0.0,,lodo,False,flat,,,fold_features_D30_qualonly_da_untreated.csv,da_untreated
lasso,5,alpha=10.0,0.1604856377690566,,0.1933086035632847,,-0.0319549340192335,,0.0,,lodo,False,flat,,,fold_features_D30_qualonly_da_untreated.csv,da_untreated
lasso,6,alpha=0.001,0.0596899968333033,,0.0819172493525023,,0.8146856346144755,,0.0514705882352941,,lodo,False,flat,,,fold_features_D30_qualonly_da_untreated.csv,da_untreated
lasso,6,alpha=0.01,0.0572425159202866,,0.0805329219035882,,0.8208960030892496,,0.0,,lodo,False,flat,,,fold_features_D30_qualonly_da_untreated.csv,da_untreated
lasso,6,alpha=0.1,0.1050506877064328,,0.1295824303884374,,0.536285573880616,,0.0,,lodo,False,flat,,,fold_features_D30_qualonly_da_untreated.csv,da_untreated
lasso,6,alpha=1.0,0.1604856377690566,,0.1933086035632847,,-0.0319549340192335,,0.0,,lodo,False,flat,,,fold_features_D30_qualonly_da_untreated.csv,da_untreated
lasso,6,alpha=10.0,0.1604856377690566,,0.1933086035632847,,-0.0319549340192335,,0.0,,lodo,False,flat,,,fold_features_D30_qualonly_da_untreated.csv,da_untreated
lasso,7,alpha=0.001,0.0599390835111207,,0.0825612840885962,,0.8117602910318802,,0.0514705882352941,,lodo,False,flat,,,fold_features_D30_qualonly_da_untreated.csv,da_untreated
lasso,7,alpha=0.01,0.0572425159202866,,0.0805329219035882,,0.8208960030892496,,0.0,,lodo,False,flat,,,fold_features_D30_qualonly_da_untreated.csv,da_untreated
lasso,7,alpha=0.1,0.1050506877064328,,0.1295824303884374,,0.536285573880616,,0.0,,lodo,False,flat,,,fold_features_D30_qualonly_da_untreated.csv,da_untreated
lasso,7,alpha=1.0,0.1604856377690566,,0.1933086035632847,,-0.0319549340192335,,0.0,,lodo,False,flat,,,fold_features_D30_qualonly_da_untreated.csv,da_untreated
lasso,7,alpha=10.0,0.1604856377690566,,0.1933086035632847,,-0.0319549340192335,,0.0,,lodo,False,flat,,,fold_features_D30_qualonly_da_untreated.csv,da_untreated
lasso,8,alpha=0.001,0.0605287651786352,,0.0827759786942122,,0.8107800108092149,,0.0588235294117647,,lodo,False,flat,,,fold_features_D30_qualonly_da_untreated.csv,da_untreated
lasso,8,alpha=0.01,0.0572425159202866,,0.0805329219035882,,0.8208960030892496,,0.0,,lodo,False,flat,,,fold_features_D30_qualonly_da_untreated.csv,da_untreated
lasso,8,alpha=0.1,0.1050506877064328,,0.1295824303884374,,0.536285573880616,,0.0,,lodo,False,flat,,,fold_features_D30_qualonly_da_untreated.csv,da_untreated
lasso,8,alpha=1.0,0.1604856377690566,,0.1933086035632847,,-0.0319549340192335,,0.0,,lodo,False,flat,,,fold_features_D30_qualonly_da_untreated.csv,da_untreated
lasso,8,alpha=10.0,0.1604856377690566,,0.1933086035632847,,-0.0319549340192335,,0.0,,lodo,False,flat,,,fold_features_D30_qualonly_da_untreated.csv,da_untreated
lasso,9,alpha=0.001,0.0605760563552484,,0.0824076290338288,,0.8124603060050989,,0.0514705882352941,,lodo,False,flat,,,fold_features_D30_qualonly_da_untreated.csv,da_untreated
lasso,9,alpha=0.01,0.0576230617120326,,0.0809990947174093,,0.8188164791582677,,0.0073529411764705,,lodo,False,flat,,,fold_features_D30_qualonly_da_untreated.csv,da_untreated
lasso,9,alpha=0.1,0.1050506877064328,,0.1295824303884374,,0.536285573880616,,0.0,,lodo,False,flat,,,fold_features_D30_qualonly_da_untreated.csv,da_untreated
lasso,9,alpha=1.0,0.1604856377690566,,0.1933086035632847,,-0.0319549340192335,,0.0,,lodo,False,flat,,,fold_features_D30_qualonly_da_untreated.csv,da_untreated
lasso,9,alpha=10.0,0.1604856377690566,,0.1933086035632847,,-0.0319549340192335,,0.0,,lodo,False,flat,,,fold_features_D30_qualonly_da_untreated.csv,da_untreated
lasso,10,alpha=0.001,0.0609197636253711,,0.0830691964661164,,0.8094370866235187,,0.0514705882352941,,lodo,False,flat,,,fold_features_D30_qualonly_da_untreated.csv,da_untreated
lasso,10,alpha=0.01,0.0577731663215195,,0.0813088569929599,,0.8174280405299469,,0.0073529411764705,,lodo,False,flat,,,fold_features_D30_qualonly_da_untreated.csv,da_untreated
lasso,10,alpha=0.1,0.1050506877064328,,0.1295824303884374,,0.536285573880616,,0.0,,lodo,False,flat,,,fold_features_D30_qualonly_da_untreated.csv,da_untreated
lasso,10,alpha=1.0,0.1604856377690566,,0.1933086035632847,,-0.0319549340192335,,0.0,,lodo,False,flat,,,fold_features_D30_qualonly_da_untreated.csv,da_untreated
lasso,10,alpha=10.0,0.1604856377690566,,0.1933086035632847,,-0.0319549340192335,,0.0,,lodo,False,flat,,,fold_features_D30_qualonly_da_untreated.csv,da_untreated
ridge,0,alpha=0.01,0.0587691810273502,,0.0802243320437157,,0.8222659716318855,,0.0514705882352941,,lodo,False,flat,,,fold_features_D30_qualonly_da_untreated.csv,da_untreated
ridge,0,alpha=0.1,0.0587575801071368,,0.0802003672427951,,0.8223721420247091,,0.0441176470588235,,lodo,False,flat,,,fold_features_D30_qualonly_da_untreated.csv,da_untreated
ridge,0,alpha=1.0,0.0586069616790708,,0.0801152887882752,,0.8227488058333717,,0.0441176470588235,,lodo,False,flat,,,fold_features_D30_qualonly_da_untreated.csv,da_untreated
ridge,0,alpha=10.0,0.0582192782371052,,0.0806988128293256,,0.8201573653009804,,0.0441176470588235,,lodo,False,flat,,,fold_features_D30_qualonly_da_untreated.csv,da_untreated
ridge,0,alpha=100.0,0.0771154123473512,,0.101439441919381,,0.7158340306720967,,0.0073529411764705,,lodo,False,flat,,,fold_features_D30_qualonly_da_untreated.csv,da_untreated
ridge,1,alpha=0.01,0.0588800384090647,,0.0818907954679675,,0.8148053039956007,,0.0367647058823529,,lodo,False,flat,,,fold_features_D30_qualonly_da_untreated.csv,da_untreated
ridge,1,alpha=0.1,0.0588519524014983,,0.0818178259924548,,0.8151351955071666,,0.0367647058823529,,lodo,False,flat,,,fold_features_D30_qualonly_da_untreated.csv,da_untreated
ridge,1,alpha=1.0,0.0590337855594499,,0.0815114198302894,,0.8165172329733057,,0.0441176470588235,,lodo,False,flat,,,fold_features_D30_qualonly_da_untreated.csv,da_untreated
ridge,1,alpha=10.0,0.0601455493950246,,0.0829486390411728,,0.8099898090358759,,0.0367647058823529,,lodo,False,flat,,,fold_features_D30_qualonly_da_untreated.csv,da_untreated
ridge,1,alpha=100.0,0.0725932362632772,,0.096372290150121,,0.7435145556650886,,0.0073529411764705,,lodo,False,flat,,,fold_features_D30_qualonly_da_untreated.csv,da_untreated
ridge,2,alpha=0.01,0.0592394107554013,,0.0821557894017667,,0.8136048058580079,,0.0441176470588235,,lodo,False,flat,,,fold_features_D30_qualonly_da_untreated.csv,da_untreated
ridge,2,alpha=0.1,0.0592215055322483,,0.0820553507444041,,0.8140602780633216,,0.0441176470588235,,lodo,False,flat,,,fold_features_D30_qualonly_da_untreated.csv,da_untreated
ridge,2,alpha=1.0,0.0592761723870508,,0.0816903191519536,,0.8157109419204103,,0.0514705882352941,,lodo,False,flat,,,fold_features_D30_qualonly_da_untreated.csv,da_untreated
ridge,2,alpha=10.0,0.0603313913427901,,0.0831732802233606,,0.808959245716314,,0.0367647058823529,,lodo,False,flat,,,fold_features_D30_qualonly_da_untreated.csv,da_untreated
ridge,2,alpha=100.0,0.0726749922036932,,0.0963455776275254,,0.7436567215030683,,0.0073529411764705,,lodo,False,flat,,,fold_features_D30_qualonly_da_untreated.csv,da_untreated
ridge,3,alpha=0.01,0.0599876612611685,,0.0826525793981447,,0.8113437542883283,,0.0514705882352941,,lodo,False,flat,,,fold_features_D30_qualonly_da_untreated.csv,da_untreated
ridge,3,alpha=0.1,0.0599133509110102,,0.0824907112959885,,0.8120819653928585,,0.0514705882352941,,lodo,False,flat,,,fold_features_D30_qualonly_da_untreated.csv,da_untreated
ridge,3,alpha=1.0,0.0599228483914017,,0.0819832793653505,,0.8143867661439449,,0.0441176470588235,,lodo,False,flat,,,fold_features_D30_qualonly_da_untreated.csv,da_untreated
ridge,3,alpha=10.0,0.0607098307098453,,0.0831541463473433,,0.8090471328272528,,0.0367647058823529,,lodo,False,flat,,,fold_features_D30_qualonly_da_untreated.csv,da_untreated
ridge,3,alpha=100.0,0.0725983578762963,,0.0962568880151218,,0.7441284509250199,,0.0073529411764705,,lodo,False,flat,,,fold_features_D30_qualonly_da_untreated.csv,da_untreated
ridge,4,alpha=0.01,0.0602434215486236,,0.0833230329901308,,0.8082706919773252,,0.0441176470588235,,lodo,False,flat,,,fold_features_D30_qualonly_da_untreated.csv,da_untreated
ridge,4,alpha=0.1,0.0600859732329786,,0.0829109339503111,,0.8101625116452438,,0.0441176470588235,,lodo,False,flat,,,fold_features_D30_qualonly_da_untreated.csv,da_untreated
ridge,4,alpha=1.0,0.0597216661753639,,0.082168811128648,,0.8135457137433103,,0.0514705882352941,,lodo,False,flat,,,fold_features_D30_qualonly_da_untreated.csv,da_untreated
ridge,4,alpha=10.0,0.0592506091780611,,0.0825213524487135,,0.811942335257146,,0.0367647058823529,,lodo,False,flat,,,fold_features_D30_qualonly_da_untreated.csv,da_untreated
ridge,4,alpha=100.0,0.0717782756079472,,0.0957301803528557,,0.7469209946250915,,0.0073529411764705,,lodo,False,flat,,,fold_features_D30_qualonly_da_untreated.csv,da_untreated
ridge,5,alpha=0.01,0.0613633120744044,,0.084452378542418,,0.8030381403344169,,0.0514705882352941,,lodo,False,flat,,,fold_features_D30_qualonly_da_untreated.csv,da_untreated
ridge,5,alpha=0.1,0.0611706290847748,,0.0840514533520456,,0.8049037959956965,,0.0514705882352941,,lodo,False,flat,,,fold_features_D30_qualonly_da_untreated.csv,da_untreated
ridge,5,alpha=1.0,0.0607227104061068,,0.0832006890818694,,0.8088333141248786,,0.0588235294117647,,lodo,False,flat,,,fold_features_D30_qualonly_da_untreated.csv,da_untreated
ridge,5,alpha=10.0,0.0599075309393762,,0.0831111899854908,,0.8092443694565736,,0.0441176470588235,,lodo,False,flat,,,fold_features_D30_qualonly_da_untreated.csv,da_untreated
ridge,5,alpha=100.0,0.0712454350664876,,0.0959477886779364,,0.7457691177221419,,0.0073529411764705,,lodo,False,flat,,,fold_features_D30_qualonly_da_untreated.csv,da_untreated
ridge,6,alpha=0.01,0.0623060409221809,,0.0850235900661438,,0.80036474337447,,0.0735294117647058,,lodo,False,flat,,,fold_features_D30_qualonly_da_untreated.csv,da_untreated
ridge,6,alpha=0.1,0.0621218869852844,,0.0846729464167369,,0.8020079694611999,,0.0808823529411764,,lodo,False,flat,,,fold_features_D30_qualonly_da_untreated.csv,da_untreated
ridge,6,alpha=1.0,0.0613145035846522,,0.0836436282607785,,0.8067924509925739,,0.088235294117647,,lodo,False,flat,,,fold_features_D30_qualonly_da_untreated.csv,da_untreated
ridge,6,alpha=10.0,0.0593898420981765,,0.0829399605907115,,0.810029566355248,,0.0367647058823529,,lodo,False,flat,,,fold_features_D30_qualonly_da_untreated.csv,da_untreated
ridge,6,alpha=100.0,0.0715288722137347,,0.0963878383700168,,0.743431788849532,,0.0073529411764705,,lodo,False,flat,,,fold_features_D30_qualonly_da_untreated.csv,da_untreated
ridge,7,alpha=0.01,0.0626674331718441,,0.0864007672417306,,0.7938451469778469,,0.0735294117647058,,lodo,False,flat,,,fold_features_D30_qualonly_da_untreated.csv,da_untreated
ridge,7,alpha=0.1,0.0623766813052594,,0.0859289212258055,,0.7960906764530044,,0.0735294117647058,,lodo,False,flat,,,fold_features_D30_qualonly_da_untreated.csv,da_untreated
ridge,7,alpha=1.0,0.0615957790647724,,0.0847173668678427,,0.8018001769456835,,0.088235294117647,,lodo,False,flat,,,fold_features_D30_qualonly_da_untreated.csv,da_untreated
ridge,7,alpha=10.0,0.0603972437940031,,0.0836348184977203,,0.8068331480098052,,0.0367647058823529,,lodo,False,flat,,,fold_features_D30_qualonly_da_untreated.csv,da_untreated
ridge,7,alpha=100.0,0.0710939565575019,,0.0944025907209926,,0.753891739604189,,0.0073529411764705,,lodo,False,flat,,,fold_features_D30_qualonly_da_untreated.csv,da_untreated
ridge,8,alpha=0.01,0.0629180748725995,,0.0854540052297438,,0.7983383990764423,,0.0735294117647058,,lodo,False,flat,,,fold_features_D30_qualonly_da_untreated.csv,da_untreated
ridge,8,alpha=0.1,0.0626539119752753,,0.0849198726949336,,0.8008515027537975,,0.0735294117647058,,lodo,False,flat,,,fold_features_D30_qualonly_da_untreated.csv,da_untreated
ridge,8,alpha=1.0,0.0618410778579582,,0.0838149612090134,,0.8060001199313186,,0.0808823529411764,,lodo,False,flat,,,fold_features_D30_qualonly_da_untreated.csv,da_untreated
ridge,8,alpha=10.0,0.0608229789544078,,0.0841355462500735,,0.804513215900248,,0.0514705882352941,,lodo,False,flat,,,fold_features_D30_qualonly_da_untreated.csv,da_untreated
ridge,8,alpha=100.0,0.0698966773687293,,0.0945571041496091,,0.7530854449632648,,0.0073529411764705,,lodo,False,flat,,,fold_features_D30_qualonly_da_untreated.csv,da_untreated
ridge,9,alpha=0.01,0.0640423855192392,,0.0859661383524826,,0.7959140057243342,,0.088235294117647,,lodo,False,flat,,,fold_features_D30_qualonly_da_untreated.csv,da_untreated
ridge,9,alpha=0.1,0.0637580636779436,,0.0854064544502218,,0.7985627653506195,,0.0955882352941176,,lodo,False,flat,,,fold_features_D30_qualonly_da_untreated.csv,da_untreated
ridge,9,alpha=1.0,0.0627191888658008,,0.0840210205058883,,0.8050450489460899,,0.088235294117647,,lodo,False,flat,,,fold_features_D30_qualonly_da_untreated.csv,da_untreated
ridge,9,alpha=10.0,0.060727025465237,,0.0837002502259981,,0.8065307814750051,,0.0367647058823529,,lodo,False,flat,,,fold_features_D30_qualonly_da_untreated.csv,da_untreated
ridge,9,alpha=100.0,0.0695122242723617,,0.0942865851163202,,0.7544962229282769,,0.0073529411764705,,lodo,False,flat,,,fold_features_D30_qualonly_da_untreated.csv,da_untreated
ridge,10,alpha=0.01,0.0643443175541953,,0.0867569909645327,,0.7921417214265768,,0.0588235294117647,,lodo,False,flat,,,fold_features_D30_qualonly_da_untreated.csv,da_untreated
ridge,10,alpha=0.1,0.0639042914613915,,0.0861789382872331,,0.794902369291405,,0.0514705882352941,,lodo,False,flat,,,fold_features_D30_qualonly_da_untreated.csv,da_untreated
ridge,10,alpha=1.0,0.0629860553123135,,0.0846699174109779,,0.802022134747735,,0.0661764705882353,,lodo,False,flat,,,fold_features_D30_qualonly_da_untreated.csv,da_untreated
ridge,10,alpha=10.0,0.0613664123839021,,0.0845794399783548,,0.8024450230399738,,0.0367647058823529,,lodo,False,flat,,,fold_features_D30_qualonly_da_untreated.csv,da_untreated
ridge,10,alpha=100.0,0.0696355431078479,,0.0946360497590415,,0.7526729755361147,,0.0073529411764705,,lodo,False,flat,,,fold_features_D30_qualonly_da_untreated.csv,da_untreated
lasso,6,alpha=0.01,0.0581573665975062,,0.0809649057361976,,0.818969398711127,,0.0147058823529411,,lodo,False,nested,20.0,"k=6,alpha=0.01 x6; k=0,alpha=0.01 x6; k=1,alpha=0.001 x2; k=4,alpha=0.01 x2; k=0,alpha=0.001 x2; k=7,alpha=0.001 x1; k=2,alpha=0.01 x1",fold_features_D30_qualonly_da_untreated.csv,da_untreated
ridge,0,alpha=10.0,0.0604562500350259,,0.0842065167097331,,0.8041832807185445,,0.0514705882352941,,lodo,False,nested,20.0,"k=0,alpha=10.0 x12; k=6,alpha=10.0 x3; k=1,alpha=0.1 x2; k=7,alpha=0.1 x1; k=10,alpha=10.0 x1; k=0,alpha=1.0 x1",fold_features_D30_qualonly_da_untreated.csv,da_untreated
