model,k,param_str,mae_mean,mae_std,rmse_mean,rmse_std,r2_mean,r2_std,frac_out_of_range_mean,frac_out_of_range_std,scheme,pool_correction,tuning,n_outer_folds,selection_distribution
lasso,0,alpha=0.001,0.1674753960970699,0.0010641333308348746,0.2046761512609482,0.0010664971610370487,0.5285046955684755,0.004917949484583227,0.05507246376811594,0.009166022203386606,plain,False,flat,,
lasso,0,alpha=0.01,0.16900430093588623,0.0010642465919791938,0.20510323122790836,0.0011478829113671207,0.5265332086681118,0.005304354409110326,0.050724637681159424,0.0068319495766816195,plain,False,flat,,
lasso,0,alpha=0.1,0.19541290601754407,0.0007862093982705458,0.22661916605296528,0.0007338947257007699,0.4219975899396691,0.0037443071529800484,0.007246376811594203,0.0,plain,False,flat,,
lasso,0,alpha=1.0,0.26676852981593613,0.0008066728340637028,0.2987371612779808,0.0007045041312769614,-0.004414443978247573,0.0047446171750365985,0.0,0.0,plain,False,flat,,
lasso,0,alpha=10.0,0.26676852981593613,0.0008066728340637028,0.2987371612779808,0.0007045041312769614,-0.004414443978247573,0.0047446171750365985,0.0,0.0,plain,False,flat,,
lasso,1,alpha=0.001,0.16511404760622161,0.0011982431425166932,0.2014371367652906,0.001586301937775599,0.5432951811101144,0.00719512799049962,0.060144927536231886,0.005965743495279451,plain,False,flat,,
lasso,1,alpha=0.01,0.16560081751476033,0.0009576959920361349,0.20127290017247526,0.0010352775372120429,0.5440541932095155,0.004690770849840015,0.052898550724637686,0.0035003325473887503,plain,False,flat,,
lasso,1,alpha=0.1,0.1954708880287414,0.0007242436412976859,0.226641567693686,0.0007180436147888681,0.4218835457007396,0.0036652795010012427,0.007246376811594203,0.0,plain,False,flat,,
lasso,1,alpha=1.0,0.26676852981593613,0.0008066728340637028,0.2987371612779808,0.0007045041312769614,-0.004414443978247573,0.0047446171750365985,0.0,0.0,plain,False,flat,,
lasso,1,alpha=10.0,0.26676852981593613,0.0008066728340637028,0.2987371612779808,0.0007045041312769614,-0.004414443978247573,0.0047446171750365985,0.0,0.0,plain,False,flat,,
lasso,2,alpha=0.001,0.14805321743914143,0.005528534907969776,0.18259341828841216,0.006320083921100977,0.6243611189709911,0.025922956198970944,0.05579710144927537,0.00767644859037232,plain,False,flat,,
lasso,2,alpha=0.01,0.14882958890076095,0.004880921836807646,0.18180923538152532,0.005720893085917521,0.6276503116028207,0.023352127766875834,0.052898550724637686,0.004890931577612703,plain,False,flat,,
lasso,2,alpha=0.1,0.18347889072799584,0.004237522643722559,0.21198105425591446,0.005004231713491959,0.49400742760360694,0.023890289992686428,0.007246376811594203,0.0,plain,False,flat,,
lasso,2,alpha=1.0,0.26676852981593613,0.0008066728340637028,0.2987371612779808,0.0007045041312769614,-0.004414443978247573,0.0047446171750365985,0.0,0.0,plain,False,flat,,
lasso,2,alpha=10.0,0.26676852981593613,0.0008066728340637028,0.2987371612779808,0.0007045041312769614,-0.004414443978247573,0.0047446171750365985,0.0,0.0,plain,False,flat,,
lasso,3,alpha=0.001,0.13280706562647612,0.0026926196126225302,0.16899562624077102,0.003141677173388267,0.6784723938266459,0.01203874550616337,0.05217391304347826,0.006658960749802039,plain,False,flat,,
lasso,3,alpha=0.01,0.13588587074558173,0.002297536948356688,0.16926323693891235,0.0028086825529966926,0.6774736735830589,0.010748670302316108,0.04927536231884058,0.005716019114105911,plain,False,flat,,
lasso,3,alpha=0.1,0.1786463323493342,0.0027459880136529043,0.20444059887517668,0.003179119089682302,0.5294984365967281,0.014542944525200096,0.007246376811594203,0.0,plain,False,flat,,
lasso,3,alpha=1.0,0.26676852981593613,0.0008066728340637028,0.2987371612779808,0.0007045041312769614,-0.004414443978247573,0.0047446171750365985,0.0,0.0,plain,False,flat,,
lasso,3,alpha=10.0,0.26676852981593613,0.0008066728340637028,0.2987371612779808,0.0007045041312769614,-0.004414443978247573,0.0047446171750365985,0.0,0.0,plain,False,flat,,
lasso,4,alpha=0.001,0.13237442614648326,0.0027506498115526146,0.1655864557765432,0.0037610978022901476,0.6912666792897146,0.014060032069354947,0.05217391304347826,0.006658960749802038,plain,False,flat,,
lasso,4,alpha=0.01,0.13496746203438154,0.0024624730851334083,0.1668692090438963,0.003198948147933496,0.6865066653445469,0.012029236523798325,0.053623188405797106,0.006110681468924402,plain,False,flat,,
lasso,4,alpha=0.1,0.17873821859944833,0.0027841488779211487,0.20454581480350437,0.0032434504614214017,0.5290099423697886,0.01484099486040828,0.007246376811594203,0.0,plain,False,flat,,
lasso,4,alpha=1.0,0.26676852981593613,0.0008066728340637028,0.2987371612779808,0.0007045041312769614,-0.004414443978247573,0.0047446171750365985,0.0,0.0,plain,False,flat,,
lasso,4,alpha=10.0,0.26676852981593613,0.0008066728340637028,0.2987371612779808,0.0007045041312769614,-0.004414443978247573,0.0047446171750365985,0.0,0.0,plain,False,flat,,
lasso,5,alpha=0.001,0.1311151833976541,0.002393180388620504,0.16435444684665873,0.0031814531826268246,0.695882348516504,0.011776463849057162,0.05434782608695652,0.007042212433388043,plain,False,flat,,
lasso,5,alpha=0.01,0.13487180635075274,0.0025786318713466733,0.16682503363588388,0.003391911594872577,0.6866596888854102,0.012751276330611707,0.05434782608695652,0.0061582361275275155,plain,False,flat,,
lasso,5,alpha=0.1,0.17873821859944833,0.0027841488779211487,0.20454581480350437,0.0032434504614214017,0.5290099423697886,0.01484099486040828,0.007246376811594203,0.0,plain,False,flat,,
lasso,5,alpha=1.0,0.26676852981593613,0.0008066728340637028,0.2987371612779808,0.0007045041312769614,-0.004414443978247573,0.0047446171750365985,0.0,0.0,plain,False,flat,,
lasso,5,alpha=10.0,0.26676852981593613,0.0008066728340637028,0.2987371612779808,0.0007045041312769614,-0.004414443978247573,0.0047446171750365985,0.0,0.0,plain,False,flat,,
lasso,6,alpha=0.001,0.13026344001310264,0.002317449489148616,0.16385743998861377,0.002873328078601393,0.6977371455938451,0.010548531138893655,0.051449275362318844,0.007974673439236317,plain,False,flat,,
lasso,6,alpha=0.01,0.13480772865221166,0.002595294155459611,0.16692151208212827,0.003443421386025847,0.6862937299036267,0.012935780540712696,0.053623188405797106,0.005066709411450004,plain,False,flat,,
lasso,6,alpha=0.1,0.17873821859944833,0.0027841488779211487,0.20454581480350437,0.0032434504614214017,0.5290099423697886,0.01484099486040828,0.007246376811594203,0.0,plain,False,flat,,
lasso,6,alpha=1.0,0.26676852981593613,0.0008066728340637028,0.2987371612779808,0.0007045041312769614,-0.004414443978247573,0.0047446171750365985,0.0,0.0,plain,False,flat,,
lasso,6,alpha=10.0,0.26676852981593613,0.0008066728340637028,0.2987371612779808,0.0007045041312769614,-0.004414443978247573,0.0047446171750365985,0.0,0.0,plain,False,flat,,
lasso,7,alpha=0.001,0.1302873979965986,0.002441262455888459,0.1646410863849414,0.002912896746913179,0.6948375773438729,0.010726648156346327,0.049275362318840575,0.01441201342046019,plain,False,flat,,
lasso,7,alpha=0.01,0.13375571602866923,0.0022127338915313337,0.16584285880886723,0.0028453864138019706,0.6903715422393208,0.010642971807598592,0.051449275362318844,0.007974673439236317,plain,False,flat,,
lasso,7,alpha=0.1,0.17873821859944833,0.0027841488779211487,0.20454581480350437,0.0032434504614214017,0.5290099423697886,0.01484099486040828,0.007246376811594203,0.0,plain,False,flat,,
lasso,7,alpha=1.0,0.26676852981593613,0.0008066728340637028,0.2987371612779808,0.0007045041312769614,-0.004414443978247573,0.0047446171750365985,0.0,0.0,plain,False,flat,,
lasso,7,alpha=10.0,0.26676852981593613,0.0008066728340637028,0.2987371612779808,0.0007045041312769614,-0.004414443978247573,0.0047446171750365985,0.0,0.0,plain,False,flat,,
lasso,8,alpha=0.001,0.1299912885977037,0.0026861779462718127,0.16502497277508776,0.003086166007955968,0.6934027230944804,0.011407755695777722,0.04782608695652174,0.009166022203386609,plain,False,flat,,
lasso,8,alpha=0.01,0.1336969315486146,0.0024441388538048725,0.1659078701212598,0.002854971565773894,0.6901282534050075,0.01067778520726905,0.050724637681159424,0.00836739520564675,plain,False,flat,,
lasso,8,alpha=0.1,0.17873821859944833,0.0027841488779211487,0.20454581480350437,0.0032434504614214017,0.5290099423697886,0.01484099486040828,0.007246376811594203,0.0,plain,False,flat,,
lasso,8,alpha=1.0,0.26676852981593613,0.0008066728340637028,0.2987371612779808,0.0007045041312769614,-0.004414443978247573,0.0047446171750365985,0.0,0.0,plain,False,flat,,
lasso,8,alpha=10.0,0.26676852981593613,0.0008066728340637028,0.2987371612779808,0.0007045041312769614,-0.004414443978247573,0.0047446171750365985,0.0,0.0,plain,False,flat,,
lasso,9,alpha=0.001,0.13079358785644815,0.002608135537743978,0.16622720128233204,0.0030777700612497644,0.6889211834925686,0.011453826837483182,0.04782608695652174,0.010909748589986681,plain,False,flat,,
lasso,9,alpha=0.01,0.1336969315451836,0.0024441388556037955,0.16590787011652908,0.002854971566304872,0.6901282534226435,0.010677785209395356,0.050724637681159424,0.00836739520564675,plain,False,flat,,
lasso,9,alpha=0.1,0.17873821859944833,0.0027841488779211487,0.20454581480350437,0.0032434504614214017,0.5290099423697886,0.01484099486040828,0.007246376811594203,0.0,plain,False,flat,,
lasso,9,alpha=1.0,0.26676852981593613,0.0008066728340637028,0.2987371612779808,0.0007045041312769614,-0.004414443978247573,0.0047446171750365985,0.0,0.0,plain,False,flat,,
lasso,9,alpha=10.0,0.26676852981593613,0.0008066728340637028,0.2987371612779808,0.0007045041312769614,-0.004414443978247573,0.0047446171750365985,0.0,0.0,plain,False,flat,,
lasso,10,alpha=0.001,0.13107854485760534,0.002713489505137459,0.16693085017736678,0.0030415708162404406,0.6862850396523494,0.011322421185089464,0.04782608695652174,0.011931486990558907,plain,False,flat,,
lasso,10,alpha=0.01,0.1333718535495878,0.0024544058037434193,0.16596792058449028,0.002732817365007239,0.689910869921081,0.010216629702486497,0.05,0.008675499998100468,plain,False,flat,,
lasso,10,alpha=0.1,0.17873673267986256,0.0027823610785931365,0.20454297149869238,0.0032407498058253546,0.5290232107615672,0.014828333488358061,0.007246376811594203,0.0,plain,False,flat,,
lasso,10,alpha=1.0,0.26676852981593613,0.0008066728340637028,0.2987371612779808,0.0007045041312769614,-0.004414443978247573,0.0047446171750365985,0.0,0.0,plain,False,flat,,
lasso,10,alpha=10.0,0.26676852981593613,0.0008066728340637028,0.2987371612779808,0.0007045041312769614,-0.004414443978247573,0.0047446171750365985,0.0,0.0,plain,False,flat,,
ridge,0,alpha=0.01,0.1673585818776211,0.0010465351317392958,0.20469490819130698,0.0010590409705551408,0.5284184367136335,0.0048840046088131995,0.05579710144927537,0.010276351394291134,plain,False,flat,,
ridge,0,alpha=0.1,0.16736437311168864,0.00104614382558124,0.20468685952619498,0.0010583480496702063,0.5284555354092084,0.004880621444671811,0.05507246376811594,0.009166022203386606,plain,False,flat,,
ridge,0,alpha=1.0,0.1674339383871512,0.0010498807686061854,0.20461824978364457,0.001051601659286207,0.5287717364612946,0.004847916294118259,0.05434782608695652,0.008539936970852023,plain,False,flat,,
ridge,0,alpha=10.0,0.1691752494628848,0.0007971112314005363,0.2049064355132228,0.0009981894281092252,0.5274445801275233,0.004607687881174217,0.0463768115942029,0.005066709411450009,plain,False,flat,,
ridge,0,alpha=100.0,0.19789559939166784,0.0007050397686094023,0.22891625224042747,0.000788244952550891,0.41021983221282693,0.004061254924187573,0.007246376811594203,0.0,plain,False,flat,,
ridge,1,alpha=0.01,0.16499547537965312,0.0012001569257102738,0.2014683408493252,0.0016015095216655624,0.5431531931705111,0.007266308352162115,0.06086956521739131,0.005066709411450006,plain,False,flat,,
ridge,1,alpha=0.1,0.16498515011286974,0.0011912724347869323,0.2014390119983623,0.001589245840386153,0.5432865836736662,0.007209325801145769,0.06086956521739131,0.005066709411450006,plain,False,flat,,
ridge,1,alpha=1.0,0.16490258132438698,0.001116209034046589,0.20118121020518798,0.0014825309920464638,0.5444580948984414,0.006714299001280718,0.06086956521739131,0.005066709411450006,plain,False,flat,,
ridge,1,alpha=10.0,0.165207118886479,0.0007841351739806721,0.200283863151075,0.0010352410714693124,0.5485240318304829,0.004662609867948649,0.051449275362318844,0.00634489156355734,plain,False,flat,,
ridge,1,alpha=100.0,0.1843144101942248,0.0006131526389578795,0.2157727391798821,0.0006409631537210066,0.47600291045505455,0.003113365733741365,0.007246376811594203,0.0,plain,False,flat,,
ridge,2,alpha=0.01,0.14845806959251348,0.005768672692635902,0.18322464380338183,0.0065394163868195635,0.6217336950239051,0.02690825150725583,0.056521739130434775,0.0066589607498020375,plain,False,flat,,
ridge,2,alpha=0.1,0.14844873838645598,0.005745065228727356,0.18317463989458704,0.006507328518522724,0.6219441365688921,0.026768979364284545,0.05579710144927537,0.00767644859037232,plain,False,flat,,
ridge,2,alpha=1.0,0.14844380326600723,0.005488224515279445,0.18282268084411468,0.006231541661757724,0.6234295032947688,0.025585842088248604,0.05507246376811594,0.007789621012848839,plain,False,flat,,
ridge,2,alpha=10.0,0.14983317405615207,0.004236401529517315,0.18307538087627268,0.004820171902859226,0.6225468657638557,0.019849315766093042,0.05434782608695652,0.0038191759180777516,plain,False,flat,,
ridge,2,alpha=100.0,0.16716825753708814,0.002915150425805732,0.19749365585218343,0.0033801403051449902,0.560910496593638,0.015081014644393218,0.007971014492753625,0.0022915055508466514,plain,False,flat,,
ridge,3,alpha=0.01,0.13316480336090647,0.0028300513851400883,0.16987545238401394,0.003383949924884426,0.6751008303090633,0.013054931122867786,0.05,0.007206006710230096,plain,False,flat,,
ridge,3,alpha=0.1,0.1332700069629815,0.002820934990788427,0.16985787644614825,0.003362041017459479,0.6751695304192133,0.012967432093106699,0.050724637681159424,0.007638351836155506,plain,False,flat,,
ridge,3,alpha=1.0,0.13410589789308,0.002734916439297196,0.16983841029245197,0.003188072017979814,0.6752554951245855,0.012285795170941556,0.04927536231884058,0.004583011101693305,plain,False,flat,,
ridge,3,alpha=10.0,0.13762726252516458,0.0024547105346439855,0.17088195291717428,0.0025130360348663257,0.6712928134069994,0.00973925661700687,0.051449275362318844,0.0022915055508466505,plain,False,flat,,
ridge,3,alpha=100.0,0.15779207553092425,0.0016961308521996148,0.18545805696514223,0.0014897011811336692,0.6128770617464636,0.006214707511890143,0.007246376811594203,0.0,plain,False,flat,,
ridge,4,alpha=0.01,0.13200985816138927,0.00291038833953946,0.1657011635958526,0.003923555840150664,0.6908263422768279,0.014675282963943282,0.050724637681159424,0.0068319495766816195,plain,False,flat,,
ridge,4,alpha=0.1,0.13213906699004094,0.002872156501855751,0.16567197158495936,0.003889982244567635,0.6909378707973762,0.014549593982164792,0.05144927536231884,0.007206006710230096,plain,False,flat,,
ridge,4,alpha=1.0,0.13308133130120248,0.002634405695253871,0.1658898813386645,0.003665889924395289,0.6901418663626517,0.013739894108456347,0.05217391304347826,0.006658960749802038,plain,False,flat,,
ridge,4,alpha=10.0,0.13713457905696047,0.002657563442700184,0.16893413675965557,0.003138717022559181,0.6787064440775368,0.011981434364687947,0.052898550724637686,0.0048909315776127,plain,False,flat,,
ridge,4,alpha=100.0,0.15418323470380255,0.0016356668527065694,0.1820758456170519,0.0017794056575084487,0.6268578780774182,0.007295321783890712,0.014492753623188406,0.0034159747883408093,plain,False,flat,,
ridge,5,alpha=0.01,0.13033279557015484,0.0025259836849545235,0.16437042804022342,0.0033859418111822992,0.6958096200465498,0.01252162519925194,0.052898550724637686,0.009070040268366468,plain,False,flat,,
ridge,5,alpha=0.1,0.1304261824215424,0.0024846239583220615,0.16432735074111182,0.0033519990625767394,0.6959712959713922,0.012395443174191487,0.053623188405797106,0.009166022203386606,plain,False,flat,,
ridge,5,alpha=1.0,0.13181192560930857,0.002488744207334014,0.16463263706368952,0.0031783344782046964,0.6948525120617742,0.011788253052125117,0.05507246376811594,0.007000665094777505,plain,False,flat,,
ridge,5,alpha=10.0,0.1370357253478792,0.0026501015283858964,0.16852940432118252,0.0030333651957681887,0.6802502190630136,0.011527881877437285,0.05434782608695652,0.0061582361275275155,plain,False,flat,,
ridge,5,alpha=100.0,0.15450035536567802,0.0016425126569579202,0.18232455574210102,0.0018274263499172873,0.6258361133019943,0.007487596260381217,0.014492753623188406,0.0034159747883408093,plain,False,flat,,
ridge,6,alpha=0.01,0.13012296172146035,0.0022788275228969807,0.1645471327768772,0.002827359781564526,0.695190639597483,0.010443792847751347,0.05217391304347826,0.010133418822900015,plain,False,flat,,
ridge,6,alpha=0.1,0.13013510045513693,0.002309503482272558,0.16443625445319673,0.0028319447195240726,0.6956009143282056,0.0104538274993379,0.052898550724637686,0.00969198195542941,plain,False,flat,,
ridge,6,alpha=1.0,0.13069144954847367,0.002484508558309401,0.16416804803905746,0.0028470682330038054,0.6965919598763316,0.010494129231010361,0.050724637681159424,0.00683194957668162,plain,False,flat,,
ridge,6,alpha=10.0,0.13575642956590578,0.0023797128525292637,0.16733540084608006,0.0028533634934313455,0.6847743369888578,0.010750022047435038,0.05434782608695652,0.0061582361275275155,plain,False,flat,,
ridge,6,alpha=100.0,0.15493058731549708,0.0016039529570424694,0.18279169529923872,0.001704491115331114,0.6239209142719484,0.007008983934485004,0.013768115942028985,0.004113378349257585,plain,False,flat,,
ridge,7,alpha=0.01,0.13100074898370387,0.002450279389199678,0.16609838188475295,0.0031488853560947077,0.689398509851407,0.011704945980609767,0.050724637681159424,0.011329506666240167,plain,False,flat,,
ridge,7,alpha=0.1,0.13091089385789628,0.0024837301761112362,0.16586469377343926,0.003132678791699063,0.6902726303462048,0.01162476661282336,0.050724637681159424,0.011329506666240167,plain,False,flat,,
ridge,7,alpha=1.0,0.13079327769488014,0.002669119568587405,0.16504907797680932,0.0030518795606905053,0.6933153071021678,0.01126994443073734,0.050724637681159424,0.014084424866776087,plain,False,flat,,
ridge,7,alpha=10.0,0.1337134090830568,0.0022277414235181707,0.16588611640849368,0.002781841033903613,0.6902136622067924,0.010382331993601834,0.04710144927536232,0.00615823612752752,plain,False,flat,,
ridge,7,alpha=100.0,0.15405754726510393,0.0015013913596701436,0.18155644847362237,0.001694041318716172,0.628986543810548,0.006909998016671609,0.014492753623188406,0.0034159747883408093,plain,False,flat,,
ridge,8,alpha=0.01,0.13070788637643907,0.0029100048668750517,0.1667427972689441,0.0034088468969870854,0.6869672533573343,0.012723282888452042,0.04855072463768116,0.010276351394291134,plain,False,flat,,
ridge,8,alpha=0.1,0.13057734494409443,0.002897402836778292,0.16648085634607082,0.0033887264551144543,0.6879510004946996,0.012630837591006765,0.04855072463768116,0.010829232739835697,plain,False,flat,,
ridge,8,alpha=1.0,0.13034013009274364,0.003062405316140074,0.16545120807807073,0.003334037071943635,0.6918012657237382,0.012362385132504818,0.04855072463768116,0.012804210899225671,plain,False,flat,,
ridge,8,alpha=10.0,0.13296609423614397,0.0025383585920108554,0.16572077509052432,0.003086724702791029,0.6908126127130689,0.011515080759265517,0.04492753623188406,0.0045830111016933045,plain,False,flat,,
ridge,8,alpha=100.0,0.1531979301260264,0.0019702480498896367,0.18085265753531132,0.0020403237300284267,0.631844060947303,0.008284316700170737,0.014492753623188406,0.0034159747883408093,plain,False,flat,,
ridge,9,alpha=0.01,0.1322155804400956,0.0024238285862658573,0.1697163437454715,0.003270160602765946,0.6757166113087272,0.012437502450501438,0.0463768115942029,0.011432038228211818,plain,False,flat,,
ridge,9,alpha=0.1,0.13193743316869885,0.002488658090262255,0.16913901087967725,0.00325921422163825,0.6779191101400383,0.012350305486569334,0.0463768115942029,0.011432038228211818,plain,False,flat,,
ridge,9,alpha=1.0,0.13128773927689597,0.0027295122881901683,0.16706362568882632,0.003173421927884331,0.6857776369814083,0.011874354320187522,0.04710144927536232,0.01145752775423326,plain,False,flat,,
ridge,9,alpha=10.0,0.1334497354932456,0.0024027780434106027,0.16623418462797196,0.003085544967056648,0.6888945682533603,0.011546239929456779,0.04492753623188406,0.005716019114105911,plain,False,flat,,
ridge,9,alpha=100.0,0.15320077741439983,0.001974972544010621,0.180847455886396,0.0020866540506579902,0.6318632991320154,0.00847533978575363,0.014492753623188406,0.0034159747883408093,plain,False,flat,,
ridge,10,alpha=0.01,0.13328355967928907,0.002375565528533363,0.17127616824794156,0.0029712820766985754,0.6697492841189144,0.011366384628871498,0.04710144927536232,0.00919779360611583,plain,False,flat,,
ridge,10,alpha=0.1,0.13289546751662615,0.0024133346755315886,0.17056159675512006,0.0029879512635894935,0.6724974251835715,0.011378438937545525,0.04782608695652174,0.010361164536003487,plain,False,flat,,
ridge,10,alpha=1.0,0.13174811863709726,0.0026557395963599955,0.16798668119560076,0.00302002889429537,0.682306531825084,0.011329339701553993,0.04855072463768116,0.011857910829597659,plain,False,flat,,
ridge,10,alpha=10.0,0.13307131968483757,0.0023772290362586365,0.16667533049120256,0.0028892459861109437,0.6872535706243663,0.010811650618673684,0.042028985507246375,0.005716019114105912,plain,False,flat,,
ridge,10,alpha=100.0,0.15245658238977344,0.001816094197608393,0.18041801966685914,0.0018460276624986565,0.6336189373957373,0.0074773669113007216,0.014492753623188406,0.0034159747883408093,plain,False,flat,,
lasso,4,alpha=0.001,0.13331407307684467,0.0025254063257298632,0.16801849996975493,0.0031317205324353074,0.6821792454543878,0.011760460297540775,0.05,0.01104263715039851,plain,False,nested,50.0,"k=4,alpha=0.001 x7; k=6,alpha=0.001 x6; k=9,alpha=0.001 x6; k=3,alpha=0.01 x5; k=8,alpha=0.001 x5; k=5,alpha=0.001 x4; k=7,alpha=0.001 x3; k=3,alpha=0.001 x3; k=7,alpha=0.01 x3; k=10,alpha=0.01 x2; k=8,alpha=0.01 x2; k=4,alpha=0.01 x1; k=2,alpha=0.01 x1; k=2,alpha=0.001 x1; k=10,alpha=0.001 x1"
ridge,6,alpha=1.0,0.13379909790215233,0.003784614590650094,0.16954596052411236,0.0034026993737744132,0.6763582239359242,0.012999332709435952,0.04710144927536232,0.012895022043516077,plain,False,nested,50.0,"k=6,alpha=1.0 x4; k=4,alpha=0.01 x4; k=6,alpha=0.01 x3; k=5,alpha=0.01 x3; k=3,alpha=0.01 x3; k=9,alpha=0.1 x3; k=4,alpha=0.1 x2; k=7,alpha=1.0 x2; k=3,alpha=0.1 x2; k=5,alpha=0.1 x2; k=8,alpha=0.01 x2; k=9,alpha=1.0 x2; k=3,alpha=1.0 x2; k=10,alpha=10.0 x2; k=9,alpha=0.01 x2; k=3,alpha=10.0 x1; k=2,alpha=10.0 x1; k=7,alpha=0.1 x1; k=7,alpha=10.0 x1; k=5,alpha=1.0 x1; k=2,alpha=1.0 x1; k=6,alpha=0.1 x1; k=2,alpha=0.01 x1; k=8,alpha=1.0 x1; k=9,alpha=10.0 x1; k=10,alpha=0.01 x1; k=10,alpha=0.1 x1"
lasso,0,alpha=0.001,0.17020176674679338,0.0018370494070802617,0.20808646851159812,0.0021941674855132155,0.5126248159334799,0.01029772354819683,0.0572463768115942,0.004113378349257584,donor_grouped,False,flat,,
lasso,0,alpha=0.01,0.17186493901018196,0.0014064159974789651,0.2088043993731164,0.001702055726931798,0.5092757317618928,0.008013396528240064,0.053623188405797106,0.003742012894886392,donor_grouped,False,flat,,
lasso,0,alpha=0.1,0.195333517893112,0.0003842539480674072,0.2264699729248103,0.0005392495052667323,0.42276088998563177,0.002752079024482023,0.007246376811594203,0.0,donor_grouped,False,flat,,
lasso,0,alpha=1.0,0.2665449965127452,0.00023859876873452576,0.29876126887718263,0.00043996080660070586,-0.004573492186301586,0.0029604763507834033,0.0,0.0,donor_grouped,False,flat,,
lasso,0,alpha=10.0,0.2665449965127452,0.00023859876873452576,0.29876126887718263,0.00043996080660070586,-0.004573492186301586,0.0029604763507834033,0.0,0.0,donor_grouped,False,flat,,
lasso,1,alpha=0.001,0.1675525992316455,0.0020584633207234027,0.20360591403854858,0.0023233415473961168,0.5333793601689465,0.010663338083084811,0.06231884057971014,0.0037420128948863936,donor_grouped,False,flat,,
lasso,1,alpha=0.01,0.16738108829309345,0.0018669525748151047,0.20300636232218072,0.0021558661685618552,0.53613067627904,0.009858086472962291,0.052898550724637686,0.003500332547388752,donor_grouped,False,flat,,
lasso,1,alpha=0.1,0.19573910851835688,0.0006350868151935046,0.22722099636871182,0.0009727833755393854,0.4189194219897979,0.004977614950897181,0.007246376811594203,0.0,donor_grouped,False,flat,,
lasso,1,alpha=1.0,0.2665449965127452,0.00023859876873452576,0.29876126887718263,0.00043996080660070586,-0.004573492186301586,0.0029604763507834033,0.0,0.0,donor_grouped,False,flat,,
lasso,1,alpha=10.0,0.2665449965127452,0.00023859876873452576,0.29876126887718263,0.00043996080660070586,-0.004573492186301586,0.0029604763507834033,0.0,0.0,donor_grouped,False,flat,,
lasso,2,alpha=0.001,0.15198865631556488,0.007625634413845557,0.18792042339604315,0.007228773917851166,0.6020227663277536,0.030616780183561107,0.053623188405797106,0.003742012894886391,donor_grouped,False,flat,,
lasso,2,alpha=0.01,0.15260547370789337,0.006800943937211388,0.1862040153488887,0.005976206169236672,0.6094174849106657,0.024849169327851806,0.04855072463768116,0.004890931577612703,donor_grouped,False,flat,,
lasso,2,alpha=0.1,0.18837940194993055,0.004677103982079178,0.21674064174994173,0.005309971582661836,0.47100992488545285,0.02541611376264568,0.007246376811594203,0.0,donor_grouped,False,flat,,
lasso,2,alpha=1.0,0.2665449965127452,0.00023859876873452576,0.29876126887718263,0.00043996080660070586,-0.004573492186301586,0.0029604763507834033,0.0,0.0,donor_grouped,False,flat,,
lasso,2,alpha=10.0,0.2665449965127452,0.00023859876873452576,0.29876126887718263,0.00043996080660070586,-0.004573492186301586,0.0029604763507834033,0.0,0.0,donor_grouped,False,flat,,
lasso,3,alpha=0.001,0.1326343664341202,0.0017230199480442099,0.16899767168674718,0.0014705303586350226,0.6785426854788422,0.005596128037328886,0.04927536231884058,0.0030553407344622043,donor_grouped,False,flat,,
lasso,3,alpha=0.01,0.13618825042113486,0.0020897168362961627,0.1696242715253341,0.0018753799841751385,0.676140946262181,0.007181178755521733,0.04492753623188406,0.003055340734462204,donor_grouped,False,flat,,
lasso,3,alpha=0.1,0.18230141110001646,0.002723465829615593,0.20788491232028772,0.0025294300083586775,0.5135523834456471,0.011691880406800984,0.007246376811594203,0.0,donor_grouped,False,flat,,
lasso,3,alpha=1.0,0.2665449965127452,0.00023859876873452576,0.29876126887718263,0.00043996080660070586,-0.004573492186301586,0.0029604763507834033,0.0,0.0,donor_grouped,False,flat,,
lasso,3,alpha=10.0,0.2665449965127452,0.00023859876873452576,0.29876126887718263,0.00043996080660070586,-0.004573492186301586,0.0029604763507834033,0.0,0.0,donor_grouped,False,flat,,
lasso,4,alpha=0.001,0.13361259865027236,0.0008172175923135623,0.16802807967526306,0.0014011758384150045,0.6822224713801184,0.00532203324499848,0.050724637681159424,0.0,donor_grouped,False,flat,,
lasso,4,alpha=0.01,0.13611045659495963,0.0015422050755862459,0.1688626147626309,0.001928948257895791,0.6790404545200944,0.00733944861132541,0.050724637681159424,0.0,donor_grouped,False,flat,,
lasso,4,alpha=0.1,0.18267752900546044,0.0026361700135641396,0.20806133868628285,0.0025233504429238054,0.5127267841174429,0.01167601111271104,0.007246376811594203,0.0,donor_grouped,False,flat,,
lasso,4,alpha=1.0,0.2665449965127452,0.00023859876873452576,0.29876126887718263,0.00043996080660070586,-0.004573492186301586,0.0029604763507834033,0.0,0.0,donor_grouped,False,flat,,
lasso,4,alpha=10.0,0.2665449965127452,0.00023859876873452576,0.29876126887718263,0.00043996080660070586,-0.004573492186301586,0.0029604763507834033,0.0,0.0,donor_grouped,False,flat,,
lasso,5,alpha=0.001,0.13345028400179187,0.0009811448372086193,0.16773985804198252,0.0014287834881172167,0.6833108560290612,0.005404628904492074,0.05217391304347826,0.004583011101693305,donor_grouped,False,flat,,
lasso,5,alpha=0.01,0.13607578811016038,0.001624209371433171,0.16877486915008283,0.0019133368105105906,0.6793744949226219,0.007280153993997766,0.050724637681159424,0.0,donor_grouped,False,flat,,
lasso,5,alpha=0.1,0.18267752900546044,0.0026361700135641396,0.20806133868628285,0.0025233504429238054,0.5127267841174429,0.01167601111271104,0.007246376811594203,0.0,donor_grouped,False,flat,,
lasso,5,alpha=1.0,0.2665449965127452,0.00023859876873452576,0.29876126887718263,0.00043996080660070586,-0.004573492186301586,0.0029604763507834033,0.0,0.0,donor_grouped,False,flat,,
lasso,5,alpha=10.0,0.2665449965127452,0.00023859876873452576,0.29876126887718263,0.00043996080660070586,-0.004573492186301586,0.0029604763507834033,0.0,0.0,donor_grouped,False,flat,,
lasso,6,alpha=0.001,0.1321402352475065,0.0012597547988220008,0.16731246603067446,0.0019945242374802075,0.684902890922845,0.007531794886258201,0.04492753623188406,0.005716019114105911,donor_grouped,False,flat,,
lasso,6,alpha=0.01,0.13625122462567615,0.0018291993829036104,0.16915527549397807,0.0021172154179546604,0.6779193764534435,0.008081215161508056,0.050724637681159424,0.0,donor_grouped,False,flat,,
lasso,6,alpha=0.1,0.18267752900546044,0.0026361700135641396,0.20806133868628285,0.0025233504429238054,0.5127267841174429,0.01167601111271104,0.007246376811594203,0.0,donor_grouped,False,flat,,
lasso,6,alpha=1.0,0.2665449965127452,0.00023859876873452576,0.29876126887718263,0.00043996080660070586,-0.004573492186301586,0.0029604763507834033,0.0,0.0,donor_grouped,False,flat,,
lasso,6,alpha=10.0,0.2665449965127452,0.00023859876873452576,0.29876126887718263,0.00043996080660070586,-0.004573492186301586,0.0029604763507834033,0.0,0.0,donor_grouped,False,flat,,
lasso,7,alpha=0.001,0.13190029684156854,0.0017957801370155793,0.16794930144031547,0.0022038593282819145,0.6824910454664964,0.008350885004980066,0.034782608695652174,0.004583011101693304,donor_grouped,False,flat,,
lasso,7,alpha=0.01,0.13522167084332395,0.0011094254155425659,0.1687618559784673,0.0013827628539639916,0.6794416443218159,0.0052712807857957684,0.041304347826086954,0.004890931577612702,donor_grouped,False,flat,,
lasso,7,alpha=0.1,0.18267752900546044,0.0026361700135641396,0.20806133868628285,0.0025233504429238054,0.5127267841174429,0.01167601111271104,0.007246376811594203,0.0,donor_grouped,False,flat,,
lasso,7,alpha=1.0,0.2665449965127452,0.00023859876873452576,0.29876126887718263,0.00043996080660070586,-0.004573492186301586,0.0029604763507834033,0.0,0.0,donor_grouped,False,flat,,
lasso,7,alpha=10.0,0.2665449965127452,0.00023859876873452576,0.29876126887718263,0.00043996080660070586,-0.004573492186301586,0.0029604763507834033,0.0,0.0,donor_grouped,False,flat,,
lasso,8,alpha=0.001,0.13183850767036273,0.0015789781892212623,0.16945032474859492,0.001707662887100322,0.6768108434638508,0.0065088933548270965,0.034782608695652174,0.005716019114105909,donor_grouped,False,flat,,
lasso,8,alpha=0.01,0.13488870226817273,0.001453169529058138,0.1684271118821003,0.00146227867129218,0.6807096887017956,0.0055603140865825434,0.041304347826086954,0.004890931577612702,donor_grouped,False,flat,,
lasso,8,alpha=0.1,0.18267752900546044,0.0026361700135641396,0.20806133868628285,0.0025233504429238054,0.5127267841174429,0.01167601111271104,0.007246376811594203,0.0,donor_grouped,False,flat,,
lasso,8,alpha=1.0,0.2665449965127452,0.00023859876873452576,0.29876126887718263,0.00043996080660070586,-0.004573492186301586,0.0029604763507834033,0.0,0.0,donor_grouped,False,flat,,
lasso,8,alpha=10.0,0.2665449965127452,0.00023859876873452576,0.29876126887718263,0.00043996080660070586,-0.004573492186301586,0.0029604763507834033,0.0,0.0,donor_grouped,False,flat,,
lasso,9,alpha=0.001,0.1324823276734945,0.0013534098148062829,0.17046961291360924,0.0012351977032903569,0.6729254542768723,0.004739405998830936,0.036231884057971016,0.006831949576681618,donor_grouped,False,flat,,
lasso,9,alpha=0.01,0.13488870226817273,0.001453169529058138,0.1684271118821003,0.00146227867129218,0.6807096887017956,0.0055603140865825434,0.041304347826086954,0.004890931577612702,donor_grouped,False,flat,,
lasso,9,alpha=0.1,0.18267752900546044,0.0026361700135641396,0.20806133868628285,0.0025233504429238054,0.5127267841174429,0.01167601111271104,0.007246376811594203,0.0,donor_grouped,False,flat,,
lasso,9,alpha=1.0,0.2665449965127452,0.00023859876873452576,0.29876126887718263,0.00043996080660070586,-0.004573492186301586,0.0029604763507834033,0.0,0.0,donor_grouped,False,flat,,
lasso,9,alpha=10.0,0.2665449965127452,0.00023859876873452576,0.29876126887718263,0.00043996080660070586,-0.004573492186301586,0.0029604763507834033,0.0,0.0,donor_grouped,False,flat,,
lasso,10,alpha=0.001,0.13289199789315537,0.0013968079172941461,0.1711020687416439,0.001434554007404953,0.6704887308250977,0.005528910361095915,0.03695652173913043,0.006344891563557342,donor_grouped,False,flat,,
lasso,10,alpha=0.01,0.13500565933564657,0.0014751135643901003,0.16861358106190244,0.0015072451598053553,0.6800010068161401,0.005749972738589615,0.041304347826086954,0.004890931577612702,donor_grouped,False,flat,,
lasso,10,alpha=0.1,0.18267752900546044,0.0026361700135641396,0.20806133868628285,0.0025233504429238054,0.5127267841174429,0.01167601111271104,0.007246376811594203,0.0,donor_grouped,False,flat,,
lasso,10,alpha=1.0,0.2665449965127452,0.00023859876873452576,0.29876126887718263,0.00043996080660070586,-0.004573492186301586,0.0029604763507834033,0.0,0.0,donor_grouped,False,flat,,
lasso,10,alpha=10.0,0.2665449965127452,0.00023859876873452576,0.29876126887718263,0.00043996080660070586,-0.004573492186301586,0.0029604763507834033,0.0,0.0,donor_grouped,False,flat,,
ridge,0,alpha=0.01,0.17005369103044676,0.0018191896511853551,0.20801219220655626,0.0021952885471926732,0.5129726055787969,0.01029948265395002,0.05869565217391305,0.00229150555084665,donor_grouped,False,flat,,
ridge,0,alpha=0.1,0.17005614319527884,0.0018204123175792214,0.20800626798291275,0.002193690399455085,0.5130004147026772,0.01029167660888166,0.05869565217391305,0.00229150555084665,donor_grouped,False,flat,,
ridge,0,alpha=1.0,0.1701103516861331,0.0018224275361788378,0.2079577249768191,0.0021777060432928274,0.5132283781153031,0.01021415174427487,0.053623188405797106,0.005066709411450006,donor_grouped,False,flat,,
ridge,0,alpha=10.0,0.17219263581493516,0.0017720890436921793,0.20834957373064164,0.002020315461627563,0.5113991041886594,0.009492323717404319,0.0463768115942029,0.0037420128948863944,donor_grouped,False,flat,,
ridge,0,alpha=100.0,0.1992600782336662,0.0010056743053613133,0.23121617922646398,0.0011164194116689086,0.39830302342868223,0.0058145914223079066,0.007246376811594203,0.0,donor_grouped,False,flat,,
ridge,1,alpha=0.01,0.16748676355785674,0.0020495381760640597,0.20367263713264835,0.002331517649272635,0.5330731306467545,0.010705213001678255,0.06521739130434782,0.0,donor_grouped,False,flat,,
ridge,1,alpha=0.1,0.1674771234773869,0.002046247721285509,0.20364682870553322,0.0023293913460063586,0.533191543082042,0.010694171856353829,0.06521739130434782,0.0,donor_grouped,False,flat,,
ridge,1,alpha=1.0,0.16739834626439612,0.002020639284514204,0.20341911830311493,0.0023073602632576956,0.5342358074513732,0.010581844961692817,0.06521739130434782,0.0,donor_grouped,False,flat,,
ridge,1,alpha=10.0,0.1674544163723259,0.0018311421304088734,0.2025824542659246,0.0021237655037304698,0.5380671076880281,0.009701234104079592,0.05434782608695652,0.003819175918077751,donor_grouped,False,flat,,
ridge,1,alpha=100.0,0.18493510962508855,0.0010679501578939356,0.21707244669754683,0.001325607785525806,0.46965771581497207,0.006482646809851638,0.007246376811594203,0.0,donor_grouped,False,flat,,
ridge,2,alpha=0.01,0.15227790597379978,0.007678729925545644,0.1887339695716314,0.007365335963892903,0.5985538621272022,0.031349307613183164,0.05434782608695652,0.005123962182511212,donor_grouped,False,flat,,
ridge,2,alpha=0.1,0.15223532120536237,0.007627812098065438,0.18862958389108334,0.00729621787292157,0.5990074629938344,0.031030295216132545,0.05434782608695652,0.005123962182511212,donor_grouped,False,flat,,
ridge,2,alpha=1.0,0.15201795274890625,0.007225828178587122,0.187851672727811,0.006722452710701043,0.6023850763058748,0.028419518239279438,0.053623188405797106,0.003742012894886391,donor_grouped,False,flat,,
ridge,2,alpha=10.0,0.15336786725916318,0.004933619895010928,0.18695158960286087,0.004295902243858705,0.6064527010871449,0.018004845220055844,0.05579710144927537,0.0035003325473887538,donor_grouped,False,flat,,
ridge,2,alpha=100.0,0.17077999476589648,0.0028477553597738357,0.2012804682515415,0.0031046454003653173,0.5439331282467315,0.014012309291285878,0.013043478260869565,0.005716019114105909,donor_grouped,False,flat,,
ridge,3,alpha=0.01,0.1335689930421185,0.0017500396476783657,0.17057156764886108,0.0015188178917817181,0.672526209396598,0.005833809231314871,0.04927536231884058,0.0030553407344622043,donor_grouped,False,flat,,
ridge,3,alpha=0.1,0.13362145525531055,0.0017166897059690807,0.1705021808990314,0.001506054355329302,0.6727929531723348,0.005782803051729919,0.04927536231884058,0.0030553407344622043,donor_grouped,False,flat,,
ridge,3,alpha=1.0,0.13413641661645742,0.0014739572965303573,0.1701355836674127,0.0014106304530339916,0.6742012186260389,0.005406405790209814,0.05,0.004113378349257583,donor_grouped,False,flat,,
ridge,3,alpha=10.0,0.13737956825753544,0.0012007596519915727,0.17078275728635947,0.0013124436927657033,0.6717207740468412,0.005055892268722634,0.05217391304347826,0.003055340734462205,donor_grouped,False,flat,,
ridge,3,alpha=100.0,0.15774234112383256,0.0012981595767685076,0.18602083676706388,0.0016492473399694074,0.6105190811074263,0.0069395743192064855,0.007246376811594203,0.0,donor_grouped,False,flat,,
ridge,4,alpha=0.01,0.1330623278840608,0.001329871824116084,0.16834867510922802,0.0017232988006982627,0.680998564872891,0.006546899360477265,0.04855072463768116,0.0035003325473887555,donor_grouped,False,flat,,
ridge,4,alpha=0.1,0.13316349028605814,0.001286188589071935,0.16829036282537616,0.0016823611236053255,0.6812209081570761,0.0063896964003142456,0.04855072463768116,0.0035003325473887555,donor_grouped,False,flat,,
ridge,4,alpha=1.0,0.13416476637993363,0.0011079484075302635,0.16821377875615934,0.0014813050640778062,0.6815173932333773,0.005627534268827738,0.050724637681159424,0.0,donor_grouped,False,flat,,
ridge,4,alpha=10.0,0.13807730804439938,0.001176662372645892,0.17032163617450705,0.0014291673521632535,0.6734877825646481,0.005485052523811074,0.05217391304347826,0.003055340734462205,donor_grouped,False,flat,,
ridge,4,alpha=100.0,0.15412019952347866,0.0013253865148491195,0.18271194970325594,0.0017076550376868707,0.6242488478603044,0.007056963071498195,0.008695652173913044,0.003055340734462202,donor_grouped,False,flat,,
ridge,5,alpha=0.01,0.1325491120256255,0.0011392613434645224,0.16793128237110727,0.001568553695685773,0.6825834375054942,0.005944457716134832,0.042753623188405795,0.005346846285308854,donor_grouped,False,flat,,
ridge,5,alpha=0.1,0.13265465347741207,0.0010833172966466325,0.1678386093814104,0.0015537956791321385,0.6829341131730103,0.005885471440610386,0.042753623188405795,0.005346846285308854,donor_grouped,False,flat,,
ridge,5,alpha=1.0,0.13391245129869708,0.0009369808168880663,0.16766005432375825,0.001460032839768428,0.6836111855896416,0.005525235012832501,0.051449275362318844,0.004113378349257588,donor_grouped,False,flat,,
ridge,5,alpha=10.0,0.13820558524071558,0.001142800549285824,0.16992889945929687,0.0013130960302772563,0.6749949538934777,0.0050305783627129655,0.053623188405797106,0.0037420128948863927,donor_grouped,False,flat,,
ridge,5,alpha=100.0,0.1541931740223735,0.0013393522038188737,0.18267638854849616,0.001690719559050232,0.624395669693611,0.006986147134290899,0.008695652173913044,0.003055340734462202,donor_grouped,False,flat,,
ridge,6,alpha=0.01,0.13149968111349275,0.0014759984683872665,0.16759608212087823,0.001957346322706098,0.6838353504035994,0.0074092870744428534,0.042753623188405795,0.0041133783492575855,donor_grouped,False,flat,,
ridge,6,alpha=0.1,0.1314974409007404,0.0014483485097963017,0.16746057865667302,0.0019613870394715287,0.6843461665165317,0.007417693388830559,0.042753623188405795,0.0041133783492575855,donor_grouped,False,flat,,
ridge,6,alpha=1.0,0.13198341417935744,0.0014036237449814625,0.16695339006509977,0.0019435109303112294,0.6862557866953221,0.007319841937041081,0.0463768115942029,0.0070006650947775076,donor_grouped,False,flat,,
ridge,6,alpha=10.0,0.13696127224606228,0.0016291704059297391,0.16918752452416563,0.00168596553481024,0.6778131874340312,0.006443169937787434,0.05217391304347826,0.003055340734462205,donor_grouped,False,flat,,
ridge,6,alpha=100.0,0.15456139657599438,0.0018842856106351129,0.18330016650427797,0.002251129746975054,0.6218039893599551,0.009355822320680237,0.008695652173913044,0.003055340734462202,donor_grouped,False,flat,,
ridge,7,alpha=0.01,0.13276216154822887,0.001757908172562196,0.17002838181543112,0.0024426543260096314,0.6745713527176224,0.009372739599130365,0.04057971014492754,0.005066709411450007,donor_grouped,False,flat,,
ridge,7,alpha=0.1,0.1325816811513589,0.0017166667414092883,0.16965498812097063,0.0023432512302229043,0.6760036630502022,0.008972993914840955,0.0391304347826087,0.006110681468924403,donor_grouped,False,flat,,
ridge,7,alpha=1.0,0.1320533233874003,0.0015846318317718588,0.1680875506212955,0.001976999379144055,0.6819777971104235,0.0074985478120188865,0.034057971014492754,0.003500332547388754,donor_grouped,False,flat,,
ridge,7,alpha=10.0,0.1346705465266111,0.001566921568988705,0.16804102836197216,0.0015825450063708581,0.6821680135478436,0.005986731439508022,0.04420289855072464,0.005346846285308854,donor_grouped,False,flat,,
ridge,7,alpha=100.0,0.15390241783677533,0.001800309557414588,0.18228512426642968,0.002160577641782194,0.6259844648782142,0.008922536846404277,0.008695652173913044,0.003055340734462202,donor_grouped,False,flat,,
ridge,8,alpha=0.01,0.1335213262500478,0.001668982079286964,0.17297853995046514,0.0018318957979396573,0.663208931896091,0.007128596070721067,0.042028985507246375,0.006658960749802042,donor_grouped,False,flat,,
ridge,8,alpha=0.1,0.13330146431491877,0.0016121337360032611,0.17254406347058185,0.0017109888111277074,0.6649028362445066,0.00664231224514179,0.0391304347826087,0.007000665094777505,donor_grouped,False,flat,,
ridge,8,alpha=1.0,0.13248396781555302,0.001367005113862866,0.17026145395161496,0.0013137499114743093,0.6737216765140289,0.005032309519457566,0.036231884057971016,0.007638351836155506,donor_grouped,False,flat,,
ridge,8,alpha=10.0,0.133971461530523,0.0014939505747339219,0.1680278082837808,0.0012749908813748556,0.6822269183821031,0.004826389031094775,0.042753623188405795,0.004113378349257585,donor_grouped,False,flat,,
ridge,8,alpha=100.0,0.15308143110336608,0.002066367126860303,0.1813769960987503,0.0024698035837431905,0.6296868325630288,0.010137093281527393,0.012318840579710146,0.0035003325473887533,donor_grouped,False,flat,,
ridge,9,alpha=0.01,0.13403860054539143,0.0011852689936083943,0.17399634765686706,0.001780239283829168,0.6592361978685012,0.006964958281815999,0.03985507246376811,0.009811640585309131,donor_grouped,False,flat,,
ridge,9,alpha=0.1,0.13374715908916948,0.0011570840464334214,0.1735018840084646,0.0016444823205075305,0.6611747414645592,0.006417963327419303,0.03985507246376811,0.009811640585309131,donor_grouped,False,flat,,
ridge,9,alpha=1.0,0.13297523212637416,0.0012193575536978457,0.1712726533623812,0.0011716065753344513,0.6698383567362254,0.004518048612295447,0.035507246376811595,0.0063448915635573415,donor_grouped,False,flat,,
ridge,9,alpha=10.0,0.13446449633813645,0.0012329873870174815,0.16852169218325735,0.001076617838663098,0.6803609352140406,0.004086208778211062,0.042753623188405795,0.004113378349257585,donor_grouped,False,flat,,
ridge,9,alpha=100.0,0.15293074359466471,0.0020246203793330016,0.18119873721070007,0.0024002440046624013,0.6304176788299187,0.009839948190666544,0.012318840579710146,0.0035003325473887533,donor_grouped,False,flat,,
ridge,10,alpha=0.01,0.13542174745066465,0.001805230467975013,0.17651067652965402,0.0028113883640094105,0.6492696234962382,0.011240433374878688,0.04057971014492754,0.009166022203386607,donor_grouped,False,flat,,
ridge,10,alpha=0.1,0.13494170369277447,0.0016646177183683962,0.17560281681856504,0.002521273141699068,0.6528830666431192,0.010019114731896617,0.04057971014492754,0.007000665094777505,donor_grouped,False,flat,,
ridge,10,alpha=1.0,0.13369781780447731,0.001299322793471727,0.17228826138090125,0.0015018671484064352,0.6659024019690274,0.0058316075149406335,0.036231884057971016,0.005916641890780622,donor_grouped,False,flat,,
ridge,10,alpha=10.0,0.1346180736351913,0.0011897619442648956,0.16908967032554187,0.001119800618668045,0.678201827830481,0.004260754875664722,0.041304347826086954,0.0035003325473887525,donor_grouped,False,flat,,
ridge,10,alpha=100.0,0.1521017608804246,0.0018575017150718517,0.18050632769019564,0.0022222613502603126,0.6332447191359379,0.009072035691120113,0.012318840579710146,0.0035003325473887533,donor_grouped,False,flat,,
lasso,6,alpha=0.001,0.13458086864032098,0.0024415516761377887,0.17057023793835613,0.002832433587457243,0.6724734175675029,0.010817677113887123,0.04420289855072464,0.007206006710230097,donor_grouped,False,nested,50.0,"k=6,alpha=0.001 x10; k=5,alpha=0.001 x8; k=8,alpha=0.001 x7; k=4,alpha=0.001 x6; k=3,alpha=0.01 x3; k=2,alpha=0.001 x3; k=3,alpha=0.001 x3; k=2,alpha=0.01 x3; k=10,alpha=0.01 x2; k=10,alpha=0.001 x2; k=7,alpha=0.001 x2; k=7,alpha=0.01 x1"
ridge,6,alpha=1.0,0.134642026685908,0.0024906865000137793,0.17193189777280313,0.003214684797374822,0.6672011534512803,0.01237695047032526,0.0463768115942029,0.0037420128948863957,donor_grouped,False,nested,50.0,"k=6,alpha=1.0 x9; k=8,alpha=1.0 x9; k=4,alpha=0.01 x5; k=3,alpha=0.01 x5; k=2,alpha=0.01 x4; k=6,alpha=0.01 x4; k=5,alpha=0.01 x3; k=4,alpha=0.1 x2; k=10,alpha=1.0 x2; k=5,alpha=0.1 x2; k=3,alpha=10.0 x1; k=3,alpha=1.0 x1; k=9,alpha=1.0 x1; k=5,alpha=1.0 x1; k=7,alpha=0.01 x1"
lasso,0,alpha=0.001,0.16724856083001535,,0.2049571277266219,,0.5272208358823909,,0.057971014492753624,,loco,False,flat,,
lasso,0,alpha=0.01,0.16888062843609605,,0.20549105917369415,,0.5247543642895047,,0.050724637681159424,,loco,False,flat,,
lasso,0,alpha=0.1,0.19633256822087175,,0.22771450839653523,,0.4164021550631364,,0.007246376811594203,,loco,False,flat,,
lasso,0,alpha=1.0,0.26800624715030463,,0.30025647468735794,,-0.01465181948958394,,0.0,,loco,False,flat,,
lasso,0,alpha=10.0,0.26800624715030463,,0.30025647468735794,,-0.01465181948958394,,0.0,,loco,False,flat,,
lasso,1,alpha=0.001,0.16518745681625768,,0.20173477519803876,,0.5419701169849258,,0.057971014492753624,,loco,False,flat,,
lasso,1,alpha=0.01,0.16539391018824484,,0.20145554370720586,,0.5432372049520942,,0.050724637681159424,,loco,False,flat,,
lasso,1,alpha=0.1,0.19634350438383077,,0.22773085235282575,,0.41631837788058945,,0.007246376811594203,,loco,False,flat,,
lasso,1,alpha=1.0,0.26800624715030463,,0.30025647468735794,,-0.01465181948958394,,0.0,,loco,False,flat,,
lasso,1,alpha=10.0,0.26800624715030463,,0.30025647468735794,,-0.01465181948958394,,0.0,,loco,False,flat,,
lasso,2,alpha=0.001,0.13220385042863736,,0.16910363610148177,,0.6781613721335059,,0.043478260869565216,,loco,False,flat,,
lasso,2,alpha=0.01,0.13840402322742415,,0.17121779171959167,,0.6700637310714417,,0.050724637681159424,,loco,False,flat,,
lasso,2,alpha=0.1,0.17434976722319295,,0.20252637373729424,,0.5383684855673252,,0.007246376811594203,,loco,False,flat,,
lasso,2,alpha=1.0,0.26800624715030463,,0.30025647468735794,,-0.01465181948958394,,0.0,,loco,False,flat,,
lasso,2,alpha=10.0,0.26800624715030463,,0.30025647468735794,,-0.01465181948958394,,0.0,,loco,False,flat,,
lasso,3,alpha=0.001,0.12993827355121843,,0.16622232902002015,,0.6890353640507654,,0.050724637681159424,,loco,False,flat,,
lasso,3,alpha=0.01,0.13231207845001974,,0.16620668481613837,,0.6890938948783103,,0.043478260869565216,,loco,False,flat,,
lasso,3,alpha=0.1,0.1739934932230243,,0.20149503493747017,,0.5430581094317053,,0.007246376811594203,,loco,False,flat,,
lasso,3,alpha=1.0,0.26800624715030463,,0.30025647468735794,,-0.01465181948958394,,0.0,,loco,False,flat,,
lasso,3,alpha=10.0,0.26800624715030463,,0.30025647468735794,,-0.01465181948958394,,0.0,,loco,False,flat,,
lasso,4,alpha=0.001,0.1305310049717855,,0.16360688384677838,,0.6987441966908106,,0.050724637681159424,,loco,False,flat,,
lasso,4,alpha=0.01,0.1317768794256277,,0.16325988418915882,,0.7000207298225353,,0.050724637681159424,,loco,False,flat,,
lasso,4,alpha=0.1,0.1739934932230243,,0.20149503493747017,,0.5430581094317053,,0.007246376811594203,,loco,False,flat,,
lasso,4,alpha=1.0,0.26800624715030463,,0.30025647468735794,,-0.01465181948958394,,0.0,,loco,False,flat,,
lasso,4,alpha=10.0,0.26800624715030463,,0.30025647468735794,,-0.01465181948958394,,0.0,,loco,False,flat,,
lasso,5,alpha=0.001,0.12861391234786618,,0.16181467003647348,,0.705308194237485,,0.057971014492753624,,loco,False,flat,,
lasso,5,alpha=0.01,0.13178831721808654,,0.1632611209765165,,0.7000161847749129,,0.050724637681159424,,loco,False,flat,,
lasso,5,alpha=0.1,0.1739934932230243,,0.20149503493747017,,0.5430581094317053,,0.007246376811594203,,loco,False,flat,,
lasso,5,alpha=1.0,0.26800624715030463,,0.30025647468735794,,-0.01465181948958394,,0.0,,loco,False,flat,,
lasso,5,alpha=10.0,0.26800624715030463,,0.30025647468735794,,-0.01465181948958394,,0.0,,loco,False,flat,,
lasso,6,alpha=0.001,0.12809674411820848,,0.16132832835709193,,0.7070769526421867,,0.050724637681159424,,loco,False,flat,,
lasso,6,alpha=0.01,0.1318090008239974,,0.1632669196758731,,0.6999948747797597,,0.050724637681159424,,loco,False,flat,,
lasso,6,alpha=0.1,0.1739934932230243,,0.20149503493747017,,0.5430581094317053,,0.007246376811594203,,loco,False,flat,,
lasso,6,alpha=1.0,0.26800624715030463,,0.30025647468735794,,-0.01465181948958394,,0.0,,loco,False,flat,,
lasso,6,alpha=10.0,0.26800624715030463,,0.30025647468735794,,-0.01465181948958394,,0.0,,loco,False,flat,,
lasso,7,alpha=0.001,0.12809557980242436,,0.16172000260370573,,0.7056529040974311,,0.043478260869565216,,loco,False,flat,,
lasso,7,alpha=0.01,0.13181088246427297,,0.16328028046005716,,0.6999457715352337,,0.050724637681159424,,loco,False,flat,,
lasso,7,alpha=0.1,0.1739934932230243,,0.20149503493747017,,0.5430581094317053,,0.007246376811594203,,loco,False,flat,,
lasso,7,alpha=1.0,0.26800624715030463,,0.30025647468735794,,-0.01465181948958394,,0.0,,loco,False,flat,,
lasso,7,alpha=10.0,0.26800624715030463,,0.30025647468735794,,-0.01465181948958394,,0.0,,loco,False,flat,,
lasso,8,alpha=0.001,0.12844862307865504,,0.16264522632352907,,0.7022752643472845,,0.050724637681159424,,loco,False,flat,,
lasso,8,alpha=0.01,0.13179096471626264,,0.16354842346962906,,0.6989594490196933,,0.050724637681159424,,loco,False,flat,,
lasso,8,alpha=0.1,0.1739934932230243,,0.20149503493747017,,0.5430581094317053,,0.007246376811594203,,loco,False,flat,,
lasso,8,alpha=1.0,0.26800624715030463,,0.30025647468735794,,-0.01465181948958394,,0.0,,loco,False,flat,,
lasso,8,alpha=10.0,0.26800624715030463,,0.30025647468735794,,-0.01465181948958394,,0.0,,loco,False,flat,,
lasso,9,alpha=0.001,0.12885003230545003,,0.16326842715639553,,0.6999893347233703,,0.050724637681159424,,loco,False,flat,,
lasso,9,alpha=0.01,0.13179096471626264,,0.16354842346962906,,0.6989594490196933,,0.050724637681159424,,loco,False,flat,,
lasso,9,alpha=0.1,0.1739934932230243,,0.20149503493747017,,0.5430581094317053,,0.007246376811594203,,loco,False,flat,,
lasso,9,alpha=1.0,0.26800624715030463,,0.30025647468735794,,-0.01465181948958394,,0.0,,loco,False,flat,,
lasso,9,alpha=10.0,0.26800624715030463,,0.30025647468735794,,-0.01465181948958394,,0.0,,loco,False,flat,,
lasso,10,alpha=0.001,0.12951581591133726,,0.16439834694863445,,0.6958224422124297,,0.050724637681159424,,loco,False,flat,,
lasso,10,alpha=0.01,0.13195863225452253,,0.16390037184806872,,0.6976624052210969,,0.050724637681159424,,loco,False,flat,,
lasso,10,alpha=0.1,0.1739934932230243,,0.20149503493747017,,0.5430581094317053,,0.007246376811594203,,loco,False,flat,,
lasso,10,alpha=1.0,0.26800624715030463,,0.30025647468735794,,-0.01465181948958394,,0.0,,loco,False,flat,,
lasso,10,alpha=10.0,0.26800624715030463,,0.30025647468735794,,-0.01465181948958394,,0.0,,loco,False,flat,,
ridge,0,alpha=0.01,0.16710345954113606,,0.2049650914197759,,0.5271840951124451,,0.057971014492753624,,loco,False,flat,,
ridge,0,alpha=0.1,0.16711176147152892,,0.2049601619615851,,0.5272068375042513,,0.057971014492753624,,loco,False,flat,,
ridge,0,alpha=1.0,0.16719387399578522,,0.20491836677134223,,0.527399640488189,,0.057971014492753624,,loco,False,flat,,
ridge,0,alpha=10.0,0.16856371335082201,,0.20513888026206026,,0.5263819588660388,,0.043478260869565216,,loco,False,flat,,
ridge,0,alpha=100.0,0.19269551481326053,,0.22482292758908742,,0.4311294207369638,,0.007246376811594203,,loco,False,flat,,
ridge,1,alpha=0.01,0.16508752876646024,,0.20176002648484662,,0.5418554459493174,,0.057971014492753624,,loco,False,flat,,
ridge,1,alpha=0.1,0.1650803952575284,,0.20173953150208518,,0.5419485187744493,,0.057971014492753624,,loco,False,flat,,
ridge,1,alpha=1.0,0.16502075086233176,,0.20155481825926447,,0.5427869210460654,,0.057971014492753624,,loco,False,flat,,
ridge,1,alpha=10.0,0.16538935564749907,,0.20080364932494804,,0.5461885194588134,,0.057971014492753624,,loco,False,flat,,
ridge,1,alpha=100.0,0.1806214421750958,,0.21273154695179644,,0.49067373504127987,,0.007246376811594203,,loco,False,flat,,
ridge,2,alpha=0.01,0.13172063899991268,,0.16978368598496404,,0.6755676206135445,,0.043478260869565216,,loco,False,flat,,
ridge,2,alpha=0.1,0.13182217616657316,,0.16976910657561847,,0.6756233365600026,,0.043478260869565216,,loco,False,flat,,
ridge,2,alpha=1.0,0.1329235979621299,,0.16980648534249598,,0.6754804821301068,,0.043478260869565216,,loco,False,flat,,
ridge,2,alpha=10.0,0.14104500347082297,,0.1739760963406613,,0.6593476102728177,,0.050724637681159424,,loco,False,flat,,
ridge,2,alpha=100.0,0.15954784438275146,,0.19069077046094907,,0.5907472343863476,,0.014492753623188406,,loco,False,flat,,
ridge,3,alpha=0.01,0.13099234661842435,,0.16788922912133125,,0.6827673011108617,,0.043478260869565216,,loco,False,flat,,
ridge,3,alpha=0.1,0.13107015249818108,,0.1678690681430699,,0.6828434863142181,,0.043478260869565216,,loco,False,flat,,
ridge,3,alpha=1.0,0.13176695665662114,,0.1677836773068632,,0.6831660635724848,,0.050724637681159424,,loco,False,flat,,
ridge,3,alpha=10.0,0.1350771802660256,,0.16859201079184422,,0.6801058802436772,,0.050724637681159424,,loco,False,flat,,
ridge,3,alpha=100.0,0.15006202246317923,,0.17887933414977414,,0.6398755440044023,,0.007246376811594203,,loco,False,flat,,
ridge,4,alpha=0.01,0.12960893525108108,,0.16323543486933564,,0.700110571120323,,0.050724637681159424,,loco,False,flat,,
ridge,4,alpha=0.1,0.12972079679128434,,0.16321700395135777,,0.7001782883464296,,0.050724637681159424,,loco,False,flat,,
ridge,4,alpha=1.0,0.13068521697383367,,0.16333479585823024,,0.6997453761611601,,0.050724637681159424,,loco,False,flat,,
ridge,4,alpha=10.0,0.13453029258341162,,0.16615859983457526,,0.6892737643195623,,0.050724637681159424,,loco,False,flat,,
ridge,4,alpha=100.0,0.14801257986374516,,0.17622226062528978,,0.6504946625928212,,0.021739130434782608,,loco,False,flat,,
ridge,5,alpha=0.01,0.12849511068792818,,0.16232067944101164,,0.7034622555947345,,0.050724637681159424,,loco,False,flat,,
ridge,5,alpha=0.1,0.12849551072331836,,0.1622819457810705,,0.7036037609380166,,0.050724637681159424,,loco,False,flat,,
ridge,5,alpha=1.0,0.12948198137833863,,0.16232684736978817,,0.7034397192371572,,0.057971014492753624,,loco,False,flat,,
ridge,5,alpha=10.0,0.13445576341897006,,0.16549150663734527,,0.691763761922266,,0.050724637681159424,,loco,False,flat,,
ridge,5,alpha=100.0,0.1482150897050965,,0.17641299698569882,,0.6497376702272495,,0.021739130434782608,,loco,False,flat,,
ridge,6,alpha=0.01,0.12843945896102232,,0.1623314491556297,,0.7034229046896285,,0.050724637681159424,,loco,False,flat,,
ridge,6,alpha=0.1,0.12838192754262995,,0.1622531785967801,,0.7037088339880113,,0.050724637681159424,,loco,False,flat,,
ridge,6,alpha=1.0,0.1285055438717701,,0.16189611513908522,,0.7050114690451758,,0.050724637681159424,,loco,False,flat,,
ridge,6,alpha=10.0,0.13284814500505013,,0.1641289962228079,,0.696818356465221,,0.050724637681159424,,loco,False,flat,,
ridge,6,alpha=100.0,0.14858296646563482,,0.17682947759759984,,0.6480819003273193,,0.021739130434782608,,loco,False,flat,,
ridge,7,alpha=0.01,0.12932905369538153,,0.16387038866432252,,0.6977730116144398,,0.050724637681159424,,loco,False,flat,,
ridge,7,alpha=0.1,0.12919226217799962,,0.16368721962395946,,0.6984482731896439,,0.050724637681159424,,loco,False,flat,,
ridge,7,alpha=1.0,0.12888869274327328,,0.16275832710398008,,0.7018610547389228,,0.043478260869565216,,loco,False,flat,,
ridge,7,alpha=10.0,0.1308620802412034,,0.16302147601272168,,0.7008962087274396,,0.050724637681159424,,loco,False,flat,,
ridge,7,alpha=100.0,0.14773389788899396,,0.1755437377679855,,0.6531809384978849,,0.021739130434782608,,loco,False,flat,,
ridge,8,alpha=0.01,0.129567735453543,,0.16497964421001646,,0.6936675520950673,,0.050724637681159424,,loco,False,flat,,
ridge,8,alpha=0.1,0.1293900801274928,,0.16476010556716608,,0.6944822836840127,,0.050724637681159424,,loco,False,flat,,
ridge,8,alpha=1.0,0.12874090352069256,,0.16354534385623956,,0.6989707860874973,,0.050724637681159424,,loco,False,flat,,
ridge,8,alpha=10.0,0.12992959127717396,,0.1629878984593483,,0.7010194089273694,,0.043478260869565216,,loco,False,flat,,
ridge,8,alpha=100.0,0.1467382606101564,,0.17484666133544213,,0.6559298760476658,,0.021739130434782608,,loco,False,flat,,
ridge,9,alpha=0.01,0.13080365458967902,,0.16714247656998704,,0.6855830563411354,,0.050724637681159424,,loco,False,flat,,
ridge,9,alpha=0.1,0.1305622802375486,,0.16677441423922074,,0.6869662788130392,,0.050724637681159424,,loco,False,flat,,
ridge,9,alpha=1.0,0.12973427955315822,,0.1650361041399133,,0.6934578478241873,,0.050724637681159424,,loco,False,flat,,
ridge,9,alpha=10.0,0.1306041686115541,,0.16377720227836798,,0.6981166421302001,,0.043478260869565216,,loco,False,flat,,
ridge,9,alpha=100.0,0.14689701904375743,,0.17496559813147494,,0.6554616198472905,,0.021739130434782608,,loco,False,flat,,
ridge,10,alpha=0.01,0.13177248649150894,,0.1691962425424399,,0.6778087778136137,,0.050724637681159424,,loco,False,flat,,
ridge,10,alpha=0.1,0.13145887434554998,,0.16869778950092326,,0.6797043356834462,,0.050724637681159424,,loco,False,flat,,
ridge,10,alpha=1.0,0.13017874957508632,,0.1663565708749566,,0.6885328885253577,,0.050724637681159424,,loco,False,flat,,
ridge,10,alpha=10.0,0.1303481208165118,,0.1643710294179177,,0.6959235221753529,,0.043478260869565216,,loco,False,flat,,
ridge,10,alpha=100.0,0.14629653257695613,,0.174693122751707,,0.656533889234048,,0.021739130434782608,,loco,False,flat,,
lasso,3,alpha=0.01,0.13421707345607012,,0.1674867463454319,,0.68428648912217,,0.043478260869565216,,loco,False,nested,138.0,"k=3,alpha=0.01 x66; k=7,alpha=0.01 x16; k=6,alpha=0.001 x16; k=10,alpha=0.01 x13; k=5,alpha=0.001 x8; k=4,alpha=0.001 x7; k=4,alpha=0.01 x7; k=5,alpha=0.01 x2; k=8,alpha=0.001 x1; k=9,alpha=0.001 x1; k=2,alpha=0.01 x1"
ridge,6,alpha=1.0,0.13063907957427545,,0.16306991818314998,,0.7007184236902724,,0.050724637681159424,,loco,False,nested,138.0,"k=6,alpha=1.0 x68; k=4,alpha=0.01 x19; k=4,alpha=0.1 x19; k=10,alpha=10.0 x10; k=8,alpha=1.0 x8; k=4,alpha=1.0 x6; k=5,alpha=1.0 x3; k=9,alpha=1.0 x3; k=5,alpha=0.01 x1; k=7,alpha=1.0 x1"
lasso,0,alpha=0.001,0.17028324931881061,,0.20840351196673393,,0.5111874556396706,,0.050724637681159424,,lodo,False,flat,,
lasso,0,alpha=0.01,0.17177396183998106,,0.20920501795426152,,0.5074203447198857,,0.050724637681159424,,lodo,False,flat,,
lasso,0,alpha=0.1,0.19708569707937934,,0.2289184204524533,,0.4102149534815279,,0.007246376811594203,,lodo,False,flat,,
lasso,0,alpha=1.0,0.2691551143650205,,0.3017122552843907,,-0.02451466282231296,,0.0,,lodo,False,flat,,
lasso,0,alpha=10.0,0.2691551143650205,,0.3017122552843907,,-0.02451466282231296,,0.0,,lodo,False,flat,,
lasso,1,alpha=0.001,0.16740007293828418,,0.20322833468130427,,0.5351628895231964,,0.06521739130434782,,lodo,False,flat,,
lasso,1,alpha=0.01,0.16726640857088804,,0.20323244940709786,,0.5351440663938909,,0.050724637681159424,,lodo,False,flat,,
lasso,1,alpha=0.1,0.19719521660022274,,0.2291169988266976,,0.4091912756709283,,0.007246376811594203,,lodo,False,flat,,
lasso,1,alpha=1.0,0.2691551143650205,,0.3017122552843907,,-0.02451466282231296,,0.0,,lodo,False,flat,,
lasso,1,alpha=10.0,0.2691551143650205,,0.3017122552843907,,-0.02451466282231296,,0.0,,lodo,False,flat,,
lasso,2,alpha=0.001,0.14353941458549152,,0.17982823286413233,,0.6360447158326867,,0.057971014492753624,,lodo,False,flat,,
lasso,2,alpha=0.01,0.1474166767913181,,0.18079142319852784,,0.6321354627559326,,0.06521739130434782,,lodo,False,flat,,
lasso,2,alpha=0.1,0.1824444140656555,,0.2107805447113215,,0.4999731549516393,,0.007246376811594203,,lodo,False,flat,,
lasso,2,alpha=1.0,0.2691551143650205,,0.3017122552843907,,-0.02451466282231296,,0.0,,lodo,False,flat,,
lasso,2,alpha=10.0,0.2691551143650205,,0.3017122552843907,,-0.02451466282231296,,0.0,,lodo,False,flat,,
lasso,3,alpha=0.001,0.13086824501677533,,0.16708036904344842,,0.6858166777518873,,0.043478260869565216,,lodo,False,flat,,
lasso,3,alpha=0.01,0.1334761361375907,,0.16716173536806297,,0.6855105955111791,,0.050724637681159424,,lodo,False,flat,,
lasso,3,alpha=0.1,0.17941270178031613,,0.20683128155563626,,0.518534999807185,,0.007246376811594203,,lodo,False,flat,,
lasso,3,alpha=1.0,0.2691551143650205,,0.3017122552843907,,-0.02451466282231296,,0.0,,lodo,False,flat,,
lasso,3,alpha=10.0,0.2691551143650205,,0.3017122552843907,,-0.02451466282231296,,0.0,,lodo,False,flat,,
lasso,4,alpha=0.001,0.13196841198687517,,0.16582562299550804,,0.6905178885461885,,0.050724637681159424,,lodo,False,flat,,
lasso,4,alpha=0.01,0.13306590583710673,,0.16511739741437878,,0.6931557811591087,,0.050724637681159424,,lodo,False,flat,,
lasso,4,alpha=0.1,0.18014081885540567,,0.20728822695905003,,0.5164052809373207,,0.007246376811594203,,lodo,False,flat,,
lasso,4,alpha=1.0,0.2691551143650205,,0.3017122552843907,,-0.02451466282231296,,0.0,,lodo,False,flat,,
lasso,4,alpha=10.0,0.2691551143650205,,0.3017122552843907,,-0.02451466282231296,,0.0,,lodo,False,flat,,
lasso,5,alpha=0.001,0.13064561036066236,,0.1644408124163071,,0.695665278703468,,0.050724637681159424,,lodo,False,flat,,
lasso,5,alpha=0.01,0.13306306542548016,,0.1651120381152107,,0.6931756996329317,,0.050724637681159424,,lodo,False,flat,,
lasso,5,alpha=0.1,0.18014081885540567,,0.20728822695905003,,0.5164052809373207,,0.007246376811594203,,lodo,False,flat,,
lasso,5,alpha=1.0,0.2691551143650205,,0.3017122552843907,,-0.02451466282231296,,0.0,,lodo,False,flat,,
lasso,5,alpha=10.0,0.2691551143650205,,0.3017122552843907,,-0.02451466282231296,,0.0,,lodo,False,flat,,
lasso,6,alpha=0.001,0.12961610045682914,,0.16449855569033198,,0.6954515073364724,,0.050724637681159424,,lodo,False,flat,,
lasso,6,alpha=0.01,0.13340849994255835,,0.16551106672461818,,0.6916908943275106,,0.050724637681159424,,lodo,False,flat,,
lasso,6,alpha=0.1,0.18014081885540567,,0.20728822695905003,,0.5164052809373207,,0.007246376811594203,,lodo,False,flat,,
lasso,6,alpha=1.0,0.2691551143650205,,0.3017122552843907,,-0.02451466282231296,,0.0,,lodo,False,flat,,
lasso,6,alpha=10.0,0.2691551143650205,,0.3017122552843907,,-0.02451466282231296,,0.0,,lodo,False,flat,,
lasso,7,alpha=0.001,0.12919913695565644,,0.16488490656398128,,0.6940192667882303,,0.036231884057971016,,lodo,False,flat,,
lasso,7,alpha=0.01,0.13280981666536945,,0.16497305026350007,,0.6936920387451708,,0.043478260869565216,,lodo,False,flat,,
lasso,7,alpha=0.1,0.18014081885540567,,0.20728822695905003,,0.5164052809373207,,0.007246376811594203,,lodo,False,flat,,
lasso,7,alpha=1.0,0.2691551143650205,,0.3017122552843907,,-0.02451466282231296,,0.0,,lodo,False,flat,,
lasso,7,alpha=10.0,0.2691551143650205,,0.3017122552843907,,-0.02451466282231296,,0.0,,lodo,False,flat,,
lasso,8,alpha=0.001,0.12929578128586064,,0.1657545057199832,,0.6907832854686209,,0.036231884057971016,,lodo,False,flat,,
lasso,8,alpha=0.01,0.1330543313641152,,0.16523769129088947,,0.6927085245185798,,0.043478260869565216,,lodo,False,flat,,
lasso,8,alpha=0.1,0.18014081885540567,,0.20728822695905003,,0.5164052809373207,,0.007246376811594203,,lodo,False,flat,,
lasso,8,alpha=1.0,0.2691551143650205,,0.3017122552843907,,-0.02451466282231296,,0.0,,lodo,False,flat,,
lasso,8,alpha=10.0,0.2691551143650205,,0.3017122552843907,,-0.02451466282231296,,0.0,,lodo,False,flat,,
lasso,9,alpha=0.001,0.1298086127275334,,0.16677465998876778,,0.6869653562740248,,0.036231884057971016,,lodo,False,flat,,
lasso,9,alpha=0.01,0.1330543313641152,,0.16523769129088947,,0.6927085245185798,,0.043478260869565216,,lodo,False,flat,,
lasso,9,alpha=0.1,0.18014081885540567,,0.20728822695905003,,0.5164052809373207,,0.007246376811594203,,lodo,False,flat,,
lasso,9,alpha=1.0,0.2691551143650205,,0.3017122552843907,,-0.02451466282231296,,0.0,,lodo,False,flat,,
lasso,9,alpha=10.0,0.2691551143650205,,0.3017122552843907,,-0.02451466282231296,,0.0,,lodo,False,flat,,
lasso,10,alpha=0.001,0.13023732241915342,,0.16747002810249356,,0.6843495139508169,,0.028985507246376812,,lodo,False,flat,,
lasso,10,alpha=0.01,0.13271477992203876,,0.16534437628373838,,0.692311593626676,,0.043478260869565216,,lodo,False,flat,,
lasso,10,alpha=0.1,0.18014081885540567,,0.20728822695905003,,0.5164052809373207,,0.007246376811594203,,lodo,False,flat,,
lasso,10,alpha=1.0,0.2691551143650205,,0.3017122552843907,,-0.02451466282231296,,0.0,,lodo,False,flat,,
lasso,10,alpha=10.0,0.2691551143650205,,0.3017122552843907,,-0.02451466282231296,,0.0,,lodo,False,flat,,
ridge,0,alpha=0.01,0.17008774622669537,,0.2082633579800099,,0.511844699748609,,0.050724637681159424,,lodo,False,flat,,
ridge,0,alpha=0.1,0.17009596524564413,,0.2082635912387387,,0.5118436062624607,,0.050724637681159424,,lodo,False,flat,,
ridge,0,alpha=1.0,0.17017704308296466,,0.20827343955328126,,0.51179743754568,,0.050724637681159424,,lodo,False,flat,,
ridge,0,alpha=10.0,0.17210358008993365,,0.2089979023540207,,0.5083951820441927,,0.050724637681159424,,lodo,False,flat,,
ridge,0,alpha=100.0,0.197685510002414,,0.23067311021721246,,0.40113874139204797,,0.007246376811594203,,lodo,False,flat,,
ridge,1,alpha=0.01,0.1673163604045793,,0.20321778112102576,,0.5352111658533419,,0.06521739130434782,,lodo,False,flat,,
ridge,1,alpha=0.1,0.16731017339506682,,0.20320405706394987,,0.5352739415913819,,0.06521739130434782,,lodo,False,flat,,
ridge,1,alpha=1.0,0.16725862136624323,,0.20308098207626885,,0.5358367141431526,,0.06521739130434782,,lodo,False,flat,,
ridge,1,alpha=10.0,0.16748093690200827,,0.20267223613540888,,0.5377032988442496,,0.057971014492753624,,lodo,False,flat,,
ridge,1,alpha=100.0,0.1828986290895511,,0.2159387677500966,,0.4752003780514866,,0.007246376811594203,,lodo,False,flat,,
ridge,2,alpha=0.01,0.14333177970524633,,0.18058355313297997,,0.632980901809149,,0.057971014492753624,,lodo,False,flat,,
ridge,2,alpha=0.1,0.1433784633948781,,0.18051103913486094,,0.6332755983997784,,0.057971014492753624,,lodo,False,flat,,
ridge,2,alpha=1.0,0.1438316004080992,,0.17999649262107162,,0.6353633136255465,,0.057971014492753624,,lodo,False,flat,,
ridge,2,alpha=10.0,0.147664215338696,,0.18065068846336158,,0.632707958585164,,0.06521739130434782,,lodo,False,flat,,
ridge,2,alpha=100.0,0.16411990548340488,,0.1952123649457036,,0.5711090111014336,,0.014492753623188406,,lodo,False,flat,,
ridge,3,alpha=0.01,0.13214815717839998,,0.16860188833189746,,0.6800683949615605,,0.043478260869565216,,lodo,False,flat,,
ridge,3,alpha=0.1,0.1321939938875798,,0.1685574769298727,,0.6802369190502066,,0.043478260869565216,,lodo,False,flat,,
ridge,3,alpha=1.0,0.13258068229382908,,0.1683120477525034,,0.6811674272220094,,0.043478260869565216,,lodo,False,flat,,
ridge,3,alpha=10.0,0.13547942023629822,,0.16908744351021027,,0.6782230047744896,,0.050724637681159424,,lodo,False,flat,,
ridge,3,alpha=100.0,0.15302877113001118,,0.18211912487417178,,0.6267125530832509,,0.007246376811594203,,lodo,False,flat,,
ridge,4,alpha=0.01,0.13143235359581046,,0.1660079520910141,,0.6898369489645153,,0.050724637681159424,,lodo,False,flat,,
ridge,4,alpha=0.1,0.13150307307865713,,0.16593839976639466,,0.6900967924456579,,0.050724637681159424,,lodo,False,flat,,
ridge,4,alpha=1.0,0.13215987823590006,,0.1657182588749263,,0.6909185083973346,,0.050724637681159424,,lodo,False,flat,,
ridge,4,alpha=10.0,0.13590624900993223,,0.16807500771298442,,0.6820648420936233,,0.050724637681159424,,lodo,False,flat,,
ridge,4,alpha=100.0,0.1504592754704344,,0.17934416796417524,,0.6380014815293512,,0.014492753623188406,,lodo,False,flat,,
ridge,5,alpha=0.01,0.13014392591310217,,0.16532077015779775,,0.6923994443651608,,0.036231884057971016,,lodo,False,flat,,
ridge,5,alpha=0.1,0.13029522027343066,,0.1652354232654777,,0.6927169601253313,,0.043478260869565216,,lodo,False,flat,,
ridge,5,alpha=1.0,0.13151613776835622,,0.16499315343414497,,0.6936173824738678,,0.057971014492753624,,lodo,False,flat,,
ridge,5,alpha=10.0,0.13619531021558626,,0.1676961783598517,,0.6834964342927167,,0.050724637681159424,,lodo,False,flat,,
ridge,5,alpha=100.0,0.15079933469192472,,0.1794811347263563,,0.6374483473117923,,0.014492753623188406,,lodo,False,flat,,
ridge,6,alpha=0.01,0.12944292165118076,,0.1652135559012667,,0.6927982868213445,,0.043478260869565216,,lodo,False,flat,,
ridge,6,alpha=0.1,0.129392528035703,,0.16510764861740324,,0.6931920132428506,,0.043478260869565216,,lodo,False,flat,,
ridge,6,alpha=1.0,0.12967215595576573,,0.1646599103065155,,0.6948537585538397,,0.043478260869565216,,lodo,False,flat,,
ridge,6,alpha=10.0,0.13456439225492878,,0.16713600777623758,,0.685607393170927,,0.050724637681159424,,lodo,False,flat,,
ridge,6,alpha=100.0,0.15147023112381514,,0.1803954402762062,,0.6337451469470968,,0.014492753623188406,,lodo,False,flat,,
ridge,7,alpha=0.01,0.13008878769319399,,0.16673045358725339,,0.6871312843728772,,0.036231884057971016,,lodo,False,flat,,
ridge,7,alpha=0.1,0.1300272622581082,,0.16652742396155928,,0.6878927882415485,,0.036231884057971016,,lodo,False,flat,,
ridge,7,alpha=1.0,0.12969044458033815,,0.16558046942178517,,0.6914322775455237,,0.028985507246376812,,lodo,False,flat,,
ridge,7,alpha=10.0,0.13248359879714705,,0.16622026557267935,,0.6890430844956925,,0.043478260869565216,,lodo,False,flat,,
ridge,7,alpha=100.0,0.15116140440092016,,0.17954575847776155,,0.6371872205265247,,0.014492753623188406,,lodo,False,flat,,
ridge,8,alpha=0.01,0.13061244110873568,,0.16899122046660775,,0.6785891295591839,,0.043478260869565216,,lodo,False,flat,,
ridge,8,alpha=0.1,0.13053425336001984,,0.16870696360393977,,0.6796694981751727,,0.036231884057971016,,lodo,False,flat,,
ridge,8,alpha=1.0,0.12993085220198972,,0.16710701717483895,,0.6857164497458212,,0.028985507246376812,,lodo,False,flat,,
ridge,8,alpha=10.0,0.13182972827549264,,0.1659666500623332,,0.689991264098074,,0.036231884057971016,,lodo,False,flat,,
ridge,8,alpha=100.0,0.15018000308195348,,0.17835011350049298,,0.6420032729872428,,0.014492753623188406,,lodo,False,flat,,
ridge,9,alpha=0.01,0.13152218180167657,,0.17037060698622405,,0.6733206992050811,,0.036231884057971016,,lodo,False,flat,,
ridge,9,alpha=0.1,0.13137784587042212,,0.17000974340337388,,0.6747031185858299,,0.036231884057971016,,lodo,False,flat,,
ridge,9,alpha=1.0,0.1306158625906712,,0.1683031164277195,,0.6812012634416338,,0.028985507246376812,,lodo,False,flat,,
ridge,9,alpha=10.0,0.13244872622394954,,0.1665689030842747,,0.6877372877800179,,0.036231884057971016,,lodo,False,flat,,
ridge,9,alpha=100.0,0.15010602417273514,,0.17828912626636242,,0.6422480667450718,,0.014492753623188406,,lodo,False,flat,,
ridge,10,alpha=0.01,0.13278602311841622,,0.17266601651001084,,0.6644586747494339,,0.043478260869565216,,lodo,False,flat,,
ridge,10,alpha=0.1,0.13247698980913428,,0.17192310057054616,,0.6673398754365268,,0.036231884057971016,,lodo,False,flat,,
ridge,10,alpha=1.0,0.13114312461008346,,0.16919469413565136,,0.677814674880657,,0.028985507246376812,,lodo,False,flat,,
ridge,10,alpha=10.0,0.13221609389425,,0.1670592047397511,,0.6858962687910721,,0.036231884057971016,,lodo,False,flat,,
ridge,10,alpha=100.0,0.14937417636656974,,0.17763141220308168,,0.6448827138593425,,0.014492753623188406,,lodo,False,flat,,
lasso,8,alpha=0.001,0.1330331987359355,,0.16982110860282448,,0.675424586294115,,0.036231884057971016,,lodo,False,nested,20.0,"k=8,alpha=0.001 x6; k=6,alpha=0.001 x5; k=3,alpha=0.001 x2; k=3,alpha=0.01 x2; k=2,alpha=0.001 x1; k=10,alpha=0.001 x1; k=4,alpha=0.001 x1; k=5,alpha=0.001 x1; k=4,alpha=0.01 x1"
ridge,8,alpha=1.0,0.1338925465133981,,0.17144849626728306,,0.6691739978404334,,0.028985507246376812,,lodo,False,nested,20.0,"k=8,alpha=1.0 x5; k=6,alpha=1.0 x3; k=6,alpha=0.1 x2; k=3,alpha=0.01 x2; k=9,alpha=0.1 x1; k=4,alpha=0.01 x1; k=2,alpha=0.01 x1; k=10,alpha=1.0 x1; k=6,alpha=0.01 x1; k=5,alpha=0.1 x1; k=10,alpha=10.0 x1; k=5,alpha=0.01 x1"
