model,k,param_str,mae_mean,mae_std,rmse_mean,rmse_std,r2_mean,r2_std,frac_out_of_range_mean,frac_out_of_range_std,scheme,pool_correction,tuning
lasso,0.0,alpha=0.001,0.16742504254494678,0.001055606624455184,0.20466871430720895,0.0010603883177375557,0.5285390894901252,0.004889586714017045,0.05507246376811594,0.009166022203386606,plain,False,flat
lasso,0.0,alpha=0.01,0.1684209785767933,0.0010031580061610659,0.204765637483715,0.0010807948619133802,0.5280920207074391,0.004985581284578308,0.050724637681159424,0.0068319495766816195,plain,False,flat
lasso,0.0,alpha=0.1,0.19541290601754407,0.0007862093982705458,0.22661916605296528,0.0007338947257007699,0.4219975899396691,0.0037443071529800484,0.007246376811594203,0.0,plain,False,flat
lasso,0.0,alpha=1.0,0.26676852981593613,0.0008066728340637028,0.2987371612779808,0.0007045041312769614,-0.004414443978247573,0.0047446171750365985,0.0,0.0,plain,False,flat
lasso,0.0,alpha=10.0,0.26676852981593613,0.0008066728340637028,0.2987371612779808,0.0007045041312769614,-0.004414443978247573,0.0047446171750365985,0.0,0.0,plain,False,flat
lasso,1.0,alpha=0.001,0.1615608371981259,0.0013196665754450106,0.19819623187122357,0.001320760180483017,0.5578797369125966,0.005890504047028995,0.060144927536231886,0.003500332547388752,plain,False,flat
lasso,1.0,alpha=0.01,0.16377055530032256,0.0011075545857543913,0.19921809339127833,0.0010446621096894273,0.5533158087515045,0.004685548783973934,0.053623188405797106,0.003742012894886389,plain,False,flat
lasso,1.0,alpha=0.1,0.1952753018633984,0.0007793997628348221,0.22637828948400734,0.0007590691654501613,0.42322527774794844,0.0038702098627796068,0.007246376811594203,0.0,plain,False,flat
lasso,1.0,alpha=1.0,0.26676852981593613,0.0008066728340637028,0.2987371612779808,0.0007045041312769614,-0.004414443978247573,0.0047446171750365985,0.0,0.0,plain,False,flat
lasso,1.0,alpha=10.0,0.26676852981593613,0.0008066728340637028,0.2987371612779808,0.0007045041312769614,-0.004414443978247573,0.0047446171750365985,0.0,0.0,plain,False,flat
lasso,2.0,alpha=0.001,0.1484306856496194,0.0044500133876971566,0.18219358401382918,0.004572198696901182,0.6261955038653175,0.018872795365125837,0.057971014492753624,0.007638351836155504,plain,False,flat
lasso,2.0,alpha=0.01,0.150105687089406,0.004260635124987787,0.1824710399907688,0.00450427399993263,0.6250630206916148,0.018452916621690442,0.05434782608695652,0.007042212433388042,plain,False,flat
lasso,2.0,alpha=0.1,0.1886238251831504,0.0031401434229708647,0.21585518524282654,0.0041504103156799815,0.47543207887468364,0.020034880160710766,0.007246376811594203,0.0,plain,False,flat
lasso,2.0,alpha=1.0,0.26676852981593613,0.0008066728340637028,0.2987371612779808,0.0007045041312769614,-0.004414443978247573,0.0047446171750365985,0.0,0.0,plain,False,flat
lasso,2.0,alpha=10.0,0.26676852981593613,0.0008066728340637028,0.2987371612779808,0.0007045041312769614,-0.004414443978247573,0.0047446171750365985,0.0,0.0,plain,False,flat
lasso,3.0,alpha=0.001,0.1339580803077312,0.002574179630990705,0.1701566783086596,0.0031518555056722153,0.674039959346247,0.012157335882733588,0.04927536231884058,0.004583011101693305,plain,False,flat
lasso,3.0,alpha=0.01,0.13896483501876297,0.0032089903224939917,0.17175484487221787,0.003645174418054501,0.6678560951200915,0.014110395806204696,0.04855072463768116,0.004890931577612703,plain,False,flat
lasso,3.0,alpha=0.1,0.18648768489580494,0.0028048355961638916,0.21283118689949054,0.003363641131683564,0.4900819007600884,0.016128104003780043,0.007246376811594203,0.0,plain,False,flat
lasso,3.0,alpha=1.0,0.26676852981593613,0.0008066728340637028,0.2987371612779808,0.0007045041312769614,-0.004414443978247573,0.0047446171750365985,0.0,0.0,plain,False,flat
lasso,3.0,alpha=10.0,0.26676852981593613,0.0008066728340637028,0.2987371612779808,0.0007045041312769614,-0.004414443978247573,0.0047446171750365985,0.0,0.0,plain,False,flat
lasso,4.0,alpha=0.001,0.13265560103935176,0.0028494117415349607,0.16656417396087317,0.0037687845546055783,0.6876111463024066,0.014153931647762574,0.051449275362318844,0.005346846285308854,plain,False,flat
lasso,4.0,alpha=0.01,0.13624674000337852,0.0036144661091446076,0.16787679548243775,0.0042930087453494185,0.6826276067491434,0.016220578307723152,0.050724637681159424,0.0,plain,False,flat
lasso,4.0,alpha=0.1,0.18631295975734466,0.0027159894406004565,0.2125323879687883,0.003204911345923537,0.4915229081839428,0.015380801381204604,0.007246376811594203,0.0,plain,False,flat
lasso,4.0,alpha=1.0,0.26676852981593613,0.0008066728340637028,0.2987371612779808,0.0007045041312769614,-0.004414443978247573,0.0047446171750365985,0.0,0.0,plain,False,flat
lasso,4.0,alpha=10.0,0.26676852981593613,0.0008066728340637028,0.2987371612779808,0.0007045041312769614,-0.004414443978247573,0.0047446171750365985,0.0,0.0,plain,False,flat
lasso,5.0,alpha=0.001,0.1311141955469846,0.0025932949620312783,0.16465378242929932,0.003537964035250959,0.6947496813726828,0.013111552434828352,0.05217391304347826,0.007484025789772786,plain,False,flat
lasso,5.0,alpha=0.01,0.1368533453611976,0.0035573528495922283,0.16826538371675567,0.004255330282042758,0.6811607758215668,0.016091462297062466,0.05217391304347826,0.003055340734462203,plain,False,flat
lasso,5.0,alpha=0.1,0.18631295975734466,0.0027159894406004565,0.2125323879687883,0.003204911345923537,0.4915229081839428,0.015380801381204604,0.007246376811594203,0.0,plain,False,flat
lasso,5.0,alpha=1.0,0.26676852981593613,0.0008066728340637028,0.2987371612779808,0.0007045041312769614,-0.004414443978247573,0.0047446171750365985,0.0,0.0,plain,False,flat
lasso,5.0,alpha=10.0,0.26676852981593613,0.0008066728340637028,0.2987371612779808,0.0007045041312769614,-0.004414443978247573,0.0047446171750365985,0.0,0.0,plain,False,flat
lasso,6.0,alpha=0.001,0.1315677705601,0.002678521924261168,0.16543792640213972,0.003491548363367254,0.6918398373043657,0.01299908844144878,0.05217391304347826,0.008907772422505204,plain,False,flat
lasso,6.0,alpha=0.01,0.1368365611845869,0.0038435117698988005,0.16852833240910495,0.004467918781870156,0.6801452851604595,0.01695924477477731,0.05217391304347826,0.003055340734462203,plain,False,flat
lasso,6.0,alpha=0.1,0.18631295975734466,0.0027159894406004565,0.2125323879687883,0.003204911345923537,0.4915229081839428,0.015380801381204604,0.007246376811594203,0.0,plain,False,flat
lasso,6.0,alpha=1.0,0.26676852981593613,0.0008066728340637028,0.2987371612779808,0.0007045041312769614,-0.004414443978247573,0.0047446171750365985,0.0,0.0,plain,False,flat
lasso,6.0,alpha=10.0,0.26676852981593613,0.0008066728340637028,0.2987371612779808,0.0007045041312769614,-0.004414443978247573,0.0047446171750365985,0.0,0.0,plain,False,flat
lasso,7.0,alpha=0.001,0.13163675120150792,0.0028504669588470285,0.16553977461621783,0.003541512892834526,0.6914568891371475,0.013224535919452983,0.05,0.009323796650057382,plain,False,flat
lasso,7.0,alpha=0.01,0.1350077307887964,0.0035885300158856833,0.16645844005194144,0.004402764519370371,0.6879549675769663,0.01645194130455665,0.04565217391304348,0.008402187019771058,plain,False,flat
lasso,7.0,alpha=0.1,0.18633339490840523,0.002660897600770323,0.21247470371686047,0.003158578737607849,0.4918018162567508,0.015153019705554096,0.007246376811594203,0.0,plain,False,flat
lasso,7.0,alpha=1.0,0.26676852981593613,0.0008066728340637028,0.2987371612779808,0.0007045041312769614,-0.004414443978247573,0.0047446171750365985,0.0,0.0,plain,False,flat
lasso,7.0,alpha=10.0,0.26676852981593613,0.0008066728340637028,0.2987371612779808,0.0007045041312769614,-0.004414443978247573,0.0047446171750365985,0.0,0.0,plain,False,flat
lasso,8.0,alpha=0.001,0.13259306271437246,0.0026883914286761654,0.1668721209741731,0.003231152070043276,0.6864936302174908,0.01212613364087702,0.05,0.01104263715039851,plain,False,flat
lasso,8.0,alpha=0.01,0.13504050211743135,0.0035345169176619314,0.16647398954796838,0.004357801100904461,0.6879006929260768,0.01628495537297996,0.04565217391304348,0.008402187019771058,plain,False,flat
lasso,8.0,alpha=0.1,0.18633339490840523,0.002660897600770323,0.21247470371686047,0.003158578737607849,0.4918018162567508,0.015153019705554096,0.007246376811594203,0.0,plain,False,flat
lasso,8.0,alpha=1.0,0.26676852981593613,0.0008066728340637028,0.2987371612779808,0.0007045041312769614,-0.004414443978247573,0.0047446171750365985,0.0,0.0,plain,False,flat
lasso,8.0,alpha=10.0,0.26676852981593613,0.0008066728340637028,0.2987371612779808,0.0007045041312769614,-0.004414443978247573,0.0047446171750365985,0.0,0.0,plain,False,flat
lasso,9.0,alpha=0.001,0.1328548935299678,0.002771088612531616,0.16736295602061263,0.0032830739022443292,0.6846438294056851,0.012371091608948743,0.05,0.01104263715039851,plain,False,flat
lasso,9.0,alpha=0.01,0.13504960202754468,0.0035481924187949687,0.1665084626697268,0.004364054140929853,0.687770948911093,0.016310527950557877,0.04565217391304348,0.008402187019771058,plain,False,flat
lasso,9.0,alpha=0.1,0.18633339490840523,0.002660897600770323,0.21247470371686047,0.003158578737607849,0.4918018162567508,0.015153019705554096,0.007246376811594203,0.0,plain,False,flat
lasso,9.0,alpha=1.0,0.26676852981593613,0.0008066728340637028,0.2987371612779808,0.0007045041312769614,-0.004414443978247573,0.0047446171750365985,0.0,0.0,plain,False,flat
lasso,9.0,alpha=10.0,0.26676852981593613,0.0008066728340637028,0.2987371612779808,0.0007045041312769614,-0.004414443978247573,0.0047446171750365985,0.0,0.0,plain,False,flat
lasso,10.0,alpha=0.001,0.13132404203179482,0.002495721217014298,0.16762561595560782,0.0026180856166311503,0.6836933027498205,0.009863207851180058,0.04492753623188406,0.010693692570617707,plain,False,flat
lasso,10.0,alpha=0.01,0.13372312752739718,0.0031548757694696396,0.16648674240676273,0.003868146207032697,0.6878937025078512,0.014469193886385167,0.04420289855072464,0.008675499998100468,plain,False,flat
lasso,10.0,alpha=0.1,0.18633339490840523,0.002660897600770323,0.21247470371686047,0.003158578737607849,0.4918018162567508,0.015153019705554096,0.007246376811594203,0.0,plain,False,flat
lasso,10.0,alpha=1.0,0.26676852981593613,0.0008066728340637028,0.2987371612779808,0.0007045041312769614,-0.004414443978247573,0.0047446171750365985,0.0,0.0,plain,False,flat
lasso,10.0,alpha=10.0,0.26676852981593613,0.0008066728340637028,0.2987371612779808,0.0007045041312769614,-0.004414443978247573,0.0047446171750365985,0.0,0.0,plain,False,flat
ridge,0.0,alpha=0.01,0.16735799063092568,0.0010465069748628432,0.2046950197564156,0.001059012367005275,0.5284179232862248,0.00488387485038703,0.05579710144927537,0.010276351394291134,plain,False,flat
ridge,0.0,alpha=0.1,0.16735847064633697,0.0010458562246366534,0.2046879248969605,0.0010580624413432898,0.5284506329715385,0.004879324734430802,0.05507246376811594,0.009166022203386606,plain,False,flat
ridge,0.0,alpha=1.0,0.16737149376692012,0.0010467903948508039,0.20462401892963672,0.0010487897424466392,0.5287452242828197,0.004835046775012962,0.05434782608695652,0.008539936970852023,plain,False,flat
ridge,0.0,alpha=10.0,0.1683074113390093,0.0008447082595398359,0.20459576935546103,0.000975233242566128,0.5288768393608064,0.004494943307420753,0.04855072463768116,0.0059657434952794545,plain,False,flat
ridge,0.0,alpha=100.0,0.191585520158054,0.0007657817143891002,0.222984225123686,0.0007910062642891422,0.44038998905475546,0.0039711377141868134,0.007246376811594203,0.0,plain,False,flat
ridge,1.0,alpha=0.01,0.16132609166807071,0.0013280749416706475,0.19823530050640126,0.0013441274014310812,0.5577047935871092,0.0059957709526237205,0.060144927536231886,0.003500332547388752,plain,False,flat
ridge,1.0,alpha=0.1,0.1613322598924212,0.0013217445152124254,0.19820996436633886,0.0013351735107607354,0.5578180827865371,0.0059550291363547735,0.060144927536231886,0.003500332547388752,plain,False,flat
ridge,1.0,alpha=1.0,0.16140490119836287,0.0012702995919359127,0.1979902610742775,0.0012550920675242216,0.5587998623657733,0.005591319592420418,0.060144927536231886,0.003500332547388752,plain,False,flat
ridge,1.0,alpha=10.0,0.1625140483013991,0.000969685334050785,0.19742898472213272,0.000880631839547104,0.5613058158228286,0.003911592731248477,0.05579710144927537,0.004890931577612701,plain,False,flat
ridge,1.0,alpha=100.0,0.1818144288826457,0.000664188127484435,0.213201545058763,0.0006227948635995912,0.4884167617064394,0.0029905265895725556,0.007246376811594203,0.0,plain,False,flat
ridge,2.0,alpha=0.01,0.14840383076278016,0.0044433392812991395,0.18249417124846407,0.004506219771379109,0.6249678301114797,0.018645272679879303,0.05942028985507246,0.008907772422505202,plain,False,flat
ridge,2.0,alpha=0.1,0.14839826992980604,0.004432402592518368,0.18246741773645953,0.00449289077918966,0.6250789356205112,0.01858644982981689,0.05869565217391305,0.007974673439236316,plain,False,flat
ridge,2.0,alpha=1.0,0.1483686452357544,0.004326881801083131,0.18225953540798973,0.004371300447683439,0.625943184224744,0.018050342170872202,0.0572463768115942,0.007974673439236317,plain,False,flat
ridge,2.0,alpha=10.0,0.14898508064950206,0.003870594216332926,0.1821169088061175,0.003800412420148994,0.6265753402486316,0.015549545557078742,0.05434782608695652,0.007042212433388042,plain,False,flat
ridge,2.0,alpha=100.0,0.16918578820988145,0.002856049594264847,0.19862669151763573,0.003194877495469828,0.5558715368209098,0.014206855165440556,0.007246376811594203,0.0,plain,False,flat
ridge,3.0,alpha=0.01,0.1342062849165169,0.002644380949348437,0.17145681136565202,0.003321908071673738,0.6690301311622739,0.012901051155674541,0.05144927536231884,0.007206006710230096,plain,False,flat
ridge,3.0,alpha=0.1,0.1343186947067011,0.002633761958798362,0.17139935885621352,0.003306237906789674,0.669252876869345,0.01283629245400444,0.050724637681159424,0.0068319495766816195,plain,False,flat
ridge,3.0,alpha=1.0,0.13541292083201645,0.0025980980776892336,0.17128548628393325,0.0031798429176887514,0.6697003646564028,0.012339229821949085,0.050724637681159424,0.006831949576681619,plain,False,flat
ridge,3.0,alpha=10.0,0.14003638598541987,0.002735347101807269,0.17317937105792447,0.0028863975394633696,0.6623761189894275,0.011345945514293887,0.051449275362318844,0.0022915055508466483,plain,False,flat
ridge,3.0,alpha=100.0,0.16122565468507774,0.002623983758819746,0.190109290691995,0.00288645455179456,0.5931549328003596,0.01240411931189961,0.007246376811594203,0.0,plain,False,flat
ridge,4.0,alpha=0.01,0.13223968136563916,0.002875440753929797,0.1669122542338198,0.0037947256255795505,0.6863027569244838,0.014301440877048512,0.05217391304347826,0.006658960749802039,plain,False,flat
ridge,4.0,alpha=0.1,0.13234473888116965,0.0028675775890249023,0.16683219116354267,0.0038040393768092543,0.6866027713035063,0.014327942901640254,0.051449275362318844,0.0063448915635573415,plain,False,flat
ridge,4.0,alpha=1.0,0.1333936626465418,0.0028701253668710356,0.1668430511831468,0.003784127520944164,0.6865635180453695,0.014244430751685532,0.05217391304347826,0.004583011101693303,plain,False,flat
ridge,4.0,alpha=10.0,0.1381851702196241,0.0031082709557761715,0.17025138937958678,0.003438212086030308,0.6736579896594336,0.013236290120397802,0.051449275362318844,0.0022915055508466505,plain,False,flat
ridge,4.0,alpha=100.0,0.15601244984434684,0.002576221697833802,0.18460284896019122,0.002950904129164578,0.616373200459525,0.012328907590668717,0.011594202898550725,0.0037420128948863936,plain,False,flat
ridge,5.0,alpha=0.01,0.13034301601652118,0.002688591928544324,0.16486539041105724,0.003518778444209267,0.6939662780119681,0.013052292797000327,0.04855072463768116,0.010829232739835697,plain,False,flat
ridge,5.0,alpha=0.1,0.13041496680165238,0.0026827023534254017,0.1647516110935952,0.003527757119962312,0.6943877272900539,0.013078707666076517,0.049275362318840575,0.010133418822900015,plain,False,flat
ridge,5.0,alpha=1.0,0.13194103129281723,0.0026696059001254406,0.1648507016688621,0.0035338551054675304,0.6940197085693296,0.013107789485171587,0.053623188405797106,0.007789621012848839,plain,False,flat
ridge,5.0,alpha=10.0,0.13805419989342121,0.003059988426190763,0.16949424905573737,0.0034174108342681776,0.6765545272937127,0.013061243634147826,0.05507246376811594,0.006110681468924402,plain,False,flat
ridge,5.0,alpha=100.0,0.15555780691782786,0.0024684080467536522,0.18409944874667145,0.002899864832094395,0.6184651438231658,0.01207057576900218,0.011594202898550725,0.0037420128948863936,plain,False,flat
ridge,6.0,alpha=0.01,0.131276608417636,0.00255338540732562,0.16615063831988378,0.003156482537481194,0.6892026195910771,0.011798527326950062,0.04855072463768116,0.011857910829597659,plain,False,flat
ridge,6.0,alpha=0.1,0.13125810095375504,0.0025674738860882833,0.16592637483106293,0.0032165804944480894,0.6900369053041948,0.012008620300551484,0.05,0.011042637150398512,plain,False,flat
ridge,6.0,alpha=1.0,0.13206247635079157,0.002559555799384063,0.165453329841337,0.0033491486540185547,0.6917923408339263,0.012477441927466833,0.05,0.007206006710230096,plain,False,flat
ridge,6.0,alpha=10.0,0.1375738071407867,0.0029155786548912812,0.16899397304553584,0.0033156030300030997,0.6784673065370013,0.012641982927417302,0.05434782608695652,0.0061582361275275155,plain,False,flat
ridge,6.0,alpha=100.0,0.1558678604564523,0.0025133379271025966,0.18449242136602303,0.002902938408757278,0.6168347653020299,0.01210221631549653,0.011594202898550725,0.0037420128948863936,plain,False,flat
ridge,7.0,alpha=0.01,0.1322852286566694,0.002705082264164724,0.16721525251997216,0.0032013344363807372,0.6852053850512234,0.01207230299265381,0.04855072463768116,0.00969198195542941,plain,False,flat
ridge,7.0,alpha=0.1,0.13217735199678332,0.002693217212081788,0.16688514246871705,0.0032326489941198414,0.6864446192616557,0.012169143130553233,0.049275362318840575,0.009540298385570772,plain,False,flat
ridge,7.0,alpha=1.0,0.13216330294031947,0.0026192627662248264,0.16579626224744298,0.003263661428021601,0.690519580450949,0.012218515231481814,0.049275362318840575,0.008907772422505204,plain,False,flat
ridge,7.0,alpha=10.0,0.1348871068102705,0.0026123485062248563,0.16641758579005173,0.0034128043888097073,0.6881863947970365,0.012841342264611158,0.0463768115942029,0.005066709411450007,plain,False,flat
ridge,7.0,alpha=100.0,0.15232627810774138,0.002513601684925011,0.18020106196332575,0.003021246888833855,0.6344415513805698,0.012271074515462957,0.013043478260869565,0.004583011101693303,plain,False,flat
ridge,8.0,alpha=0.01,0.1338542744130104,0.0023596056518282445,0.16969713724888186,0.0029107801695668115,0.6758124798541574,0.011061080482819074,0.04855072463768116,0.008402187019771057,plain,False,flat
ridge,8.0,alpha=0.1,0.13374638741698838,0.002334393873272077,0.16932719952692632,0.002912458688669188,0.6772239162297002,0.011048325234833014,0.04782608695652174,0.010909748589986681,plain,False,flat
ridge,8.0,alpha=1.0,0.13365466713411625,0.002403421922020653,0.1678942195973873,0.002937755369317185,0.6826610224228304,0.011082960883685388,0.05,0.01104263715039851,plain,False,flat
ridge,8.0,alpha=10.0,0.13546898769935442,0.0025082116327464245,0.16715760978211733,0.003274568509359071,0.6854175053611529,0.01235831939504933,0.04710144927536232,0.006158236127527517,plain,False,flat
ridge,8.0,alpha=100.0,0.1524490125749529,0.0025059521730374,0.18033287844324386,0.0029790791416143907,0.633909244392471,0.012108452261691868,0.012318840579710146,0.0035003325473887533,plain,False,flat
ridge,9.0,alpha=0.01,0.13430513252191328,0.002644864727756894,0.17140781505588365,0.0031164748938699656,0.6692325967431707,0.012010595516683919,0.04782608695652174,0.008505708628820777,plain,False,flat
ridge,9.0,alpha=0.1,0.13401981632926094,0.002598243074030644,0.17057941204651844,0.0031582028964079576,0.672418425592767,0.012103703860449087,0.04782608695652174,0.008505708628820777,plain,False,flat
ridge,9.0,alpha=1.0,0.13376653823662732,0.0025248509106436047,0.16845182275900994,0.0030861416096569392,0.6805411841537061,0.011700273954761052,0.050724637681159424,0.010802260760868548,plain,False,flat
ridge,9.0,alpha=10.0,0.13571946911491536,0.0025049741251779514,0.16759349032097745,0.0032193291393412273,0.6837789550756654,0.012184114766053331,0.04782608695652174,0.006110681468924406,plain,False,flat
ridge,9.0,alpha=100.0,0.15251860478848606,0.0025028865925169003,0.1804198042063196,0.002934314012805266,0.6335589942819944,0.011931776200470699,0.012318840579710146,0.0035003325473887533,plain,False,flat
ridge,10.0,alpha=0.01,0.13361614706091596,0.0020932779609066526,0.1723408700881357,0.002294756316803857,0.6656678575605877,0.008898757081800704,0.04855072463768116,0.011355226351249428,plain,False,flat
ridge,10.0,alpha=0.1,0.133184212672669,0.0020790323437661316,0.17139094336973004,0.0023423557235092794,0.6693404928913742,0.009028415991442097,0.04782608695652174,0.010909748589986681,plain,False,flat
ridge,10.0,alpha=1.0,0.132591452789594,0.0022126077597271784,0.16902766288215543,0.002486567858591117,0.6783878631712107,0.009458143030961841,0.04710144927536232,0.01093645548084229,plain,False,flat
ridge,10.0,alpha=10.0,0.1340023506288948,0.002210101830510017,0.1676174076871911,0.002837219804152452,0.6837121640382842,0.01070613520559198,0.042753623188405795,0.007206006710230096,plain,False,flat
ridge,10.0,alpha=100.0,0.1511069493316413,0.0023693190733351625,0.17965604271576624,0.002777002031491079,0.6366632614949908,0.011244807893406893,0.013768115942028985,0.004113378349257585,plain,False,flat
lasso,,,0.13409608937860204,0.0032538735907098504,0.16861101782632115,0.004187356657284352,0.6798561417637197,0.015852595840688967,0.04855072463768116,0.008402187019771055,plain,False,nested
ridge,,,0.13399457184219343,0.0033224131139007727,0.16942314955434404,0.0036043922289496055,0.6768124300865426,0.013811826636396428,0.04927536231884058,0.006658960749802039,plain,False,nested
lasso,0.0,alpha=0.001,0.17012152890358184,0.0018325666991589893,0.2080253902969714,0.002193911725167165,0.5129108685748018,0.01029360655897679,0.0572463768115942,0.004113378349257584,donor_grouped,False,flat
lasso,0.0,alpha=0.01,0.17131053959001094,0.0016761145405158172,0.20834816463288391,0.00199169911727552,0.5114068754858722,0.00935299964329941,0.04927536231884058,0.003055340734462204,donor_grouped,False,flat
lasso,0.0,alpha=0.1,0.195333517893112,0.0003842539480674072,0.2264699729248103,0.0005392495052667323,0.42276088998563177,0.002752079024482023,0.007246376811594203,0.0,donor_grouped,False,flat
lasso,0.0,alpha=1.0,0.2665449965127452,0.00023859876873452576,0.29876126887718263,0.00043996080660070586,-0.004573492186301586,0.0029604763507834033,0.0,0.0,donor_grouped,False,flat
lasso,0.0,alpha=10.0,0.2665449965127452,0.00023859876873452576,0.29876126887718263,0.00043996080660070586,-0.004573492186301586,0.0029604763507834033,0.0,0.0,donor_grouped,False,flat
lasso,1.0,alpha=0.001,0.16414576635161088,0.002293197294480982,0.20079273899942626,0.00288502545036624,0.5461535232443844,0.01299942255900297,0.06521739130434782,0.0,donor_grouped,False,flat
lasso,1.0,alpha=0.01,0.1659585148076204,0.002077687064372988,0.20157701208750392,0.0024624997923807764,0.5426248027348407,0.011167895247441332,0.05579710144927537,0.0035003325473887533,donor_grouped,False,flat
lasso,1.0,alpha=0.1,0.19576584887171772,0.0006221304300379334,0.22716184630772332,0.0009140179841747523,0.4192230339688141,0.0046758210380596745,0.007246376811594203,0.0,donor_grouped,False,flat
lasso,1.0,alpha=1.0,0.2665449965127452,0.00023859876873452576,0.29876126887718263,0.00043996080660070586,-0.004573492186301586,0.0029604763507834033,0.0,0.0,donor_grouped,False,flat
lasso,1.0,alpha=10.0,0.2665449965127452,0.00023859876873452576,0.29876126887718263,0.00043996080660070586,-0.004573492186301586,0.0029604763507834033,0.0,0.0,donor_grouped,False,flat
lasso,2.0,alpha=0.001,0.14785760207664864,0.0019458133168298033,0.183741932848426,0.0020820334638171666,0.6199865040486914,0.008615706099629248,0.06159420289855072,0.0070422124333880416,donor_grouped,False,flat
lasso,2.0,alpha=0.01,0.14828538228146654,0.002202113116920234,0.1815840102075738,0.0019511204004102275,0.6288644064004884,0.007979534795002649,0.0572463768115942,0.005346846285308852,donor_grouped,False,flat
lasso,2.0,alpha=0.1,0.18512060195163954,0.0014071681899344142,0.21276848241702417,0.0020052939346295773,0.4904561248360869,0.009579773400840702,0.007246376811594203,0.0,donor_grouped,False,flat
lasso,2.0,alpha=1.0,0.2665449965127452,0.00023859876873452576,0.29876126887718263,0.00043996080660070586,-0.004573492186301586,0.0029604763507834033,0.0,0.0,donor_grouped,False,flat
lasso,2.0,alpha=10.0,0.2665449965127452,0.00023859876873452576,0.29876126887718263,0.00043996080660070586,-0.004573492186301586,0.0029604763507834033,0.0,0.0,donor_grouped,False,flat
lasso,3.0,alpha=0.001,0.1346547991934434,0.0017366740898660006,0.17131429533016843,0.0015913709024361544,0.6696660500246903,0.0061398899203278096,0.051449275362318844,0.005346846285308851,donor_grouped,False,flat
lasso,3.0,alpha=0.01,0.1380483733838502,0.002347409118728238,0.1710582479010493,0.0023196412944516158,0.6706238231916076,0.008947257021287095,0.0463768115942029,0.0037420128948863957,donor_grouped,False,flat
lasso,3.0,alpha=0.1,0.183016888388741,0.0012531179849467218,0.20901373286454294,0.0016919413413113281,0.50829170968997,0.00797151567140246,0.007246376811594203,0.0,donor_grouped,False,flat
lasso,3.0,alpha=1.0,0.2665449965127452,0.00023859876873452576,0.29876126887718263,0.00043996080660070586,-0.004573492186301586,0.0029604763507834033,0.0,0.0,donor_grouped,False,flat
lasso,3.0,alpha=10.0,0.2665449965127452,0.00023859876873452576,0.29876126887718263,0.00043996080660070586,-0.004573492186301586,0.0029604763507834033,0.0,0.0,donor_grouped,False,flat
lasso,4.0,alpha=0.001,0.13463155093781248,0.0007751381165244548,0.17008475648547977,0.00143741452257388,0.6743950664476823,0.005527866267157621,0.050724637681159424,0.0,donor_grouped,False,flat
lasso,4.0,alpha=0.01,0.13608510448325498,0.0019008471323519625,0.16840440849602495,0.002289672954141357,0.6807643110095718,0.008683396830469694,0.050724637681159424,0.0,donor_grouped,False,flat
lasso,4.0,alpha=0.1,0.18286190295305402,0.001302844734950721,0.208710055728406,0.0016598703283288228,0.5097204874255596,0.00778419060518061,0.007246376811594203,0.0,donor_grouped,False,flat
lasso,4.0,alpha=1.0,0.2665449965127452,0.00023859876873452576,0.29876126887718263,0.00043996080660070586,-0.004573492186301586,0.0029604763507834033,0.0,0.0,donor_grouped,False,flat
lasso,4.0,alpha=10.0,0.2665449965127452,0.00023859876873452576,0.29876126887718263,0.00043996080660070586,-0.004573492186301586,0.0029604763507834033,0.0,0.0,donor_grouped,False,flat
lasso,5.0,alpha=0.001,0.13289257203655008,0.00118717118440159,0.16771595668772027,0.001535506712637079,0.6833978897067549,0.005793026681148181,0.04855072463768116,0.004890931577612703,donor_grouped,False,flat
lasso,5.0,alpha=0.01,0.13542182001892125,0.0020675769287073296,0.16778588589426352,0.002301168144318126,0.6831040844891656,0.008701728478948416,0.05,0.002291505550846653,donor_grouped,False,flat
lasso,5.0,alpha=0.1,0.18286190295305402,0.001302844734950721,0.208710055728406,0.0016598703283288228,0.5097204874255596,0.00778419060518061,0.007246376811594203,0.0,donor_grouped,False,flat
lasso,5.0,alpha=1.0,0.2665449965127452,0.00023859876873452576,0.29876126887718263,0.00043996080660070586,-0.004573492186301586,0.0029604763507834033,0.0,0.0,donor_grouped,False,flat
lasso,5.0,alpha=10.0,0.2665449965127452,0.00023859876873452576,0.29876126887718263,0.00043996080660070586,-0.004573492186301586,0.0029604763507834033,0.0,0.0,donor_grouped,False,flat
lasso,6.0,alpha=0.001,0.13379315143275294,0.0014812140186567825,0.16957253862894794,0.001696284983260445,0.6763449181762125,0.0064821717483885466,0.04565217391304348,0.003500332547388755,donor_grouped,False,flat
lasso,6.0,alpha=0.01,0.13571377388692799,0.001969585369300218,0.16801029911205384,0.0021842784665394633,0.6822612768849734,0.008265222743011818,0.05,0.002291505550846653,donor_grouped,False,flat
lasso,6.0,alpha=0.1,0.18286190295305402,0.001302844734950721,0.208710055728406,0.0016598703283288228,0.5097204874255596,0.00778419060518061,0.007246376811594203,0.0,donor_grouped,False,flat
lasso,6.0,alpha=1.0,0.2665449965127452,0.00023859876873452576,0.29876126887718263,0.00043996080660070586,-0.004573492186301586,0.0029604763507834033,0.0,0.0,donor_grouped,False,flat
lasso,6.0,alpha=10.0,0.2665449965127452,0.00023859876873452576,0.29876126887718263,0.00043996080660070586,-0.004573492186301586,0.0029604763507834033,0.0,0.0,donor_grouped,False,flat
lasso,7.0,alpha=0.001,0.13362652233923897,0.001298452079415449,0.169518028787389,0.001663293200430749,0.6765540694125198,0.006341257979073525,0.04420289855072464,0.004113378349257583,donor_grouped,False,flat
lasso,7.0,alpha=0.01,0.1346663143312583,0.0021685255939588805,0.16668323733200946,0.0024967946035265114,0.687245316121514,0.009363481155351249,0.0463768115942029,0.003742012894886396,donor_grouped,False,flat
lasso,7.0,alpha=0.1,0.18286190295305402,0.001302844734950721,0.208710055728406,0.0016598703283288228,0.5097204874255596,0.00778419060518061,0.007246376811594203,0.0,donor_grouped,False,flat
lasso,7.0,alpha=1.0,0.2665449965127452,0.00023859876873452576,0.29876126887718263,0.00043996080660070586,-0.004573492186301586,0.0029604763507834033,0.0,0.0,donor_grouped,False,flat
lasso,7.0,alpha=10.0,0.2665449965127452,0.00023859876873452576,0.29876126887718263,0.00043996080660070586,-0.004573492186301586,0.0029604763507834033,0.0,0.0,donor_grouped,False,flat
lasso,8.0,alpha=0.001,0.1344546555252834,0.0012410509575981792,0.17106067085461213,0.0012164146731769572,0.670654008471961,0.004684092293442307,0.042028985507246375,0.00665896074980204,donor_grouped,False,flat
lasso,8.0,alpha=0.01,0.13489720312262604,0.002179028568547108,0.16692452888074555,0.002394110540037466,0.6863444400213362,0.008996428828820268,0.04565217391304348,0.004890931577612704,donor_grouped,False,flat
lasso,8.0,alpha=0.1,0.18286190295305402,0.001302844734950721,0.208710055728406,0.0016598703283288228,0.5097204874255596,0.00778419060518061,0.007246376811594203,0.0,donor_grouped,False,flat
lasso,8.0,alpha=1.0,0.2665449965127452,0.00023859876873452576,0.29876126887718263,0.00043996080660070586,-0.004573492186301586,0.0029604763507834033,0.0,0.0,donor_grouped,False,flat
lasso,8.0,alpha=10.0,0.2665449965127452,0.00023859876873452576,0.29876126887718263,0.00043996080660070586,-0.004573492186301586,0.0029604763507834033,0.0,0.0,donor_grouped,False,flat
lasso,9.0,alpha=0.001,0.13457011179492787,0.0012512517306820336,0.17119409058701474,0.0012313415568280927,0.6701397108982317,0.004745253609786626,0.042028985507246375,0.00665896074980204,donor_grouped,False,flat
lasso,9.0,alpha=0.01,0.13490137245153125,0.002183495306039193,0.16692805123090898,0.0023963172267851287,0.6863310980801576,0.009004723266340832,0.04565217391304348,0.004890931577612704,donor_grouped,False,flat
lasso,9.0,alpha=0.1,0.18286190295305402,0.001302844734950721,0.208710055728406,0.0016598703283288228,0.5097204874255596,0.00778419060518061,0.007246376811594203,0.0,donor_grouped,False,flat
lasso,9.0,alpha=1.0,0.2665449965127452,0.00023859876873452576,0.29876126887718263,0.00043996080660070586,-0.004573492186301586,0.0029604763507834033,0.0,0.0,donor_grouped,False,flat
lasso,9.0,alpha=10.0,0.2665449965127452,0.00023859876873452576,0.29876126887718263,0.00043996080660070586,-0.004573492186301586,0.0029604763507834033,0.0,0.0,donor_grouped,False,flat
lasso,10.0,alpha=0.001,0.13338076482125494,0.0015850084757068098,0.17260097004851982,0.0017253700097494176,0.6646812826900427,0.0066997536198080306,0.03695652173913044,0.006344891563557342,donor_grouped,False,flat
lasso,10.0,alpha=0.01,0.1338388351364457,0.002188344700593144,0.16784407586218103,0.002525591691038459,0.6828733053615543,0.009541936083466561,0.03985507246376811,0.005123962182511215,donor_grouped,False,flat
lasso,10.0,alpha=0.1,0.18286190295305402,0.001302844734950721,0.208710055728406,0.0016598703283288228,0.5097204874255596,0.00778419060518061,0.007246376811594203,0.0,donor_grouped,False,flat
lasso,10.0,alpha=1.0,0.2665449965127452,0.00023859876873452576,0.29876126887718263,0.00043996080660070586,-0.004573492186301586,0.0029604763507834033,0.0,0.0,donor_grouped,False,flat
lasso,10.0,alpha=10.0,0.2665449965127452,0.00023859876873452576,0.29876126887718263,0.00043996080660070586,-0.004573492186301586,0.0029604763507834033,0.0,0.0,donor_grouped,False,flat
ridge,0.0,alpha=0.01,0.17005300455076455,0.0018191370119278868,0.20801187849778469,0.002195348684256053,0.5129740717541147,0.01029974996051815,0.05869565217391305,0.00229150555084665,donor_grouped,False,flat
ridge,0.0,alpha=0.1,0.1700492237682722,0.0018200352874613108,0.20800309174267612,0.002194291866384442,0.5130152592621279,0.010294348157618828,0.05869565217391305,0.00229150555084665,donor_grouped,False,flat
ridge,0.0,alpha=1.0,0.17003084407864194,0.0018224890166663858,0.207922170505489,0.0021837281144826822,0.5133945278237892,0.01024071365669537,0.053623188405797106,0.005066709411450006,donor_grouped,False,flat
ridge,0.0,alpha=10.0,0.1710162531621737,0.0017954850731865888,0.20771721342427113,0.0020795156669166574,0.5143577924439509,0.009741316214690342,0.0463768115942029,0.0037420128948863944,donor_grouped,False,flat
ridge,0.0,alpha=100.0,0.19222904524273493,0.0012064332246318203,0.22471171095194528,0.0013865127087949352,0.4316726330189932,0.007018736669462674,0.007246376811594203,0.0,donor_grouped,False,flat
ridge,1.0,alpha=0.01,0.1639531676556675,0.0023074131284482376,0.20084099934643174,0.0029105788271161816,0.5459338743009176,0.013116607166846532,0.06521739130434782,0.0,donor_grouped,False,flat
ridge,1.0,alpha=0.1,0.16395983848433432,0.002307359064562628,0.20081887036011176,0.00290600457474653,0.5460341788640146,0.01309526218928823,0.06521739130434782,0.0,donor_grouped,False,flat
ridge,1.0,alpha=1.0,0.1640282431159466,0.002302688633978577,0.20062660315338907,0.002863010113896087,0.5469053797370568,0.012895471244988573,0.06521739130434782,0.0,donor_grouped,False,flat
ridge,1.0,alpha=10.0,0.16492064477308857,0.002092245263103949,0.2001156489515298,0.0025778530359039657,0.5492256093681372,0.011607342482644152,0.05942028985507246,0.0030553407344622013,donor_grouped,False,flat
ridge,1.0,alpha=100.0,0.18280706890989232,0.0011784243716995932,0.21479837499783866,0.0016113480330978726,0.48070247295733515,0.0077969183515422,0.007246376811594203,0.0,donor_grouped,False,flat
ridge,2.0,alpha=0.01,0.1481789560310039,0.0019577003402060185,0.18450653395880293,0.002130240790401129,0.6168155500120871,0.00884179731907526,0.06231884057971014,0.00778962101284884,donor_grouped,False,flat
ridge,2.0,alpha=0.1,0.14813877987136356,0.001947448212799334,0.18442863374939475,0.002110915859183665,0.6171398404798151,0.008758359905728883,0.06231884057971014,0.00778962101284884,donor_grouped,False,flat
ridge,2.0,alpha=1.0,0.14782398900415678,0.0018783607399655425,0.18378709253955688,0.00196407895644558,0.6198045391342399,0.008124414298599171,0.060144927536231886,0.005965743495279452,donor_grouped,False,flat
ridge,2.0,alpha=10.0,0.14798519630573584,0.0021603690113056887,0.18226145073559347,0.001657184797186866,0.6261010603756614,0.0068058651542432696,0.053623188405797106,0.0037420128948863927,donor_grouped,False,flat
ridge,2.0,alpha=100.0,0.16950841873251682,0.0014100278864795038,0.19957296375431172,0.0016174022211483182,0.5517076157862253,0.007280579630933679,0.007246376811594203,0.0,donor_grouped,False,flat
ridge,3.0,alpha=0.01,0.13508282243343755,0.001572064043034046,0.17266169263250253,0.0013431952141647154,0.6644572048762146,0.00521866644458989,0.051449275362318844,0.0041133783492575855,donor_grouped,False,flat
ridge,3.0,alpha=0.1,0.1351857808316935,0.001563402510841852,0.17261595433190097,0.001345673750509682,0.6646348755649553,0.005227009122480194,0.051449275362318844,0.0041133783492575855,donor_grouped,False,flat
ridge,3.0,alpha=1.0,0.13606330811548256,0.0014761418137135948,0.1724017104069816,0.0013267566932762067,0.6654673087104107,0.005147837385793003,0.051449275362318844,0.005346846285308851,donor_grouped,False,flat
ridge,3.0,alpha=10.0,0.13971708831718782,0.0012117387333284916,0.1731985765864908,0.00114674271610577,0.6623723179893608,0.004465611992018132,0.05579710144927537,0.005965743495279451,donor_grouped,False,flat
ridge,3.0,alpha=100.0,0.16008563316049826,0.0008639549044045183,0.18936830941062213,0.001291590226208984,0.5963870776056387,0.005514852921611375,0.007246376811594203,0.0,donor_grouped,False,flat
ridge,4.0,alpha=0.01,0.13469934486413698,0.0011068150589592883,0.1714031376845803,0.0015278469497228382,0.6693253772527059,0.00591407878641989,0.050724637681159424,0.0,donor_grouped,False,flat
ridge,4.0,alpha=0.1,0.13476957185109,0.001068870433297182,0.17127995342613175,0.0015137521511168698,0.669800906176189,0.005855666314924638,0.050724637681159424,0.0,donor_grouped,False,flat
ridge,4.0,alpha=1.0,0.13542147760797196,0.0008625199061899783,0.17076626520287763,0.001330376577062537,0.6717836898427525,0.005132232693794187,0.050724637681159424,0.0,donor_grouped,False,flat
ridge,4.0,alpha=10.0,0.1390240645998158,0.000893433605420806,0.17169622911006058,0.0008083606036528001,0.6682106405860094,0.003126381574064942,0.050724637681159424,0.0,donor_grouped,False,flat
ridge,4.0,alpha=100.0,0.15493527148562142,0.0009082186376018133,0.18421700890307446,0.0013960334944704415,0.6180432622678713,0.005810678836180761,0.008695652173913044,0.003055340734462202,donor_grouped,False,flat
ridge,5.0,alpha=0.01,0.13232730287279768,0.001426297008639032,0.16858773848794734,0.00162767598640369,0.6800952574020226,0.006182988701251219,0.041304347826086954,0.004890931577612701,donor_grouped,False,flat
ridge,5.0,alpha=0.1,0.1324627252010288,0.0014088253942091556,0.1685103602224666,0.0016268401307124197,0.6803888521826997,0.006176708406347926,0.042028985507246375,0.004583011101693305,donor_grouped,False,flat
ridge,5.0,alpha=1.0,0.13389842152383186,0.001160879284794968,0.1684107569466088,0.0015099313688798615,0.6807702555407817,0.005725677142243397,0.04927536231884058,0.0045830111016933045,donor_grouped,False,flat
ridge,5.0,alpha=10.0,0.1384150073900153,0.0009609855361674815,0.17052367219016454,0.0010388469007676794,0.6727225103989458,0.003989488209902573,0.053623188405797106,0.0037420128948863927,donor_grouped,False,flat
ridge,5.0,alpha=100.0,0.15421642195861446,0.001098774183007888,0.1834149776500148,0.0014738437970603325,0.6213594624355542,0.006106782642661126,0.009420289855072464,0.0035003325473887533,donor_grouped,False,flat
ridge,6.0,alpha=0.01,0.13482466961491046,0.0014728537308339564,0.17222489195745125,0.001805737585740374,0.6661379284632407,0.007027891250586992,0.041304347826086954,0.004890931577612701,donor_grouped,False,flat
ridge,6.0,alpha=0.1,0.1347275628275857,0.0014838204757423575,0.17182191257782561,0.0017787655325244695,0.6676992958637884,0.006906788256508353,0.041304347826086954,0.004890931577612701,donor_grouped,False,flat
ridge,6.0,alpha=1.0,0.1345030667141165,0.0014311554914918743,0.1701328207404584,0.0015658212350626078,0.6742071206883947,0.006011102445516478,0.04565217391304348,0.003500332547388755,donor_grouped,False,flat
ridge,6.0,alpha=10.0,0.1379738523542,0.0010749497224262817,0.17035329273111519,0.0010729384322895063,0.6733754340174768,0.00411882874978009,0.053623188405797106,0.0037420128948863927,donor_grouped,False,flat
ridge,6.0,alpha=100.0,0.15456998842361774,0.0013038828001769693,0.183818857289308,0.0016922409049576431,0.6196831871780544,0.007033240179963191,0.010144927536231885,0.003742012894886393,donor_grouped,False,flat
ridge,7.0,alpha=0.01,0.13551673885064272,0.0014414293799595707,0.1733807355899716,0.0018483042003608439,0.6616404993080456,0.007222818032162946,0.042028985507246375,0.005716019114105909,donor_grouped,False,flat
ridge,7.0,alpha=0.1,0.13532066147372065,0.0014002961239853466,0.172853215197849,0.0017987610950762265,0.6636979416898492,0.00700677967867457,0.042028985507246375,0.005716019114105909,donor_grouped,False,flat
ridge,7.0,alpha=1.0,0.13452145940485122,0.001152724647423489,0.17031576079674543,0.001529768137621879,0.6735072921673152,0.0058626215581026415,0.04420289855072464,0.004113378349257583,donor_grouped,False,flat
ridge,7.0,alpha=10.0,0.13515326662066823,0.0015243809860129775,0.16721977930066884,0.0017565474874542408,0.6852609027084536,0.0066116664510120085,0.050724637681159424,0.003415974788340809,donor_grouped,False,flat
ridge,7.0,alpha=100.0,0.15084278799017492,0.0016796228724366587,0.1784103662462038,0.0019313926213966653,0.6417235604467696,0.007775003321990333,0.013043478260869565,0.0030553407344622026,donor_grouped,False,flat
ridge,8.0,alpha=0.01,0.136159956915694,0.001547071352567039,0.1750730902858559,0.001542978804141437,0.6550140320528726,0.006077526750826292,0.042753623188405795,0.007974673439236317,donor_grouped,False,flat
ridge,8.0,alpha=0.1,0.13599468252867508,0.0015209490461710429,0.17457425578890956,0.0014929912741723182,0.6569785633538497,0.005863991363082611,0.042028985507246375,0.008907772422505202,donor_grouped,False,flat
ridge,8.0,alpha=1.0,0.1353360445220608,0.0013068519060199292,0.17216444496896935,0.0012407598246568536,0.6663896544194697,0.004805867523469089,0.042028985507246375,0.006658960749802041,donor_grouped,False,flat
ridge,8.0,alpha=10.0,0.13558718255133012,0.0013453808788120424,0.16824990158615205,0.0013696627437896768,0.6813838279064635,0.005183388567362424,0.0463768115942029,0.0037420128948863957,donor_grouped,False,flat
ridge,8.0,alpha=100.0,0.15088012284535143,0.0016056558729343918,0.17852535722048363,0.0018659520146459966,0.6412641370504734,0.00751499558655377,0.013043478260869565,0.0030553407344622026,donor_grouped,False,flat
ridge,9.0,alpha=0.01,0.13673139249515318,0.0014717223128127678,0.17651273238005716,0.0017014573973307356,0.6493121918652187,0.006776662513067714,0.043478260869565216,0.010247924365022424,donor_grouped,False,flat
ridge,9.0,alpha=0.1,0.13638325767555465,0.0014193516292108216,0.1756732248705799,0.0015552923462315061,0.652644596591103,0.006163135584709005,0.042753623188405795,0.01104263715039851,donor_grouped,False,flat
ridge,9.0,alpha=1.0,0.13562062039170025,0.0012812377012559213,0.17259154539794022,0.001238524211592719,0.6647325136914259,0.004814693324405569,0.042028985507246375,0.006658960749802041,donor_grouped,False,flat
ridge,9.0,alpha=10.0,0.13566137306307974,0.0013790117435461186,0.16843603319433048,0.0014533868664496107,0.6806761281204166,0.005509609985044492,0.04565217391304348,0.0035003325473887555,donor_grouped,False,flat
ridge,9.0,alpha=100.0,0.15091498054025831,0.001653034016590245,0.17855956655559557,0.0019046090759526825,0.6411251778139929,0.007672267551277133,0.013043478260869565,0.0030553407344622026,donor_grouped,False,flat
ridge,10.0,alpha=0.01,0.13797087611655742,0.0017430085034850875,0.17937511881843415,0.001851239347901235,0.6378418111795778,0.007483597276631599,0.04492753623188406,0.00954029838557077,donor_grouped,False,flat
ridge,10.0,alpha=0.1,0.13724535298600962,0.0017106587837415683,0.1782288526162859,0.0017566431573322733,0.6424586574127791,0.007050501034645333,0.042028985507246375,0.00954029838557077,donor_grouped,False,flat
ridge,10.0,alpha=1.0,0.13493192897479364,0.0017488834718995324,0.1743240744087911,0.001625929907462548,0.6579567585535668,0.006374875009022451,0.036231884057971016,0.006831949576681619,donor_grouped,False,flat
ridge,10.0,alpha=10.0,0.13371801275380274,0.0016793349577245151,0.16901664409502162,0.0017058968936896285,0.6784629371401392,0.00647919280520059,0.042028985507246375,0.004583011101693304,donor_grouped,False,flat
ridge,10.0,alpha=100.0,0.14927216028075418,0.001493234487858137,0.17783624472264908,0.0018799453040863525,0.6440274486947305,0.007539235829345954,0.013043478260869565,0.0030553407344622026,donor_grouped,False,flat
lasso,,,0.134852651383628,0.0028284814563741783,0.17183447399282553,0.003972779496933359,0.6675228916751959,0.015441148634413733,0.04565217391304348,0.003500332547388756,donor_grouped,False,nested
ridge,,,0.13760916383141805,0.00425691864515115,0.17553176990978836,0.005410189060045074,0.6529317433993321,0.021192081633306444,0.043478260869565216,0.004830917874396137,donor_grouped,False,nested
lasso,0.0,alpha=0.001,0.1671894354768768,,0.20494792500548017,,0.5272632911722264,,0.057971014492753624,,loco,False,flat
lasso,0.0,alpha=0.01,0.16824103955701872,,0.20512832791703436,,0.5264306834416163,,0.043478260869565216,,loco,False,flat
lasso,0.0,alpha=0.1,0.19633256822087175,,0.22771450839653523,,0.4164021550631364,,0.007246376811594203,,loco,False,flat
lasso,0.0,alpha=1.0,0.26800624715030463,,0.30025647468735794,,-0.01465181948958394,,0.0,,loco,False,flat
lasso,0.0,alpha=10.0,0.26800624715030463,,0.30025647468735794,,-0.01465181948958394,,0.0,,loco,False,flat
lasso,1.0,alpha=0.001,0.1594361611498004,,0.19647155362343655,,0.5655581695958121,,0.06521739130434782,,loco,False,flat
lasso,1.0,alpha=0.01,0.16255484824217106,,0.1980244674940338,,0.558663360079555,,0.057971014492753624,,loco,False,flat
lasso,1.0,alpha=0.1,0.19654948962850347,,0.22809812829234846,,0.41443417923345205,,0.007246376811594203,,loco,False,flat
lasso,1.0,alpha=1.0,0.26800624715030463,,0.30025647468735794,,-0.01465181948958394,,0.0,,loco,False,flat
lasso,1.0,alpha=10.0,0.26800624715030463,,0.30025647468735794,,-0.01465181948958394,,0.0,,loco,False,flat
lasso,2.0,alpha=0.001,0.14615664975035758,,0.17926264619902377,,0.6383305031129736,,0.06521739130434782,,loco,False,flat
lasso,2.0,alpha=0.01,0.14697654239113375,,0.17905242531670118,,0.6391782636696004,,0.050724637681159424,,loco,False,flat
lasso,2.0,alpha=0.1,0.18804462229369623,,0.21353521894148528,,0.4868181296209073,,0.007246376811594203,,loco,False,flat
lasso,2.0,alpha=1.0,0.26800624715030463,,0.30025647468735794,,-0.01465181948958394,,0.0,,loco,False,flat
lasso,2.0,alpha=10.0,0.26800624715030463,,0.30025647468735794,,-0.01465181948958394,,0.0,,loco,False,flat
lasso,3.0,alpha=0.001,0.1312338234907459,,0.16681408448641202,,0.6868173398754831,,0.050724637681159424,,loco,False,flat
lasso,3.0,alpha=0.01,0.13901231462652366,,0.17094217343001322,,0.6711251076560677,,0.050724637681159424,,loco,False,flat
lasso,3.0,alpha=0.1,0.18768677891847646,,0.21297185753851466,,0.4895223719505142,,0.007246376811594203,,loco,False,flat
lasso,3.0,alpha=1.0,0.26800624715030463,,0.30025647468735794,,-0.01465181948958394,,0.0,,loco,False,flat
lasso,3.0,alpha=10.0,0.26800624715030463,,0.30025647468735794,,-0.01465181948958394,,0.0,,loco,False,flat
lasso,4.0,alpha=0.001,0.13245403383718074,,0.16614328367635986,,0.6893310458908875,,0.050724637681159424,,loco,False,flat
lasso,4.0,alpha=0.01,0.1372605066110216,,0.16860286467438093,,0.6800646896208279,,0.050724637681159424,,loco,False,flat
lasso,4.0,alpha=0.1,0.18768677891847646,,0.21297185753851466,,0.4895223719505142,,0.007246376811594203,,loco,False,flat
lasso,4.0,alpha=1.0,0.26800624715030463,,0.30025647468735794,,-0.01465181948958394,,0.0,,loco,False,flat
lasso,4.0,alpha=10.0,0.26800624715030463,,0.30025647468735794,,-0.01465181948958394,,0.0,,loco,False,flat
lasso,5.0,alpha=0.001,0.13019631515058028,,0.1631490547355568,,0.7004278752032318,,0.057971014492753624,,loco,False,flat
lasso,5.0,alpha=0.01,0.1376419018396417,,0.16910590220718863,,0.6781527463551985,,0.050724637681159424,,loco,False,flat
lasso,5.0,alpha=0.1,0.18768677891847646,,0.21297185753851466,,0.4895223719505142,,0.007246376811594203,,loco,False,flat
lasso,5.0,alpha=1.0,0.26800624715030463,,0.30025647468735794,,-0.01465181948958394,,0.0,,loco,False,flat
lasso,5.0,alpha=10.0,0.26800624715030463,,0.30025647468735794,,-0.01465181948958394,,0.0,,loco,False,flat
lasso,6.0,alpha=0.001,0.1298451574272553,,0.16281456791758195,,0.7016549765105755,,0.057971014492753624,,loco,False,flat
lasso,6.0,alpha=0.01,0.13792780313390246,,0.16953564030975213,,0.6765148878826128,,0.050724637681159424,,loco,False,flat
lasso,6.0,alpha=0.1,0.18768677891847646,,0.21297185753851466,,0.4895223719505142,,0.007246376811594203,,loco,False,flat
lasso,6.0,alpha=1.0,0.26800624715030463,,0.30025647468735794,,-0.01465181948958394,,0.0,,loco,False,flat
lasso,6.0,alpha=10.0,0.26800624715030463,,0.30025647468735794,,-0.01465181948958394,,0.0,,loco,False,flat
lasso,7.0,alpha=0.001,0.12996764042253403,,0.16337200179062927,,0.6996085709504298,,0.043478260869565216,,loco,False,flat
lasso,7.0,alpha=0.01,0.1341581374908078,,0.16547849208984508,,0.6918122405119569,,0.043478260869565216,,loco,False,flat
lasso,7.0,alpha=0.1,0.18768677891847646,,0.21297185753851466,,0.4895223719505142,,0.007246376811594203,,loco,False,flat
lasso,7.0,alpha=1.0,0.26800624715030463,,0.30025647468735794,,-0.01465181948958394,,0.0,,loco,False,flat
lasso,7.0,alpha=10.0,0.26800624715030463,,0.30025647468735794,,-0.01465181948958394,,0.0,,loco,False,flat
lasso,8.0,alpha=0.001,0.13040516165314897,,0.16409037737806292,,0.6969610143453997,,0.043478260869565216,,loco,False,flat
lasso,8.0,alpha=0.01,0.1341581374908078,,0.16547849208984508,,0.6918122405119569,,0.043478260869565216,,loco,False,flat
lasso,8.0,alpha=0.1,0.18768677891847646,,0.21297185753851466,,0.4895223719505142,,0.007246376811594203,,loco,False,flat
lasso,8.0,alpha=1.0,0.26800624715030463,,0.30025647468735794,,-0.01465181948958394,,0.0,,loco,False,flat
lasso,8.0,alpha=10.0,0.26800624715030463,,0.30025647468735794,,-0.01465181948958394,,0.0,,loco,False,flat
lasso,9.0,alpha=0.001,0.1306866028436747,,0.16436753819585825,,0.6959364391381144,,0.043478260869565216,,loco,False,flat
lasso,9.0,alpha=0.01,0.1341581374908078,,0.16547849208984508,,0.6918122405119569,,0.043478260869565216,,loco,False,flat
lasso,9.0,alpha=0.1,0.18768677891847646,,0.21297185753851466,,0.4895223719505142,,0.007246376811594203,,loco,False,flat
lasso,9.0,alpha=1.0,0.26800624715030463,,0.30025647468735794,,-0.01465181948958394,,0.0,,loco,False,flat
lasso,9.0,alpha=10.0,0.26800624715030463,,0.30025647468735794,,-0.01465181948958394,,0.0,,loco,False,flat
lasso,10.0,alpha=0.001,0.12963988095315537,,0.1655079707376679,,0.6917024284449476,,0.043478260869565216,,loco,False,flat
lasso,10.0,alpha=0.01,0.13394250763063856,,0.16686599466980936,,0.6866223935206155,,0.043478260869565216,,loco,False,flat
lasso,10.0,alpha=0.1,0.18768677891847646,,0.21297185753851466,,0.4895223719505142,,0.007246376811594203,,loco,False,flat
lasso,10.0,alpha=1.0,0.26800624715030463,,0.30025647468735794,,-0.01465181948958394,,0.0,,loco,False,flat
lasso,10.0,alpha=10.0,0.26800624715030463,,0.30025647468735794,,-0.01465181948958394,,0.0,,loco,False,flat
ridge,0.0,alpha=0.01,0.16710288790344544,,0.204965128624085,,0.5271839234657463,,0.057971014492753624,,loco,False,flat
ridge,0.0,alpha=0.1,0.16710605286612737,,0.20496050297688884,,0.5272052642244833,,0.057971014492753624,,loco,False,flat
ridge,0.0,alpha=1.0,0.16713755613002718,,0.20491874589745362,,0.5273978917400888,,0.057971014492753624,,loco,False,flat
ridge,0.0,alpha=10.0,0.16781853028800803,,0.20490174034545108,,0.5274763279633505,,0.043478260869565216,,loco,False,flat
ridge,0.0,alpha=100.0,0.18714045724166278,,0.21947858472476908,,0.45785360021987875,,0.007246376811594203,,loco,False,flat
ridge,1.0,alpha=0.01,0.1591455486533866,,0.19651797039640548,,0.5653528699532584,,0.06521739130434782,,loco,False,flat
ridge,1.0,alpha=0.1,0.1591574940262436,,0.1964994505578569,,0.5654347883178867,,0.06521739130434782,,loco,False,flat
ridge,1.0,alpha=1.0,0.15929023155921854,,0.19633701674106172,,0.566152947176853,,0.06521739130434782,,loco,False,flat
ridge,1.0,alpha=10.0,0.16067137433153822,,0.19593016851137346,,0.5679491140638834,,0.057971014492753624,,loco,False,flat
ridge,1.0,alpha=100.0,0.17701347230559528,,0.20889286610982727,,0.5088891903348942,,0.007246376811594203,,loco,False,flat
ridge,2.0,alpha=0.01,0.14597010669039745,,0.17953495732043798,,0.6372308715720222,,0.06521739130434782,,loco,False,flat
ridge,2.0,alpha=0.1,0.14594266390921867,,0.1795122713851927,,0.6373225443818817,,0.06521739130434782,,loco,False,flat
ridge,2.0,alpha=1.0,0.14572093038284156,,0.1793095302628636,,0.6381412974582197,,0.057971014492753624,,loco,False,flat
ridge,2.0,alpha=10.0,0.14513520636136867,,0.17857506734100548,,0.641099617528745,,0.050724637681159424,,loco,False,flat
ridge,2.0,alpha=100.0,0.16260108489104175,,0.1916054702094839,,0.5868116351911846,,0.007246376811594203,,loco,False,flat
ridge,3.0,alpha=0.01,0.13220560836006232,,0.169219305561007,,0.6777209365180314,,0.043478260869565216,,loco,False,flat
ridge,3.0,alpha=0.1,0.1323726366632343,,0.16918017161970808,,0.6778699808787612,,0.043478260869565216,,loco,False,flat
ridge,3.0,alpha=1.0,0.13375262188715115,,0.16926380633762397,,0.6775514103008082,,0.050724637681159424,,loco,False,flat
ridge,3.0,alpha=10.0,0.13944358242934946,,0.1727591904136198,,0.6640964479375411,,0.050724637681159424,,loco,False,flat
ridge,3.0,alpha=100.0,0.15849567032921516,,0.1884100533029621,,0.6004782559274424,,0.007246376811594203,,loco,False,flat
ridge,4.0,alpha=0.01,0.13099051446596216,,0.16548139211826676,,0.6918014383698537,,0.050724637681159424,,loco,False,flat
ridge,4.0,alpha=0.1,0.13117940637587028,,0.16543664381186088,,0.6919680975792271,,0.050724637681159424,,loco,False,flat
ridge,4.0,alpha=1.0,0.1326978882285972,,0.16576337256418097,,0.6907502022078883,,0.050724637681159424,,loco,False,flat
ridge,4.0,alpha=10.0,0.1387822435662313,,0.17130590207112706,,0.6697240668296967,,0.050724637681159424,,loco,False,flat
ridge,4.0,alpha=100.0,0.15550829326316035,,0.1852431343115714,,0.6137962225454859,,0.014492753623188406,,loco,False,flat
ridge,5.0,alpha=0.01,0.128622631339684,,0.162743041909573,,0.701917050617385,,0.043478260869565216,,loco,False,flat
ridge,5.0,alpha=0.1,0.12874665803968505,,0.16268919343013216,,0.7021142775814484,,0.043478260869565216,,loco,False,flat
ridge,5.0,alpha=1.0,0.1307942919416824,,0.16322438027318567,,0.7001511878439454,,0.057971014492753624,,loco,False,flat
ridge,5.0,alpha=10.0,0.13856458246270353,,0.1701952257165585,,0.6739929271478471,,0.050724637681159424,,loco,False,flat
ridge,5.0,alpha=100.0,0.15467281962262425,,0.18452117783551816,,0.6168006954054929,,0.014492753623188406,,loco,False,flat
ridge,6.0,alpha=0.01,0.1294244228624934,,0.16363842990013472,,0.6986280115080201,,0.043478260869565216,,loco,False,flat
ridge,6.0,alpha=0.1,0.1294441024559851,,0.1635608967487814,,0.6989135286012879,,0.043478260869565216,,loco,False,flat
ridge,6.0,alpha=1.0,0.1309185879023671,,0.16383334063423244,,0.6979096519061302,,0.050724637681159424,,loco,False,flat
ridge,6.0,alpha=10.0,0.13762206186120396,,0.1692052061929159,,0.6777746389230691,,0.050724637681159424,,loco,False,flat
ridge,6.0,alpha=100.0,0.15501754972001736,,0.18492085269920044,,0.6151388699233671,,0.014492753623188406,,loco,False,flat
ridge,7.0,alpha=0.01,0.13029329094773565,,0.16488052935281247,,0.6940355123565236,,0.050724637681159424,,loco,False,flat
ridge,7.0,alpha=0.1,0.1302905364218739,,0.16470552930991528,,0.6946846536911959,,0.043478260869565216,,loco,False,flat
ridge,7.0,alpha=1.0,0.13105568597940662,,0.16439497203384593,,0.6958349309365557,,0.043478260869565216,,loco,False,flat
ridge,7.0,alpha=10.0,0.1346257048765819,,0.16646400723882712,,0.6881304553753425,,0.050724637681159424,,loco,False,flat
ridge,7.0,alpha=100.0,0.15206453403856857,,0.18064393166787393,,0.6327354333854862,,0.021739130434782608,,loco,False,flat
ridge,8.0,alpha=0.01,0.13176156276600867,,0.16716459954060095,,0.6854998184080263,,0.043478260869565216,,loco,False,flat
ridge,8.0,alpha=0.1,0.13172779900411685,,0.16697362800045845,,0.6862179881296987,,0.043478260869565216,,loco,False,flat
ridge,8.0,alpha=1.0,0.13247392116369544,,0.16646640142816466,,0.6881214843056151,,0.043478260869565216,,loco,False,flat
ridge,8.0,alpha=10.0,0.1353501165606165,,0.1674498877926283,,0.6844254310136956,,0.050724637681159424,,loco,False,flat
ridge,8.0,alpha=100.0,0.1519975846767099,,0.18072842962322339,,0.6323917698847763,,0.014492753623188406,,loco,False,flat
ridge,9.0,alpha=0.01,0.13246891393902052,,0.16858686561956654,,0.6801254053117239,,0.050724637681159424,,loco,False,flat
ridge,9.0,alpha=0.1,0.13229564189261245,,0.16805938016684252,,0.6821239623094271,,0.050724637681159424,,loco,False,flat
ridge,9.0,alpha=1.0,0.13264120944951782,,0.1668631097518352,,0.6866332292918733,,0.043478260869565216,,loco,False,flat
ridge,9.0,alpha=10.0,0.135626865623348,,0.16782036412446677,,0.6830274934826177,,0.050724637681159424,,loco,False,flat
ridge,9.0,alpha=100.0,0.15198382259787957,,0.18076909909554284,,0.632226304883785,,0.014492753623188406,,loco,False,flat
ridge,10.0,alpha=0.01,0.1319513168147596,,0.1702615586818009,,0.6737387575038217,,0.050724637681159424,,loco,False,flat
ridge,10.0,alpha=0.1,0.1316903919855652,,0.1696381120270147,,0.6761237241997076,,0.050724637681159424,,loco,False,flat
ridge,10.0,alpha=1.0,0.13176338376481705,,0.16818892636268704,,0.6816337129373273,,0.043478260869565216,,loco,False,flat
ridge,10.0,alpha=10.0,0.13440329967627207,,0.16854731260300637,,0.6802754824950081,,0.036231884057971016,,loco,False,flat
ridge,10.0,alpha=100.0,0.15000293760593503,,0.17990592651240744,,0.6357301587485424,,0.021739130434782608,,loco,False,flat
lasso,,,0.132302269399563,,0.1655691840837605,,0.691474337728028,,0.057971014492753624,,loco,False,nested
ridge,,,0.13450369948049393,,0.16792270721562608,,0.6826407723854397,,0.057971014492753624,,loco,False,nested
lasso,0.0,alpha=0.001,0.17019142655701894,,0.2083159326706339,,0.5115982055638792,,0.050724637681159424,,lodo,False,flat
lasso,0.0,alpha=0.01,0.17158679498104448,,0.2091381425109506,,0.5077352149655567,,0.050724637681159424,,lodo,False,flat
lasso,0.0,alpha=0.1,0.19708569707937934,,0.2289184204524533,,0.4102149534815279,,0.007246376811594203,,lodo,False,flat
lasso,0.0,alpha=1.0,0.2691551143650205,,0.3017122552843907,,-0.02451466282231296,,0.0,,lodo,False,flat
lasso,0.0,alpha=10.0,0.2691551143650205,,0.3017122552843907,,-0.02451466282231296,,0.0,,lodo,False,flat
lasso,1.0,alpha=0.001,0.16144581425893376,,0.19780062087603392,,0.5596605689444805,,0.06521739130434782,,lodo,False,flat
lasso,1.0,alpha=0.01,0.16429004140208633,,0.19967621183820422,,0.5512701774028395,,0.057971014492753624,,lodo,False,flat
lasso,1.0,alpha=0.1,0.1974752593047238,,0.22948331260591368,,0.40730058763224897,,0.007246376811594203,,lodo,False,flat
lasso,1.0,alpha=1.0,0.2691551143650205,,0.3017122552843907,,-0.02451466282231296,,0.0,,lodo,False,flat
lasso,1.0,alpha=10.0,0.2691551143650205,,0.3017122552843907,,-0.02451466282231296,,0.0,,lodo,False,flat
lasso,2.0,alpha=0.001,0.14631776010310452,,0.1808952671584067,,0.6317127493276216,,0.050724637681159424,,lodo,False,flat
lasso,2.0,alpha=0.01,0.14754360410495854,,0.1801031551247121,,0.6349310320297632,,0.050724637681159424,,lodo,False,flat
lasso,2.0,alpha=0.1,0.187233943030468,,0.2141050671050512,,0.4840754818234111,,0.007246376811594203,,lodo,False,flat
lasso,2.0,alpha=1.0,0.2691551143650205,,0.3017122552843907,,-0.02451466282231296,,0.0,,lodo,False,flat
lasso,2.0,alpha=10.0,0.2691551143650205,,0.3017122552843907,,-0.02451466282231296,,0.0,,lodo,False,flat
lasso,3.0,alpha=0.001,0.1319780144281362,,0.16813256956224357,,0.6818470337506843,,0.050724637681159424,,lodo,False,flat
lasso,3.0,alpha=0.01,0.13634430423295055,,0.16875248199255893,,0.6794966197713612,,0.043478260869565216,,lodo,False,flat
lasso,3.0,alpha=0.1,0.1864407046790072,,0.21278784400191847,,0.49040412425013225,,0.007246376811594203,,lodo,False,flat
lasso,3.0,alpha=1.0,0.2691551143650205,,0.3017122552843907,,-0.02451466282231296,,0.0,,lodo,False,flat
lasso,3.0,alpha=10.0,0.2691551143650205,,0.3017122552843907,,-0.02451466282231296,,0.0,,lodo,False,flat
lasso,4.0,alpha=0.001,0.1332060106138792,,0.1684982730287635,,0.6804615059089951,,0.050724637681159424,,lodo,False,flat
lasso,4.0,alpha=0.01,0.13528350379084808,,0.16732583705235465,,0.6848928276636885,,0.050724637681159424,,lodo,False,flat
lasso,4.0,alpha=0.1,0.18731088518116532,,0.2132429488319732,,0.48822197369437126,,0.007246376811594203,,lodo,False,flat
lasso,4.0,alpha=1.0,0.2691551143650205,,0.3017122552843907,,-0.02451466282231296,,0.0,,lodo,False,flat
lasso,4.0,alpha=10.0,0.2691551143650205,,0.3017122552843907,,-0.02451466282231296,,0.0,,lodo,False,flat
lasso,5.0,alpha=0.001,0.13124194067517472,,0.16568693038493978,,0.6910353590232765,,0.050724637681159424,,lodo,False,flat
lasso,5.0,alpha=0.01,0.13574697891079984,,0.1677798033414729,,0.6831806941915546,,0.050724637681159424,,lodo,False,flat
lasso,5.0,alpha=0.1,0.18731088518116532,,0.2132429488319732,,0.48822197369437126,,0.007246376811594203,,lodo,False,flat
lasso,5.0,alpha=1.0,0.2691551143650205,,0.3017122552843907,,-0.02451466282231296,,0.0,,lodo,False,flat
lasso,5.0,alpha=10.0,0.2691551143650205,,0.3017122552843907,,-0.02451466282231296,,0.0,,lodo,False,flat
lasso,6.0,alpha=0.001,0.13188615774385898,,0.16701868125853173,,0.6860486343298602,,0.050724637681159424,,lodo,False,flat
lasso,6.0,alpha=0.01,0.13586803275225381,,0.16817408701977865,,0.6816898895024716,,0.050724637681159424,,lodo,False,flat
lasso,6.0,alpha=0.1,0.18731088518116532,,0.2132429488319732,,0.48822197369437126,,0.007246376811594203,,lodo,False,flat
lasso,6.0,alpha=1.0,0.2691551143650205,,0.3017122552843907,,-0.02451466282231296,,0.0,,lodo,False,flat
lasso,6.0,alpha=10.0,0.2691551143650205,,0.3017122552843907,,-0.02451466282231296,,0.0,,lodo,False,flat
lasso,7.0,alpha=0.001,0.13145659123876569,,0.16672878288515683,,0.6871375544667806,,0.043478260869565216,,lodo,False,flat
lasso,7.0,alpha=0.01,0.1346357375369424,,0.16658337365538567,,0.6876830301607987,,0.043478260869565216,,lodo,False,flat
lasso,7.0,alpha=0.1,0.18731088518116532,,0.2132429488319732,,0.48822197369437126,,0.007246376811594203,,lodo,False,flat
lasso,7.0,alpha=1.0,0.2691551143650205,,0.3017122552843907,,-0.02451466282231296,,0.0,,lodo,False,flat
lasso,7.0,alpha=10.0,0.2691551143650205,,0.3017122552843907,,-0.02451466282231296,,0.0,,lodo,False,flat
lasso,8.0,alpha=0.001,0.13191446289475028,,0.16785248400431985,,0.6829061483385549,,0.043478260869565216,,lodo,False,flat
lasso,8.0,alpha=0.01,0.1346459278226094,,0.16660743686993215,,0.6875927943480815,,0.043478260869565216,,lodo,False,flat
lasso,8.0,alpha=0.1,0.18731088518116532,,0.2132429488319732,,0.48822197369437126,,0.007246376811594203,,lodo,False,flat
lasso,8.0,alpha=1.0,0.2691551143650205,,0.3017122552843907,,-0.02451466282231296,,0.0,,lodo,False,flat
lasso,8.0,alpha=10.0,0.2691551143650205,,0.3017122552843907,,-0.02451466282231296,,0.0,,lodo,False,flat
lasso,9.0,alpha=0.001,0.1319882905567602,,0.16789082461938976,,0.6827612715810004,,0.043478260869565216,,lodo,False,flat
lasso,9.0,alpha=0.01,0.1346475582547275,,0.16661039728763866,,0.6875816920340743,,0.043478260869565216,,lodo,False,flat
lasso,9.0,alpha=0.1,0.18731088518116532,,0.2132429488319732,,0.48822197369437126,,0.007246376811594203,,lodo,False,flat
lasso,9.0,alpha=1.0,0.2691551143650205,,0.3017122552843907,,-0.02451466282231296,,0.0,,lodo,False,flat
lasso,9.0,alpha=10.0,0.2691551143650205,,0.3017122552843907,,-0.02451466282231296,,0.0,,lodo,False,flat
lasso,10.0,alpha=0.001,0.13110365503113122,,0.16917977167043532,,0.6778715039356698,,0.043478260869565216,,lodo,False,flat
lasso,10.0,alpha=0.01,0.13394945019799132,,0.16751208538772175,,0.6841909534057233,,0.043478260869565216,,lodo,False,flat
lasso,10.0,alpha=0.1,0.18731088518116532,,0.2132429488319732,,0.48822197369437126,,0.007246376811594203,,lodo,False,flat
lasso,10.0,alpha=1.0,0.2691551143650205,,0.3017122552843907,,-0.02451466282231296,,0.0,,lodo,False,flat
lasso,10.0,alpha=10.0,0.2691551143650205,,0.3017122552843907,,-0.02451466282231296,,0.0,,lodo,False,flat
ridge,0.0,alpha=0.01,0.17008699445502803,,0.2082628628639503,,0.5118470207833198,,0.050724637681159424,,lodo,False,flat
ridge,0.0,alpha=0.1,0.17008845828472555,,0.20825861243189198,,0.5118669459862176,,0.050724637681159424,,lodo,False,flat
ridge,0.0,alpha=1.0,0.17010303600221138,,0.20822096831013495,,0.5120433965941635,,0.050724637681159424,,lodo,False,flat
ridge,0.0,alpha=10.0,0.17093534620009665,,0.2082738595909665,,0.511795468368223,,0.043478260869565216,,lodo,False,flat
ridge,0.0,alpha=100.0,0.19028276256458884,,0.22373456500024713,,0.4366238678375072,,0.007246376811594203,,lodo,False,flat
ridge,1.0,alpha=0.01,0.1612199426648352,,0.19782096639276645,,0.5595699787939035,,0.06521739130434782,,lodo,False,flat
ridge,1.0,alpha=0.1,0.1612292027140943,,0.1978078039199474,,0.5596285868921778,,0.06521739130434782,,lodo,False,flat
ridge,1.0,alpha=1.0,0.16134135851030731,,0.19769910701982918,,0.5601124288328287,,0.06521739130434782,,lodo,False,flat
ridge,1.0,alpha=10.0,0.16276748264345484,,0.19772594483180236,,0.5599929905469054,,0.06521739130434782,,lodo,False,flat
ridge,1.0,alpha=100.0,0.17961960689113438,,0.21216115794522628,,0.493401347699017,,0.007246376811594203,,lodo,False,flat
ridge,2.0,alpha=0.01,0.14655865183093958,,0.1816023189352942,,0.6288281293099703,,0.057971014492753624,,lodo,False,flat
ridge,2.0,alpha=0.1,0.14652466389164576,,0.18156343089977373,,0.6289870766133268,,0.050724637681159424,,lodo,False,flat
ridge,2.0,alpha=1.0,0.14649749281477661,,0.18125504879343168,,0.6302463233836528,,0.050724637681159424,,lodo,False,flat
ridge,2.0,alpha=10.0,0.14700064709840951,,0.18067787200874602,,0.6325974131877508,,0.050724637681159424,,lodo,False,flat
ridge,2.0,alpha=100.0,0.16572972584196316,,0.19566746475495092,,0.5691069275855138,,0.007246376811594203,,lodo,False,flat
ridge,3.0,alpha=0.01,0.1331781248381715,,0.1704056360652012,,0.6731863514836227,,0.050724637681159424,,lodo,False,flat
ridge,3.0,alpha=0.1,0.13323728075122435,,0.17028536762060495,,0.6736475040565865,,0.050724637681159424,,lodo,False,flat
ridge,3.0,alpha=1.0,0.13378858765407475,,0.16966707937294725,,0.6760131047518971,,0.050724637681159424,,lodo,False,flat
ridge,3.0,alpha=10.0,0.13760847960154232,,0.17094270538812287,,0.6711230607891683,,0.050724637681159424,,lodo,False,flat
ridge,3.0,alpha=100.0,0.15756145118098705,,0.18751829783988536,,0.6042512240374357,,0.007246376811594203,,lodo,False,flat
ridge,4.0,alpha=0.01,0.1324261445873312,,0.1688569852269065,,0.6790995410410294,,0.050724637681159424,,lodo,False,flat
ridge,4.0,alpha=0.1,0.1324788358729412,,0.16868831740150458,,0.6797403028079867,,0.050724637681159424,,lodo,False,flat
ridge,4.0,alpha=1.0,0.13310020603057146,,0.16794227460974906,,0.6825668067497509,,0.050724637681159424,,lodo,False,flat
ridge,4.0,alpha=10.0,0.1374719396694991,,0.16991610827390913,,0.6750613430862246,,0.050724637681159424,,lodo,False,flat
ridge,4.0,alpha=100.0,0.15301725777145966,,0.18272005754648693,,0.6242450394162703,,0.014492753623188406,,lodo,False,flat
ridge,5.0,alpha=0.01,0.13015241206337647,,0.16608825532518376,,0.6895368052668833,,0.036231884057971016,,lodo,False,flat
ridge,5.0,alpha=0.1,0.13027935893356163,,0.16593085235752628,,0.690124982581618,,0.043478260869565216,,lodo,False,flat
ridge,5.0,alpha=1.0,0.1315613681570559,,0.16542858904351007,,0.691998091722738,,0.050724637681159424,,lodo,False,flat
ridge,5.0,alpha=10.0,0.1369714541121268,,0.16867615949332462,,0.6797864654318944,,0.050724637681159424,,lodo,False,flat
ridge,5.0,alpha=100.0,0.15250429520610795,,0.1819514728776586,,0.6273995054316144,,0.014492753623188406,,lodo,False,flat
ridge,6.0,alpha=0.01,0.13119736632759516,,0.16777377972024274,,0.6832034426416178,,0.036231884057971016,,lodo,False,flat
ridge,6.0,alpha=0.1,0.13119435490585565,,0.16752262526671588,,0.6841512106749674,,0.036231884057971016,,lodo,False,flat
ridge,6.0,alpha=1.0,0.13168512485766923,,0.16654893795496287,,0.6878121395883012,,0.043478260869565216,,lodo,False,flat
ridge,6.0,alpha=10.0,0.13608122799114852,,0.16864873559038882,,0.6798905796239023,,0.050724637681159424,,lodo,False,flat
ridge,6.0,alpha=100.0,0.15294418561558004,,0.1825481363625588,,0.6249518019621728,,0.014492753623188406,,lodo,False,flat
ridge,7.0,alpha=0.01,0.1316343049803305,,0.16870290631225512,,0.6796849054663179,,0.036231884057971016,,lodo,False,flat
ridge,7.0,alpha=0.1,0.13156666453924826,,0.16833522131009804,,0.6810796260964443,,0.036231884057971016,,lodo,False,flat
ridge,7.0,alpha=1.0,0.1315157704566522,,0.1667175528266189,,0.6871796989026933,,0.043478260869565216,,lodo,False,flat
ridge,7.0,alpha=10.0,0.13374102179921668,,0.16612184448388642,,0.6894112183976432,,0.050724637681159424,,lodo,False,flat
ridge,7.0,alpha=100.0,0.15000551239963236,,0.1786577950486768,,0.6407670080129926,,0.014492753623188406,,lodo,False,flat
ridge,8.0,alpha=0.01,0.1323357066692101,,0.17049077448284594,,0.6728597032766324,,0.036231884057971016,,lodo,False,flat
ridge,8.0,alpha=0.1,0.13225996525481182,,0.17011491265029396,,0.6743005321338507,,0.036231884057971016,,lodo,False,flat
ridge,8.0,alpha=1.0,0.13221305481879342,,0.1684240987597507,,0.6807427707195304,,0.043478260869565216,,lodo,False,flat
ridge,8.0,alpha=10.0,0.1343397837284239,,0.1670636584384433,,0.685879520931817,,0.050724637681159424,,lodo,False,flat
ridge,8.0,alpha=100.0,0.14988505404079272,,0.1786264217832153,,0.640893163409162,,0.014492753623188406,,lodo,False,flat
ridge,9.0,alpha=0.01,0.13304551522148642,,0.17168669638262468,,0.6682541001977842,,0.036231884057971016,,lodo,False,flat
ridge,9.0,alpha=0.1,0.13278356988264972,,0.1710515879094912,,0.6707039688531362,,0.036231884057971016,,lodo,False,flat
ridge,9.0,alpha=1.0,0.1325670748528527,,0.16884739114112238,,0.6791360057340767,,0.043478260869565216,,lodo,False,flat
ridge,9.0,alpha=10.0,0.1345236875152564,,0.16730879847603308,,0.6849569983182848,,0.050724637681159424,,lodo,False,flat
ridge,9.0,alpha=100.0,0.14986886897163196,,0.1785825750299252,,0.6410694389701532,,0.014492753623188406,,lodo,False,flat
ridge,10.0,alpha=0.01,0.13360916275717052,,0.1739616937736968,,0.6594040095814094,,0.043478260869565216,,lodo,False,flat
ridge,10.0,alpha=0.1,0.13308822795577124,,0.17312910558539576,,0.6626564220923983,,0.043478260869565216,,lodo,False,flat
ridge,10.0,alpha=1.0,0.1319926373962386,,0.1704473866489493,,0.673026188563703,,0.043478260869565216,,lodo,False,flat
ridge,10.0,alpha=10.0,0.1332066745992031,,0.16824901945742596,,0.6814061708074016,,0.036231884057971016,,lodo,False,flat
ridge,10.0,alpha=100.0,0.1486275995851144,,0.17828315279568674,,0.6422720388731249,,0.014492753623188406,,lodo,False,flat
lasso,,,0.13356010940594115,,0.16890818091913534,,0.6789049241393943,,0.050724637681159424,,lodo,False,nested
ridge,,,0.13618702609677918,,0.1724446805863964,,0.6653183661927924,,0.036231884057971016,,lodo,False,nested
