donor,cell_line,timepoint,pool,n_cells
HPSI0114i,HPSI0114i-bezi_3,D30,pool10,288
HPSI0114i,HPSI0114i-bezi_3,D52,pool10,393
HPSI0114i,HPSI0114i-eipl_1,D11,pool1,3117
HPSI0114i,HPSI0114i-eipl_1,D30,pool1,2591
HPSI0114i,HPSI0114i-eipl_1,D52,pool1,25935
HPSI0114i,HPSI0114i-fikt_3,D52,pool14,283
HPSI0114i,HPSI0114i-kolf_2,D11,pool12,540
HPSI0114i,HPSI0114i-kolf_2,D30,pool10,120
HPSI0114i,HPSI0114i-kolf_2,D30,pool12,255
HPSI0114i,HPSI0114i-kolf_2,D52,pool10,243
HPSI0114i,HPSI0114i-kolf_2,D52,pool15,2423
HPSI0114i,HPSI0114i-lexy_2,D30,pool10,247
HPSI0114i,HPSI0114i-lexy_2,D52,pool10,453
HPSI0114i,HPSI0114i-lexy_2,D52,pool17,623
HPSI0114i,HPSI0114i-posc_1,D30,pool10,201
HPSI0114i,HPSI0114i-posc_1,D52,pool10,252
HPSI0114i,HPSI0114i-rozh_4,D52,pool17,545
HPSI0114i,HPSI0114i-vass_1,D52,pool17,230
HPSI0114i,HPSI0114i-wegi_1,D11,pool6,4502
HPSI0114i,HPSI0114i-wegi_1,D11,pool7,225
HPSI0114i,HPSI0114i-wegi_1,D30,pool6,2762
HPSI0114i,HPSI0114i-wegi_1,D30,pool7,617
HPSI0114i,HPSI0114i-wegi_1,D52,pool6,3472
HPSI0114i,HPSI0114i-wegi_1,D52,pool7,511
HPSI0114i,HPSI0114i-zapk_2,D52,pool15,4339
HPSI0115i,HPSI0115i-aion_2,D11,pool4,727
HPSI0115i,HPSI0115i-aion_2,D30,pool4,811
HPSI0115i,HPSI0115i-aion_2,D52,pool4,1159
HPSI0115i,HPSI0115i-aoxv_1,D11,pool8,3433
HPSI0115i,HPSI0115i-aoxv_1,D30,pool8,3051
HPSI0115i,HPSI0115i-aoxv_1,D52,pool8,4009
HPSI0115i,HPSI0115i-bimq_4,D11,pool4,627
HPSI0115i,HPSI0115i-bimq_4,D30,pool4,726
HPSI0115i,HPSI0115i-bimq_4,D52,pool4,2134
HPSI0115i,HPSI0115i-boqx_2,D11,pool12,139
HPSI0115i,HPSI0115i-boqx_2,D11,pool4,144
HPSI0115i,HPSI0115i-boqx_2,D30,pool12,98
HPSI0115i,HPSI0115i-boqx_2,D30,pool4,124
HPSI0115i,HPSI0115i-boqx_2,D52,pool4,263
HPSI0115i,HPSI0115i-gifk_1,D11,pool4,159
HPSI0115i,HPSI0115i-gifk_1,D30,pool4,196
HPSI0115i,HPSI0115i-gifk_1,D52,pool4,386
HPSI0115i,HPSI0115i-gost_2,D11,pool2,3299
HPSI0115i,HPSI0115i-gost_2,D30,pool2,2845
HPSI0115i,HPSI0115i-gost_2,D52,pool2,2390
HPSI0115i,HPSI0115i-hecn_6,D11,pool2,1077
HPSI0115i,HPSI0115i-hecn_6,D11,pool3,718
HPSI0115i,HPSI0115i-hecn_6,D30,pool2,1258
HPSI0115i,HPSI0115i-hecn_6,D30,pool3,414
HPSI0115i,HPSI0115i-hecn_6,D52,pool2,2071
HPSI0115i,HPSI0115i-hecn_6,D52,pool3,1132
HPSI0115i,HPSI0115i-iiyk_2,D11,pool12,464
HPSI0115i,HPSI0115i-iiyk_2,D11,pool5,151
HPSI0115i,HPSI0115i-iiyk_2,D30,pool12,372
HPSI0115i,HPSI0115i-iiyk_2,D30,pool5,189
HPSI0115i,HPSI0115i-iiyk_2,D52,pool5,178
HPSI0115i,HPSI0115i-iuad_2,D11,pool7,191
HPSI0115i,HPSI0115i-iuad_2,D30,pool7,2206
HPSI0115i,HPSI0115i-iuad_2,D52,pool7,4626
HPSI0115i,HPSI0115i-jakt_1,D11,pool2,883
HPSI0115i,HPSI0115i-jakt_1,D30,pool2,2137
HPSI0115i,HPSI0115i-jakt_1,D52,pool2,7130
HPSI0115i,HPSI0115i-jotn_2,D30,pool10,566
HPSI0115i,HPSI0115i-jotn_2,D52,pool10,743
HPSI0115i,HPSI0115i-jotn_2,D52,pool17,1676
HPSI0115i,HPSI0115i-kozf_1,D30,pool10,750
HPSI0115i,HPSI0115i-kozf_1,D52,pool10,1935
HPSI0115i,HPSI0115i-melw_1,D11,pool5,29
HPSI0115i,HPSI0115i-melw_1,D30,pool5,65
HPSI0115i,HPSI0115i-melw_1,D52,pool5,14
HPSI0115i,HPSI0115i-paim_1,D11,pool1,4061
HPSI0115i,HPSI0115i-paim_1,D30,pool1,3918
HPSI0115i,HPSI0115i-paim_1,D52,pool1,21446
HPSI0115i,HPSI0115i-pitg_2,D11,pool5,4
HPSI0115i,HPSI0115i-pitg_2,D30,pool5,36
HPSI0115i,HPSI0115i-pitg_2,D52,pool5,8
HPSI0115i,HPSI0115i-qecv_2,D11,pool5,25
HPSI0115i,HPSI0115i-qecv_2,D30,pool5,34
HPSI0115i,HPSI0115i-qecv_2,D52,pool17,144
HPSI0115i,HPSI0115i-qecv_2,D52,pool5,14
HPSI0115i,HPSI0115i-quze_6,D11,pool9,676
HPSI0115i,HPSI0115i-quze_6,D30,pool9,596
HPSI0115i,HPSI0115i-quze_6,D52,pool9,474
HPSI0115i,HPSI0115i-sehp_2,D11,pool7,285
HPSI0115i,HPSI0115i-sehp_2,D30,pool7,1536
HPSI0115i,HPSI0115i-sehp_2,D52,pool7,1261
HPSI0115i,HPSI0115i-tiku_3,D11,pool9,125
HPSI0115i,HPSI0115i-tiku_3,D30,pool9,211
HPSI0115i,HPSI0115i-tiku_3,D52,pool17,993
HPSI0115i,HPSI0115i-tiku_3,D52,pool9,206
HPSI0115i,HPSI0115i-timk_4,D30,pool10,5838
HPSI0115i,HPSI0115i-timk_4,D52,pool10,11807
HPSI0115i,HPSI0115i-uupc_2,D11,pool7,69
HPSI0115i,HPSI0115i-uupc_2,D30,pool7,186
HPSI0115i,HPSI0115i-uupc_2,D52,pool7,144
HPSI0115i,HPSI0115i-zihe_1,D11,pool6,811
HPSI0115i,HPSI0115i-zihe_1,D30,pool6,169
HPSI0115i,HPSI0115i-zihe_1,D52,pool6,189
HPSI0213i,HPSI0213i-nawk_55,D52,pool14,284
HPSI0214i,HPSI0214i-datg_2,D11,pool9,4200
HPSI0214i,HPSI0214i-datg_2,D30,pool9,2845
HPSI0214i,HPSI0214i-datg_2,D52,pool9,1912
HPSI0214i,HPSI0214i-eiwy_1,D11,pool1,1434
HPSI0214i,HPSI0214i-eiwy_1,D30,pool1,241
HPSI0214i,HPSI0214i-eiwy_1,D52,pool1,830
HPSI0214i,HPSI0214i-feec_2,D11,pool4,870
HPSI0214i,HPSI0214i-feec_2,D11,pool5,321
HPSI0214i,HPSI0214i-feec_2,D30,pool4,702
HPSI0214i,HPSI0214i-feec_2,D30,pool5,192
HPSI0214i,HPSI0214i-feec_2,D52,pool4,1770
HPSI0214i,HPSI0214i-feec_2,D52,pool5,274
HPSI0214i,HPSI0214i-giju_3,D11,pool4,1057
HPSI0214i,HPSI0214i-giju_3,D30,pool4,1735
HPSI0214i,HPSI0214i-giju_3,D52,pool4,2649
HPSI0214i,HPSI0214i-heth_1,D11,pool6,1253
HPSI0214i,HPSI0214i-heth_1,D30,pool6,596
HPSI0214i,HPSI0214i-heth_1,D52,pool16,4286
HPSI0214i,HPSI0214i-heth_1,D52,pool6,797
HPSI0214i,HPSI0214i-kucg_2,D30,pool10,554
HPSI0214i,HPSI0214i-kucg_2,D52,pool10,1039
HPSI0214i,HPSI0214i-pelm_3,D11,pool2,2826
HPSI0214i,HPSI0214i-pelm_3,D11,pool3,2097
HPSI0214i,HPSI0214i-pelm_3,D30,pool2,3765
HPSI0214i,HPSI0214i-pelm_3,D30,pool3,1320
HPSI0214i,HPSI0214i-pelm_3,D52,pool2,6829
HPSI0214i,HPSI0214i-pelm_3,D52,pool3,5729
HPSI0214i,HPSI0214i-poih_2,D11,pool5,6370
HPSI0214i,HPSI0214i-poih_2,D30,pool5,3459
HPSI0214i,HPSI0214i-poih_2,D52,pool5,3564
HPSI0214i,HPSI0214i-rayr_1,D11,pool2,704
HPSI0214i,HPSI0214i-rayr_1,D30,pool2,509
HPSI0214i,HPSI0214i-rayr_1,D52,pool2,458
HPSI0215i,HPSI0215i-deyz_2,D11,pool4,1537
HPSI0215i,HPSI0215i-deyz_2,D30,pool4,6238
HPSI0215i,HPSI0215i-deyz_2,D52,pool4,11467
HPSI0215i,HPSI0215i-fawm_2,D11,pool4,1333
HPSI0215i,HPSI0215i-fawm_2,D30,pool4,956
HPSI0215i,HPSI0215i-fawm_2,D52,pool4,1579
HPSI0215i,HPSI0215i-hipn_1,D11,pool6,1851
HPSI0215i,HPSI0215i-hipn_1,D11,pool7,259
HPSI0215i,HPSI0215i-hipn_1,D30,pool6,519
HPSI0215i,HPSI0215i-hipn_1,D30,pool7,1181
HPSI0215i,HPSI0215i-hipn_1,D52,pool6,712
HPSI0215i,HPSI0215i-hipn_1,D52,pool7,1023
HPSI0215i,HPSI0215i-oilg_1,D11,pool9,2193
HPSI0215i,HPSI0215i-oilg_1,D30,pool9,1539
HPSI0215i,HPSI0215i-oilg_1,D52,pool9,997
HPSI0215i,HPSI0215i-romx_1,D11,pool8,2503
HPSI0215i,HPSI0215i-romx_1,D30,pool8,1421
HPSI0215i,HPSI0215i-romx_1,D52,pool8,2980
HPSI0215i,HPSI0215i-uiao_2,D11,pool7,162
HPSI0215i,HPSI0215i-uiao_2,D30,pool7,1882
HPSI0215i,HPSI0215i-uiao_2,D52,pool7,3837
HPSI0215i,HPSI0215i-yoch_6,D11,pool6,2402
HPSI0215i,HPSI0215i-yoch_6,D30,pool6,1325
HPSI0215i,HPSI0215i-yoch_6,D52,pool6,1242
HPSI0215i,HPSI0215i-zett_5,D11,pool8,2808
HPSI0215i,HPSI0215i-zett_5,D11,pool9,2502
HPSI0215i,HPSI0215i-zett_5,D30,pool8,3790
HPSI0215i,HPSI0215i-zett_5,D30,pool9,3469
HPSI0215i,HPSI0215i-zett_5,D52,pool8,10820
HPSI0215i,HPSI0215i-zett_5,D52,pool9,4017
HPSI0314i,HPSI0314i-bubh_3,D11,pool9,2167
HPSI0314i,HPSI0314i-bubh_3,D30,pool9,1963
HPSI0314i,HPSI0314i-bubh_3,D52,pool9,885
HPSI0314i,HPSI0314i-cuhk_2,D11,pool4,1063
HPSI0314i,HPSI0314i-cuhk_2,D30,pool4,1553
HPSI0314i,HPSI0314i-cuhk_2,D52,pool4,4652
HPSI0314i,HPSI0314i-hoik_1,D11,pool9,1008
HPSI0314i,HPSI0314i-hoik_1,D30,pool9,4065
HPSI0314i,HPSI0314i-hoik_1,D52,pool9,1429
HPSI0314i,HPSI0314i-qaqx_1,D11,pool11,190
HPSI0314i,HPSI0314i-qaqx_1,D11,pool6,657
HPSI0314i,HPSI0314i-qaqx_1,D30,pool11,35
HPSI0314i,HPSI0314i-qaqx_1,D30,pool6,215
HPSI0314i,HPSI0314i-qaqx_1,D52,pool11,242
HPSI0314i,HPSI0314i-qaqx_1,D52,pool6,209
HPSI0314i,HPSI0314i-sojd_3,D11,pool3,1152
HPSI0314i,HPSI0314i-sojd_3,D11,pool4,565
HPSI0314i,HPSI0314i-sojd_3,D30,pool3,713
HPSI0314i,HPSI0314i-sojd_3,D30,pool4,606
HPSI0314i,HPSI0314i-sojd_3,D52,pool3,3926
HPSI0314i,HPSI0314i-sojd_3,D52,pool4,921
HPSI0314i,HPSI0314i-uict_1,D11,pool6,670
HPSI0314i,HPSI0314i-uict_1,D30,pool6,179
HPSI0314i,HPSI0314i-uict_1,D52,pool6,157
HPSI0314i,HPSI0314i-wigw_2,D30,pool10,240
HPSI0314i,HPSI0314i-wigw_2,D52,pool10,148
HPSI0314i,HPSI0314i-xagu_1,D11,pool6,318
HPSI0314i,HPSI0314i-xagu_1,D30,pool6,74
HPSI0314i,HPSI0314i-xagu_1,D52,pool6,54
HPSI0314i,HPSI0314i-xugn_2,D11,pool8,1829
HPSI0314i,HPSI0314i-xugn_2,D30,pool8,1769
HPSI0314i,HPSI0314i-xugn_2,D52,pool8,1884
HPSI0413i,HPSI0413i-corn_1,D30,pool10,64
HPSI0413i,HPSI0413i-corn_1,D52,pool10,110
HPSI0413i,HPSI0413i-coxy_33,D52,pool15,2574
HPSI0413i,HPSI0413i-nudd_1,D30,pool10,469
HPSI0413i,HPSI0413i-nudd_1,D52,pool10,629
HPSI0413i,HPSI0413i-peop_4,D30,pool10,912
HPSI0413i,HPSI0413i-peop_4,D52,pool10,1220
HPSI0413i,HPSI0413i-yotv_2,D30,pool10,395
HPSI0413i,HPSI0413i-yotv_2,D52,pool10,470
HPSI0414i,HPSI0414i-ceik_1,D11,pool4,445
HPSI0414i,HPSI0414i-ceik_1,D30,pool4,340
HPSI0414i,HPSI0414i-ceik_1,D52,pool4,444
HPSI0414i,HPSI0414i-gesg_2,D11,pool9,1061
HPSI0414i,HPSI0414i-gesg_2,D30,pool9,310
HPSI0414i,HPSI0414i-gesg_2,D52,pool9,247
HPSI0414i,HPSI0414i-mita_1,D11,pool6,14640
HPSI0414i,HPSI0414i-mita_1,D30,pool6,13112
HPSI0414i,HPSI0414i-mita_1,D52,pool6,15851
HPSI0414i,HPSI0414i-oaqd_2,D11,pool8,1381
HPSI0414i,HPSI0414i-oaqd_2,D30,pool8,480
HPSI0414i,HPSI0414i-oaqd_2,D52,pool8,682
HPSI0414i,HPSI0414i-sebn_3,D11,pool3,1287
HPSI0414i,HPSI0414i-sebn_3,D30,pool3,836
HPSI0414i,HPSI0414i-sebn_3,D52,pool3,2290
HPSI0414i,HPSI0414i-seru_1,D30,pool7,632
HPSI0414i,HPSI0414i-seru_1,D52,pool7,497
HPSI0414i,HPSI0414i-uawq_2,D11,pool8,1532
HPSI0414i,HPSI0414i-uawq_2,D30,pool8,1853
HPSI0414i,HPSI0414i-uawq_2,D52,pool8,3998
HPSI0414i,HPSI0414i-voqc_2,D52,pool14,234
HPSI0414i,HPSI0414i-xojn_3,D11,pool7,143
HPSI0414i,HPSI0414i-xojn_3,D11,pool8,2177
HPSI0414i,HPSI0414i-xojn_3,D30,pool7,539
HPSI0414i,HPSI0414i-xojn_3,D30,pool8,1048
HPSI0414i,HPSI0414i-xojn_3,D52,pool7,398
HPSI0414i,HPSI0414i-xojn_3,D52,pool8,1488
HPSI0513i,HPSI0513i-aipt_33,D11,pool13,998
HPSI0513i,HPSI0513i-aipt_33,D52,pool13,1355
HPSI0513i,HPSI0513i-debk_9,D30,pool10,700
HPSI0513i,HPSI0513i-debk_9,D52,pool10,789
HPSI0513i,HPSI0513i-dipe_1,D11,pool11,377
HPSI0513i,HPSI0513i-dipe_1,D30,pool11,80
HPSI0513i,HPSI0513i-dipe_1,D52,pool11,957
HPSI0513i,HPSI0513i-dulv_1,D11,pool11,127
HPSI0513i,HPSI0513i-dulv_1,D30,pool11,9
HPSI0513i,HPSI0513i-dulv_1,D52,pool11,167
HPSI0513i,HPSI0513i-fejf_2,D11,pool11,498
HPSI0513i,HPSI0513i-fejf_2,D30,pool11,97
HPSI0513i,HPSI0513i-fejf_2,D52,pool11,954
HPSI0513i,HPSI0513i-giuf_1,D11,pool11,261
HPSI0513i,HPSI0513i-giuf_1,D30,pool11,34
HPSI0513i,HPSI0513i-giuf_1,D52,pool11,180
HPSI0513i,HPSI0513i-momt_2,D11,pool11,1218
HPSI0513i,HPSI0513i-momt_2,D30,pool11,320
HPSI0513i,HPSI0513i-momt_2,D52,pool11,3417
HPSI0513i,HPSI0513i-oarz_22,D52,pool15,2395
HPSI0513i,HPSI0513i-oibg_1,D11,pool11,360
HPSI0513i,HPSI0513i-oibg_1,D30,pool11,83
HPSI0513i,HPSI0513i-oibg_1,D52,pool11,2267
HPSI0513i,HPSI0513i-pedc_1,D11,pool11,28
HPSI0513i,HPSI0513i-pedc_1,D52,pool11,2
HPSI0513i,HPSI0513i-sucd_3,D11,pool11,592
HPSI0513i,HPSI0513i-sucd_3,D30,pool11,124
HPSI0513i,HPSI0513i-sucd_3,D52,pool11,1132
HPSI0513i,HPSI0513i-suzg_3,D52,pool16,547
HPSI0513i,HPSI0513i-uoxz_4,D11,pool11,942
HPSI0513i,HPSI0513i-uoxz_4,D30,pool11,148
HPSI0513i,HPSI0513i-uoxz_4,D52,pool11,1278
HPSI0513i,HPSI0513i-veve_2,D11,pool11,1079
HPSI0513i,HPSI0513i-veve_2,D30,pool11,240
HPSI0513i,HPSI0513i-veve_2,D52,pool11,1236
HPSI0514i,HPSI0514i-fiaj_1,D11,pool4,2125
HPSI0514i,HPSI0514i-fiaj_1,D11,pool5,8321
HPSI0514i,HPSI0514i-fiaj_1,D30,pool4,2488
HPSI0514i,HPSI0514i-fiaj_1,D30,pool5,10811
HPSI0514i,HPSI0514i-fiaj_1,D52,pool4,9736
HPSI0514i,HPSI0514i-fiaj_1,D52,pool5,26492
HPSI0514i,HPSI0514i-lako_1,D11,pool2,1337
HPSI0514i,HPSI0514i-lako_1,D11,pool4,607
HPSI0514i,HPSI0514i-lako_1,D30,pool2,2021
HPSI0514i,HPSI0514i-lako_1,D30,pool4,856
HPSI0514i,HPSI0514i-lako_1,D52,pool2,5120
HPSI0514i,HPSI0514i-lako_1,D52,pool4,2031
HPSI0514i,HPSI0514i-letw_1,D52,pool15,765
HPSI0514i,HPSI0514i-naah_2,D11,pool7,94
HPSI0514i,HPSI0514i-naah_2,D30,pool7,577
HPSI0514i,HPSI0514i-naah_2,D52,pool7,485
HPSI0514i,HPSI0514i-oekw_2,D11,pool8,1103
HPSI0514i,HPSI0514i-oekw_2,D30,pool8,689
HPSI0514i,HPSI0514i-oekw_2,D52,pool8,1190
HPSI0514i,HPSI0514i-oupf_6,D11,pool9,1807
HPSI0514i,HPSI0514i-oupf_6,D30,pool9,931
HPSI0514i,HPSI0514i-oupf_6,D52,pool9,383
HPSI0514i,HPSI0514i-puie_4,D52,pool16,2054
HPSI0514i,HPSI0514i-qihv_1,D11,pool6,1608
HPSI0514i,HPSI0514i-qihv_1,D30,pool6,947
HPSI0514i,HPSI0514i-qihv_1,D52,pool6,868
HPSI0514i,HPSI0514i-rutc_2,D11,pool7,251
HPSI0514i,HPSI0514i-rutc_2,D30,pool7,866
HPSI0514i,HPSI0514i-rutc_2,D52,pool7,931
HPSI0514i,HPSI0514i-sohd_2,D11,pool7,119
HPSI0514i,HPSI0514i-sohd_2,D30,pool7,812
HPSI0514i,HPSI0514i-sohd_2,D52,pool7,725
HPSI0514i,HPSI0514i-suul_1,D11,pool6,910
HPSI0514i,HPSI0514i-suul_1,D30,pool6,150
HPSI0514i,HPSI0514i-suul_1,D52,pool6,155
HPSI0514i,HPSI0514i-tert_1,D11,pool6,2265
HPSI0514i,HPSI0514i-tert_1,D30,pool6,1317
HPSI0514i,HPSI0514i-tert_1,D52,pool6,1434
HPSI0514i,HPSI0514i-uenn_3,D11,pool2,594
HPSI0514i,HPSI0514i-uenn_3,D11,pool3,276
HPSI0514i,HPSI0514i-uenn_3,D30,pool2,775
HPSI0514i,HPSI0514i-uenn_3,D30,pool3,165
HPSI0514i,HPSI0514i-uenn_3,D52,pool2,3288
HPSI0514i,HPSI0514i-uenn_3,D52,pool3,578
HPSI0514i,HPSI0514i-wiii_3,D11,pool7,155
HPSI0514i,HPSI0514i-wiii_3,D11,pool8,874
HPSI0514i,HPSI0514i-wiii_3,D30,pool7,3030
HPSI0514i,HPSI0514i-wiii_3,D30,pool8,2065
HPSI0514i,HPSI0514i-wiii_3,D52,pool7,9430
HPSI0514i,HPSI0514i-wiii_3,D52,pool8,2381
HPSI0514i,HPSI0514i-yewo_4,D11,pool7,168
HPSI0514i,HPSI0514i-yewo_4,D30,pool7,940
HPSI0514i,HPSI0514i-yewo_4,D52,pool7,1603
HPSI0613i,HPSI0613i-aevs_1,D11,pool11,1073
HPSI0613i,HPSI0613i-aevs_1,D30,pool11,433
HPSI0613i,HPSI0613i-aevs_1,D52,pool11,4110
HPSI0613i,HPSI0613i-bawa_1,D11,pool11,743
HPSI0613i,HPSI0613i-bawa_1,D30,pool11,180
HPSI0613i,HPSI0613i-bawa_1,D52,pool11,2362
HPSI0613i,HPSI0613i-bohf_1,D11,pool11,1031
HPSI0613i,HPSI0613i-bohf_1,D30,pool11,239
HPSI0613i,HPSI0613i-bohf_1,D52,pool11,2035
HPSI0613i,HPSI0613i-eojr_2,D11,pool11,125
HPSI0613i,HPSI0613i-eojr_2,D30,pool11,13
HPSI0613i,HPSI0613i-eojr_2,D52,pool11,85
HPSI0613i,HPSI0613i-hegp_3,D11,pool11,233
HPSI0613i,HPSI0613i-hegp_3,D30,pool11,65
HPSI0613i,HPSI0613i-hegp_3,D52,pool11,486
HPSI0613i,HPSI0613i-hikj_2,D11,pool11,300
HPSI0613i,HPSI0613i-hikj_2,D30,pool11,68
HPSI0613i,HPSI0613i-hikj_2,D52,pool11,960
HPSI0613i,HPSI0613i-liun_22,D52,pool15,570
HPSI0613i,HPSI0613i-lizq_3,D11,pool11,581
HPSI0613i,HPSI0613i-lizq_3,D30,pool11,63
HPSI0613i,HPSI0613i-lizq_3,D52,pool11,588
HPSI0613i,HPSI0613i-lizq_3,D52,pool16,404
HPSI0613i,HPSI0613i-nukw_1,D11,pool12,1255
HPSI0613i,HPSI0613i-nukw_1,D30,pool12,1545
HPSI0613i,HPSI0613i-oesx_3,D11,pool12,428
HPSI0613i,HPSI0613i-oesx_3,D30,pool12,427
HPSI0613i,HPSI0613i-oomz_22,D52,pool15,4356
HPSI0613i,HPSI0613i-qanu_1,D30,pool12,52
HPSI0613i,HPSI0613i-qony_1,D52,pool17,380
HPSI0613i,HPSI0613i-ueah_4,D11,pool12,420
HPSI0613i,HPSI0613i-ueah_4,D30,pool12,273
HPSI0613i,HPSI0613i-xavk_3,D52,pool14,43
HPSI0613i,HPSI0613i-xosg_2,D30,pool12,22
HPSI0614i,HPSI0614i-juzt_4,D11,pool7,194
HPSI0614i,HPSI0614i-juzt_4,D30,pool7,967
HPSI0614i,HPSI0614i-juzt_4,D52,pool7,2041
HPSI0614i,HPSI0614i-liqa_1,D11,pool1,3190
HPSI0614i,HPSI0614i-liqa_1,D30,pool1,1043
HPSI0614i,HPSI0614i-liqa_1,D52,pool1,3485
HPSI0614i,HPSI0614i-lirf_5,D11,pool5,1667
HPSI0614i,HPSI0614i-lirf_5,D30,pool5,681
HPSI0614i,HPSI0614i-lirf_5,D52,pool5,811
HPSI0614i,HPSI0614i-miaj_4,D11,pool8,3123
HPSI0614i,HPSI0614i-miaj_4,D30,pool8,1404
HPSI0614i,HPSI0614i-miaj_4,D52,pool8,1477
HPSI0614i,HPSI0614i-oicx_2,D11,pool5,128
HPSI0614i,HPSI0614i-oicx_2,D30,pool5,210
HPSI0614i,HPSI0614i-oicx_2,D52,pool5,140
HPSI0614i,HPSI0614i-paab_3,D11,pool5,15
HPSI0614i,HPSI0614i-paab_3,D30,pool5,40
HPSI0614i,HPSI0614i-paab_3,D52,pool5,6
HPSI0614i,HPSI0614i-puhk_2,D11,pool9,3128
HPSI0614i,HPSI0614i-puhk_2,D30,pool9,3893
HPSI0614i,HPSI0614i-puhk_2,D52,pool9,1907
HPSI0614i,HPSI0614i-qunz_2,D11,pool8,352
HPSI0614i,HPSI0614i-qunz_2,D30,pool8,304
HPSI0614i,HPSI0614i-qunz_2,D52,pool8,513
HPSI0614i,HPSI0614i-uevq_6,D11,pool2,1255
HPSI0614i,HPSI0614i-uevq_6,D30,pool2,2213
HPSI0614i,HPSI0614i-uevq_6,D52,pool2,16794
HPSI0614i,HPSI0614i-voce_1,D11,pool6,2430
HPSI0614i,HPSI0614i-voce_1,D30,pool6,925
HPSI0614i,HPSI0614i-voce_1,D52,pool6,1000
HPSI0614i,HPSI0614i-wihj_4,D11,pool7,367
HPSI0614i,HPSI0614i-wihj_4,D30,pool7,3066
HPSI0614i,HPSI0614i-wihj_4,D52,pool7,2660
HPSI0614i,HPSI0614i-xubw_1,D11,pool12,2
HPSI0614i,HPSI0614i-xubw_1,D30,pool12,32
HPSI0713i,HPSI0713i-aehn_22,D11,pool13,348
HPSI0713i,HPSI0713i-aehn_22,D52,pool13,507
HPSI0713i,HPSI0713i-dard_1,D11,pool12,1184
HPSI0713i,HPSI0713i-dard_1,D30,pool12,1179
HPSI0713i,HPSI0713i-fett_3,D11,pool12,1033
HPSI0713i,HPSI0713i-fett_3,D30,pool12,1065
HPSI0713i,HPSI0713i-nemb_1,D11,pool12,1225
HPSI0713i,HPSI0713i-nemb_1,D30,pool12,1067
HPSI0713i,HPSI0713i-nocf_2,D11,pool12,394
HPSI0713i,HPSI0713i-nocf_2,D30,pool12,208
HPSI0713i,HPSI0713i-pusf_3,D11,pool12,780
HPSI0713i,HPSI0713i-pusf_3,D30,pool12,485
HPSI0713i,HPSI0713i-terl_1,D11,pool12,1252
HPSI0713i,HPSI0713i-terl_1,D30,pool12,971
HPSI0713i,HPSI0713i-uimo_1,D11,pool12,1213
HPSI0713i,HPSI0713i-uimo_1,D30,pool12,999
HPSI0713i,HPSI0713i-veku_2,D11,pool12,923
HPSI0713i,HPSI0713i-veku_2,D30,pool12,498
HPSI0713i,HPSI0713i-wiol_1,D11,pool12,1406
HPSI0713i,HPSI0713i-wiol_1,D30,pool12,1564
HPSI0714i,HPSI0714i-burb_1,D11,pool4,832
HPSI0714i,HPSI0714i-burb_1,D11,pool5,1675
HPSI0714i,HPSI0714i-burb_1,D30,pool4,544
HPSI0714i,HPSI0714i-burb_1,D30,pool5,1219
HPSI0714i,HPSI0714i-burb_1,D52,pool4,1389
HPSI0714i,HPSI0714i-burb_1,D52,pool5,2842
HPSI0714i,HPSI0714i-iudw_1,D11,pool1,2640
HPSI0714i,HPSI0714i-iudw_1,D30,pool1,624
HPSI0714i,HPSI0714i-iudw_1,D52,pool1,1815
HPSI0714i,HPSI0714i-jilk_4,D11,pool5,8
HPSI0714i,HPSI0714i-jilk_4,D30,pool5,27
HPSI0714i,HPSI0714i-jilk_4,D52,pool5,18
HPSI0714i,HPSI0714i-keui_4,D11,pool7,364
HPSI0714i,HPSI0714i-keui_4,D30,pool7,2196
HPSI0714i,HPSI0714i-keui_4,D52,pool7,5715
HPSI0714i,HPSI0714i-kute_5,D11,pool13,497
HPSI0714i,HPSI0714i-kute_5,D11,pool5,60
HPSI0714i,HPSI0714i-kute_5,D30,pool5,121
HPSI0714i,HPSI0714i-kute_5,D52,pool13,533
HPSI0714i,HPSI0714i-kute_5,D52,pool5,90
HPSI0714i,HPSI0714i-oatm_1,D11,pool6,1300
HPSI0714i,HPSI0714i-oatm_1,D30,pool6,993
HPSI0714i,HPSI0714i-oatm_1,D52,pool6,902
HPSI0714i,HPSI0714i-pipw_4,D11,pool3,4143
HPSI0714i,HPSI0714i-pipw_4,D30,pool3,1912
HPSI0714i,HPSI0714i-pipw_4,D52,pool3,5391
HPSI0715i,HPSI0715i-aowh_2,D11,pool8,2016
HPSI0715i,HPSI0715i-aowh_2,D30,pool8,3306
HPSI0715i,HPSI0715i-aowh_2,D52,pool8,9547
HPSI0715i,HPSI0715i-meue_5,D11,pool2,1248
HPSI0715i,HPSI0715i-meue_5,D11,pool3,942
HPSI0715i,HPSI0715i-meue_5,D30,pool2,1450
HPSI0715i,HPSI0715i-meue_5,D30,pool3,312
HPSI0715i,HPSI0715i-meue_5,D52,pool2,2155
HPSI0715i,HPSI0715i-meue_5,D52,pool3,1476
HPSI0715i,HPSI0715i-zaie_5,D11,pool8,1603
HPSI0715i,HPSI0715i-zaie_5,D30,pool8,893
HPSI0715i,HPSI0715i-zaie_5,D52,pool8,1207
HPSI0813i,HPSI0813i-aizi_3,D11,pool12,777
HPSI0813i,HPSI0813i-aizi_3,D30,pool12,347
HPSI0813i,HPSI0813i-aizi_3,D52,pool16,609
HPSI0813i,HPSI0813i-civh_1,D11,pool12,441
HPSI0813i,HPSI0813i-civh_1,D30,pool12,212
HPSI0813i,HPSI0813i-ffdc_1,D52,pool14,111
HPSI0813i,HPSI0813i-guss_1,D11,pool13,813
HPSI0813i,HPSI0813i-guss_1,D52,pool13,1168
HPSI0813i,HPSI0813i-iill_3,D11,pool13,513
HPSI0813i,HPSI0813i-iill_3,D52,pool13,840
HPSI0813i,HPSI0813i-mioj_1,D11,pool13,1252
HPSI0813i,HPSI0813i-mioj_1,D52,pool13,2799
HPSI0813i,HPSI0813i-peoj_1,D11,pool13,616
HPSI0813i,HPSI0813i-peoj_1,D52,pool13,245
HPSI0813i,HPSI0813i-uaqe_1,D11,pool13,429
HPSI0813i,HPSI0813i-uaqe_1,D52,pool13,421
HPSI0813i,HPSI0813i-vajx_2,D11,pool13,478
HPSI0813i,HPSI0813i-vajx_2,D52,pool13,644
HPSI0813i,HPSI0813i-wots_3,D52,pool16,647
HPSI0813i,HPSI0813i-zexw_3,D11,pool13,1295
HPSI0813i,HPSI0813i-zexw_3,D52,pool13,964
HPSI0814i,HPSI0814i-bokz_6,D11,pool4,293
HPSI0814i,HPSI0814i-bokz_6,D30,pool4,259
HPSI0814i,HPSI0814i-bokz_6,D52,pool4,496
HPSI0814i,HPSI0814i-doao_1,D52,pool15,136
HPSI0814i,HPSI0814i-siqu_4,D11,pool7,349
HPSI0814i,HPSI0814i-siqu_4,D30,pool7,1117
HPSI0814i,HPSI0814i-siqu_4,D52,pool7,886
HPSI0913i,HPSI0913i-eika_2,D11,pool9,182
HPSI0913i,HPSI0913i-eika_2,D30,pool9,85
HPSI0913i,HPSI0913i-eika_2,D52,pool9,26
HPSI0913i,HPSI0913i-eorc_2,D11,pool13,830
HPSI0913i,HPSI0913i-eorc_2,D52,pool13,720
HPSI0913i,HPSI0913i-iuqb_1,D11,pool13,819
HPSI0913i,HPSI0913i-iuqb_1,D52,pool13,1231
HPSI0913i,HPSI0913i-lise_1,D52,pool14,47
HPSI0913i,HPSI0913i-ruql_3,D11,pool13,733
HPSI0913i,HPSI0913i-ruql_3,D52,pool13,731
HPSI0914i,HPSI0914i-euts_3,D52,pool15,314
HPSI0914i,HPSI0914i-iezw_2,D11,pool5,493
HPSI0914i,HPSI0914i-iezw_2,D30,pool5,981
HPSI0914i,HPSI0914i-iezw_2,D52,pool5,1502
HPSI0914i,HPSI0914i-jejf_2,D11,pool5,2452
HPSI0914i,HPSI0914i-jejf_2,D30,pool5,1883
HPSI0914i,HPSI0914i-jejf_2,D52,pool5,2325
HPSI0914i,HPSI0914i-kajh_2,D11,pool5,472
HPSI0914i,HPSI0914i-kajh_2,D30,pool5,157
HPSI0914i,HPSI0914i-kajh_2,D52,pool5,127
HPSI0914i,HPSI0914i-laey_6,D11,pool5,158
HPSI0914i,HPSI0914i-laey_6,D11,pool6,1149
HPSI0914i,HPSI0914i-laey_6,D30,pool5,140
HPSI0914i,HPSI0914i-laey_6,D30,pool6,359
HPSI0914i,HPSI0914i-laey_6,D52,pool16,830
HPSI0914i,HPSI0914i-laey_6,D52,pool5,116
HPSI0914i,HPSI0914i-laey_6,D52,pool6,373
HPSI0914i,HPSI0914i-ouvb_2,D11,pool8,1418
HPSI0914i,HPSI0914i-ouvb_2,D11,pool9,2210
HPSI0914i,HPSI0914i-ouvb_2,D30,pool8,784
HPSI0914i,HPSI0914i-ouvb_2,D30,pool9,952
HPSI0914i,HPSI0914i-ouvb_2,D52,pool8,967
HPSI0914i,HPSI0914i-ouvb_2,D52,pool9,432
HPSI0914i,HPSI0914i-rejf_2,D11,pool9,1317
HPSI0914i,HPSI0914i-rejf_2,D30,pool9,1781
HPSI0914i,HPSI0914i-rejf_2,D52,pool9,970
HPSI0914i,HPSI0914i-suop_5,D11,pool1,1640
HPSI0914i,HPSI0914i-suop_5,D30,pool1,345
HPSI0914i,HPSI0914i-suop_5,D52,pool1,657
HPSI0914i,HPSI0914i-vaka_5,D11,pool3,1338
HPSI0914i,HPSI0914i-vaka_5,D30,pool3,1047
HPSI0914i,HPSI0914i-vaka_5,D52,pool3,3337
HPSI0914i,HPSI0914i-yuvg_2,D11,pool7,71
HPSI0914i,HPSI0914i-yuvg_2,D30,pool10,107
HPSI0914i,HPSI0914i-yuvg_2,D30,pool7,370
HPSI0914i,HPSI0914i-yuvg_2,D52,pool10,139
HPSI0914i,HPSI0914i-yuvg_2,D52,pool7,356
HPSI0914i,HPSI0914i-zerv_7,D11,pool7,175
HPSI0914i,HPSI0914i-zerv_7,D11,pool8,881
HPSI0914i,HPSI0914i-zerv_7,D30,pool7,578
HPSI0914i,HPSI0914i-zerv_7,D30,pool8,476
HPSI0914i,HPSI0914i-zerv_7,D52,pool7,420
HPSI0914i,HPSI0914i-zerv_7,D52,pool8,859
HPSI1013i,HPSI1013i-garx_2,D11,pool9,1423
HPSI1013i,HPSI1013i-garx_2,D30,pool9,5369
HPSI1013i,HPSI1013i-garx_2,D52,pool9,4634
HPSI1013i,HPSI1013i-hiaf_1,D11,pool5,980
HPSI1013i,HPSI1013i-hiaf_1,D11,pool6,4858
HPSI1013i,HPSI1013i-hiaf_1,D30,pool5,865
HPSI1013i,HPSI1013i-hiaf_1,D30,pool6,4659
HPSI1013i,HPSI1013i-hiaf_1,D52,pool5,926
HPSI1013i,HPSI1013i-hiaf_1,D52,pool6,4713
HPSI1013i,HPSI1013i-jogf_2,D11,pool9,1262
HPSI1013i,HPSI1013i-jogf_2,D30,pool9,432
HPSI1013i,HPSI1013i-jogf_2,D52,pool9,420
HPSI1013i,HPSI1013i-jufd_3,D11,pool13,1200
HPSI1013i,HPSI1013i-jufd_3,D52,pool13,665
HPSI1013i,HPSI1013i-kuxp_1,D52,pool14,107
HPSI1013i,HPSI1013i-sita_1,D11,pool8,2309
HPSI1013i,HPSI1013i-sita_1,D30,pool8,1973
HPSI1013i,HPSI1013i-sita_1,D52,pool8,2019
HPSI1013i,HPSI1013i-woci_1,D11,pool6,2019
HPSI1013i,HPSI1013i-woci_1,D30,pool6,742
HPSI1013i,HPSI1013i-woci_1,D52,pool6,903
HPSI1013i,HPSI1013i-wopl_2,D11,pool9,1512
HPSI1013i,HPSI1013i-wopl_2,D30,pool9,1411
HPSI1013i,HPSI1013i-wopl_2,D52,pool9,657
HPSI1013i,HPSI1013i-zagm_1,D11,pool6,330
HPSI1013i,HPSI1013i-zagm_1,D30,pool6,13
HPSI1013i,HPSI1013i-zagm_1,D52,pool6,27
HPSI1014i,HPSI1014i-babz_3,D11,pool8,1744
HPSI1014i,HPSI1014i-babz_3,D30,pool8,1679
HPSI1014i,HPSI1014i-babz_3,D52,pool8,4779
HPSI1014i,HPSI1014i-bilx_1,D11,pool4,179
HPSI1014i,HPSI1014i-bilx_1,D30,pool4,168
HPSI1014i,HPSI1014i-bilx_1,D52,pool4,182
HPSI1014i,HPSI1014i-boss_1,D11,pool13,158
HPSI1014i,HPSI1014i-boss_1,D52,pool13,493
HPSI1014i,HPSI1014i-eesb_1,D11,pool4,3057
HPSI1014i,HPSI1014i-eesb_1,D30,pool4,9855
HPSI1014i,HPSI1014i-eesb_1,D52,pool4,16928
HPSI1014i,HPSI1014i-kefb_1,D11,pool8,605
HPSI1014i,HPSI1014i-kefb_1,D30,pool8,187
HPSI1014i,HPSI1014i-kefb_1,D52,pool8,378
HPSI1014i,HPSI1014i-nosn_1,D11,pool5,9
HPSI1014i,HPSI1014i-nosn_1,D11,pool6,775
HPSI1014i,HPSI1014i-nosn_1,D30,pool5,45
HPSI1014i,HPSI1014i-nosn_1,D30,pool6,133
HPSI1014i,HPSI1014i-nosn_1,D52,pool5,4
HPSI1014i,HPSI1014i-nosn_1,D52,pool6,121
HPSI1014i,HPSI1014i-qayj_4,D11,pool5,4959
HPSI1014i,HPSI1014i-qayj_4,D30,pool5,5280
HPSI1014i,HPSI1014i-qayj_4,D52,pool5,11064
HPSI1014i,HPSI1014i-quls_2,D11,pool3,2682
HPSI1014i,HPSI1014i-quls_2,D30,pool3,1429
HPSI1014i,HPSI1014i-quls_2,D52,pool3,14317
HPSI1014i,HPSI1014i-roug_3,D11,pool7,578
HPSI1014i,HPSI1014i-roug_3,D30,pool7,7169
HPSI1014i,HPSI1014i-roug_3,D52,pool7,11667
HPSI1014i,HPSI1014i-sehl_6,D11,pool6,2881
HPSI1014i,HPSI1014i-sehl_6,D30,pool6,3814
HPSI1014i,HPSI1014i-sehl_6,D52,pool6,5196
HPSI1014i,HPSI1014i-tixi_4,D11,pool7,60
HPSI1014i,HPSI1014i-tixi_4,D30,pool7,664
HPSI1014i,HPSI1014i-tixi_4,D52,pool7,724
HPSI1014i,HPSI1014i-tuju_1,D11,pool6,3701
HPSI1014i,HPSI1014i-tuju_1,D30,pool6,1151
HPSI1014i,HPSI1014i-tuju_1,D52,pool6,1604
HPSI1014i,HPSI1014i-vils_1,D11,pool8,2013
HPSI1014i,HPSI1014i-vils_1,D30,pool8,1156
HPSI1014i,HPSI1014i-vils_1,D52,pool8,1780
HPSI1113i,HPSI1113i-bima_1,D11,pool13,1086
HPSI1113i,HPSI1113i-bima_1,D52,pool13,1638
HPSI1113i,HPSI1113i-hayt_3,D11,pool9,4405
HPSI1113i,HPSI1113i-hayt_3,D30,pool9,6053
HPSI1113i,HPSI1113i-hayt_3,D52,pool9,5058
HPSI1113i,HPSI1113i-ieki_3,D11,pool9,727
HPSI1113i,HPSI1113i-ieki_3,D30,pool9,276
HPSI1113i,HPSI1113i-ieki_3,D52,pool9,274
HPSI1113i,HPSI1113i-podx_1,D11,pool1,1940
HPSI1113i,HPSI1113i-podx_1,D30,pool1,549
HPSI1113i,HPSI1113i-podx_1,D52,pool1,3651
HPSI1113i,HPSI1113i-qolg_1,D11,pool9,353
HPSI1113i,HPSI1113i-qolg_1,D30,pool9,213
HPSI1113i,HPSI1113i-qolg_1,D52,pool16,1231
HPSI1113i,HPSI1113i-qolg_1,D52,pool9,174
HPSI1113i,HPSI1113i-qorq_1,D52,pool17,4463
HPSI1113i,HPSI1113i-uofv_1,D11,pool13,1
HPSI1113i,HPSI1113i-uofv_1,D52,pool13,1
HPSI1113i,HPSI1113i-vuud_2,D11,pool5,1722
HPSI1113i,HPSI1113i-vuud_2,D30,pool5,1753
HPSI1113i,HPSI1113i-vuud_2,D52,pool5,2311
HPSI1114i,HPSI1114i-kuul_1,D11,pool6,1641
HPSI1114i,HPSI1114i-kuul_1,D11,pool7,173
HPSI1114i,HPSI1114i-kuul_1,D30,pool6,1370
HPSI1114i,HPSI1114i-kuul_1,D30,pool7,1511
HPSI1114i,HPSI1114i-kuul_1,D52,pool6,1574
HPSI1114i,HPSI1114i-kuul_1,D52,pool7,1307
HPSI1114i,HPSI1114i-ualf_6,D11,pool6,572
HPSI1114i,HPSI1114i-ualf_6,D30,pool6,298
HPSI1114i,HPSI1114i-ualf_6,D52,pool6,320
HPSI1114i,HPSI1114i-zuuy_4,D11,pool13,125
HPSI1114i,HPSI1114i-zuuy_4,D52,pool13,117
HPSI1213i,HPSI1213i-hehd_1,D11,pool4,1242
HPSI1213i,HPSI1213i-hehd_1,D11,pool5,589
HPSI1213i,HPSI1213i-hehd_1,D30,pool4,1236
HPSI1213i,HPSI1213i-hehd_1,D30,pool5,363
HPSI1213i,HPSI1213i-hehd_1,D52,pool4,1711
HPSI1213i,HPSI1213i-hehd_1,D52,pool5,408
HPSI1213i,HPSI1213i-tolg_4,D11,pool6,249
HPSI1213i,HPSI1213i-tolg_4,D30,pool6,8
HPSI1213i,HPSI1213i-tolg_4,D52,pool6,10
