cell_line,donor,n_pools_D11,pool_breakdown_D11,total_n_cells_D11,is_qualifying_138
HPSI0414i-mita_1,HPSI0414i,1,pool6:14640,14640,True
HPSI0514i-fiaj_1,HPSI0514i,2,"pool4:2125, pool5:8321",10446,True
HPSI0214i-poih_2,HPSI0214i,1,pool5:6370,6370,True
HPSI1013i-hiaf_1,HPSI1013i,2,"pool5:980, pool6:4858",5838,True
HPSI0215i-zett_5,HPSI0215i,2,"pool8:2808, pool9:2502",5310,True
HPSI1014i-qayj_4,HPSI1014i,1,pool5:4959,4959,True
HPSI0214i-pelm_3,HPSI0214i,2,"pool2:2826, pool3:2097",4923,True
HPSI0114i-wegi_1,HPSI0114i,2,"pool6:4502, pool7:225",4727,True
HPSI1113i-hayt_3,HPSI1113i,1,pool9:4405,4405,True
HPSI0214i-datg_2,HPSI0214i,1,pool9:4200,4200,True
HPSI0714i-pipw_4,HPSI0714i,1,pool3:4143,4143,True
HPSI0115i-paim_1,HPSI0115i,1,pool1:4061,4061,True
HPSI1014i-tuju_1,HPSI1014i,1,pool6:3701,3701,True
HPSI0914i-ouvb_2,HPSI0914i,2,"pool8:1418, pool9:2210",3628,True
HPSI0115i-aoxv_1,HPSI0115i,1,pool8:3433,3433,True
HPSI0115i-gost_2,HPSI0115i,1,pool2:3299,3299,True
HPSI0614i-liqa_1,HPSI0614i,1,pool1:3190,3190,True
HPSI0614i-puhk_2,HPSI0614i,1,pool9:3128,3128,True
HPSI0614i-miaj_4,HPSI0614i,1,pool8:3123,3123,True
HPSI0114i-eipl_1,HPSI0114i,1,pool1:3117,3117,True
HPSI1014i-eesb_1,HPSI1014i,1,pool4:3057,3057,True
HPSI1014i-sehl_6,HPSI1014i,1,pool6:2881,2881,True
HPSI1014i-quls_2,HPSI1014i,1,pool3:2682,2682,True
HPSI0714i-iudw_1,HPSI0714i,1,pool1:2640,2640,True
HPSI0714i-burb_1,HPSI0714i,2,"pool4:832, pool5:1675",2507,True
HPSI0215i-romx_1,HPSI0215i,1,pool8:2503,2503,True
HPSI0914i-jejf_2,HPSI0914i,1,pool5:2452,2452,True
HPSI0614i-voce_1,HPSI0614i,1,pool6:2430,2430,True
HPSI0215i-yoch_6,HPSI0215i,1,pool6:2402,2402,True
HPSI0414i-xojn_3,HPSI0414i,2,"pool7:143, pool8:2177",2320,True
HPSI1013i-sita_1,HPSI1013i,1,pool8:2309,2309,True
HPSI0514i-tert_1,HPSI0514i,1,pool6:2265,2265,True
HPSI0215i-oilg_1,HPSI0215i,1,pool9:2193,2193,True
HPSI0715i-meue_5,HPSI0715i,2,"pool2:1248, pool3:942",2190,True
HPSI0314i-bubh_3,HPSI0314i,1,pool9:2167,2167,True
HPSI0215i-hipn_1,HPSI0215i,2,"pool6:1851, pool7:259",2110,True
HPSI1013i-woci_1,HPSI1013i,1,pool6:2019,2019,True
HPSI0715i-aowh_2,HPSI0715i,1,pool8:2016,2016,True
HPSI1014i-vils_1,HPSI1014i,1,pool8:2013,2013,True
HPSI0514i-lako_1,HPSI0514i,2,"pool2:1337, pool4:607",1944,True
HPSI1113i-podx_1,HPSI1113i,1,pool1:1940,1940,True
HPSI1213i-hehd_1,HPSI1213i,2,"pool4:1242, pool5:589",1831,True
HPSI0314i-xugn_2,HPSI0314i,1,pool8:1829,1829,True
HPSI1114i-kuul_1,HPSI1114i,2,"pool6:1641, pool7:173",1814,True
HPSI0514i-oupf_6,HPSI0514i,1,pool9:1807,1807,True
HPSI0115i-hecn_6,HPSI0115i,2,"pool2:1077, pool3:718",1795,True
HPSI1014i-babz_3,HPSI1014i,1,pool8:1744,1744,True
HPSI1113i-vuud_2,HPSI1113i,1,pool5:1722,1722,True
HPSI0314i-sojd_3,HPSI0314i,2,"pool3:1152, pool4:565",1717,True
HPSI0614i-lirf_5,HPSI0614i,1,pool5:1667,1667,True
HPSI0914i-suop_5,HPSI0914i,1,pool1:1640,1640,True
HPSI0514i-qihv_1,HPSI0514i,1,pool6:1608,1608,True
HPSI0715i-zaie_5,HPSI0715i,1,pool8:1603,1603,True
HPSI0215i-deyz_2,HPSI0215i,1,pool4:1537,1537,True
HPSI0414i-uawq_2,HPSI0414i,1,pool8:1532,1532,True
HPSI1013i-wopl_2,HPSI1013i,1,pool9:1512,1512,True
HPSI0214i-eiwy_1,HPSI0214i,1,pool1:1434,1434,True
HPSI1013i-garx_2,HPSI1013i,1,pool9:1423,1423,True
HPSI0713i-wiol_1,HPSI0713i,1,pool12:1406,1406,False
HPSI0414i-oaqd_2,HPSI0414i,1,pool8:1381,1381,True
HPSI0914i-vaka_5,HPSI0914i,1,pool3:1338,1338,True
HPSI0215i-fawm_2,HPSI0215i,1,pool4:1333,1333,True
HPSI0914i-rejf_2,HPSI0914i,1,pool9:1317,1317,True
HPSI0914i-laey_6,HPSI0914i,2,"pool5:158, pool6:1149",1307,True
HPSI0714i-oatm_1,HPSI0714i,1,pool6:1300,1300,True
HPSI0813i-zexw_3,HPSI0813i,1,pool13:1295,1295,False
HPSI0414i-sebn_3,HPSI0414i,1,pool3:1287,1287,True
HPSI1013i-jogf_2,HPSI1013i,1,pool9:1262,1262,True
HPSI0614i-uevq_6,HPSI0614i,1,pool2:1255,1255,True
HPSI0613i-nukw_1,HPSI0613i,1,pool12:1255,1255,False
HPSI0214i-heth_1,HPSI0214i,1,pool6:1253,1253,True
HPSI0713i-terl_1,HPSI0713i,1,pool12:1252,1252,False
HPSI0813i-mioj_1,HPSI0813i,1,pool13:1252,1252,False
HPSI0713i-nemb_1,HPSI0713i,1,pool12:1225,1225,False
HPSI0513i-momt_2,HPSI0513i,1,pool11:1218,1218,True
HPSI0713i-uimo_1,HPSI0713i,1,pool12:1213,1213,False
HPSI1013i-jufd_3,HPSI1013i,1,pool13:1200,1200,False
HPSI0214i-feec_2,HPSI0214i,2,"pool4:870, pool5:321",1191,True
HPSI0713i-dard_1,HPSI0713i,1,pool12:1184,1184,False
HPSI0514i-oekw_2,HPSI0514i,1,pool8:1103,1103,True
HPSI1113i-bima_1,HPSI1113i,1,pool13:1086,1086,False
HPSI0513i-veve_2,HPSI0513i,1,pool11:1079,1079,True
HPSI0613i-aevs_1,HPSI0613i,1,pool11:1073,1073,True
HPSI0314i-cuhk_2,HPSI0314i,1,pool4:1063,1063,True
HPSI0414i-gesg_2,HPSI0414i,1,pool9:1061,1061,True
HPSI0214i-giju_3,HPSI0214i,1,pool4:1057,1057,True
HPSI0914i-zerv_7,HPSI0914i,2,"pool7:175, pool8:881",1056,True
HPSI0713i-fett_3,HPSI0713i,1,pool12:1033,1033,False
HPSI0613i-bohf_1,HPSI0613i,1,pool11:1031,1031,True
HPSI0514i-wiii_3,HPSI0514i,2,"pool7:155, pool8:874",1029,True
HPSI0314i-hoik_1,HPSI0314i,1,pool9:1008,1008,True
HPSI0513i-aipt_33,HPSI0513i,1,pool13:998,998,False
HPSI0513i-uoxz_4,HPSI0513i,1,pool11:942,942,True
HPSI0713i-veku_2,HPSI0713i,1,pool12:923,923,False
HPSI0514i-suul_1,HPSI0514i,1,pool6:910,910,True
HPSI0115i-jakt_1,HPSI0115i,1,pool2:883,883,True
HPSI0514i-uenn_3,HPSI0514i,2,"pool2:594, pool3:276",870,True
HPSI0314i-qaqx_1,HPSI0314i,2,"pool11:190, pool6:657",847,True
HPSI0913i-eorc_2,HPSI0913i,1,pool13:830,830,False
HPSI0913i-iuqb_1,HPSI0913i,1,pool13:819,819,False
HPSI0813i-guss_1,HPSI0813i,1,pool13:813,813,False
HPSI0115i-zihe_1,HPSI0115i,1,pool6:811,811,True
HPSI1014i-nosn_1,HPSI1014i,2,"pool5:9, pool6:775",784,True
HPSI0713i-pusf_3,HPSI0713i,1,pool12:780,780,False
HPSI0813i-aizi_3,HPSI0813i,1,pool12:777,777,False
HPSI0613i-bawa_1,HPSI0613i,1,pool11:743,743,True
HPSI0913i-ruql_3,HPSI0913i,1,pool13:733,733,False
HPSI0115i-aion_2,HPSI0115i,1,pool4:727,727,True
HPSI1113i-ieki_3,HPSI1113i,1,pool9:727,727,True
HPSI0214i-rayr_1,HPSI0214i,1,pool2:704,704,True
HPSI0115i-quze_6,HPSI0115i,1,pool9:676,676,True
HPSI0314i-uict_1,HPSI0314i,1,pool6:670,670,True
HPSI0115i-bimq_4,HPSI0115i,1,pool4:627,627,True
HPSI0813i-peoj_1,HPSI0813i,1,pool13:616,616,False
HPSI0115i-iiyk_2,HPSI0115i,2,"pool12:464, pool5:151",615,True
HPSI1014i-kefb_1,HPSI1014i,1,pool8:605,605,True
HPSI0513i-sucd_3,HPSI0513i,1,pool11:592,592,True
HPSI0613i-lizq_3,HPSI0613i,1,pool11:581,581,True
HPSI1014i-roug_3,HPSI1014i,1,pool7:578,578,True
HPSI1114i-ualf_6,HPSI1114i,1,pool6:572,572,True
HPSI0714i-kute_5,HPSI0714i,2,"pool13:497, pool5:60",557,True
HPSI0114i-kolf_2,HPSI0114i,1,pool12:540,540,False
HPSI0813i-iill_3,HPSI0813i,1,pool13:513,513,False
HPSI0513i-fejf_2,HPSI0513i,1,pool11:498,498,True
HPSI0914i-iezw_2,HPSI0914i,1,pool5:493,493,True
HPSI0813i-vajx_2,HPSI0813i,1,pool13:478,478,False
HPSI0914i-kajh_2,HPSI0914i,1,pool5:472,472,True
HPSI0414i-ceik_1,HPSI0414i,1,pool4:445,445,True
HPSI0813i-civh_1,HPSI0813i,1,pool12:441,441,False
HPSI0813i-uaqe_1,HPSI0813i,1,pool13:429,429,False
HPSI0613i-oesx_3,HPSI0613i,1,pool12:428,428,False
HPSI0613i-ueah_4,HPSI0613i,1,pool12:420,420,False
HPSI0713i-nocf_2,HPSI0713i,1,pool12:394,394,False
HPSI0513i-dipe_1,HPSI0513i,1,pool11:377,377,True
HPSI0614i-wihj_4,HPSI0614i,1,pool7:367,367,True
HPSI0714i-keui_4,HPSI0714i,1,pool7:364,364,True
HPSI0513i-oibg_1,HPSI0513i,1,pool11:360,360,True
HPSI1113i-qolg_1,HPSI1113i,1,pool9:353,353,True
HPSI0614i-qunz_2,HPSI0614i,1,pool8:352,352,True
HPSI0814i-siqu_4,HPSI0814i,1,pool7:349,349,True
HPSI0713i-aehn_22,HPSI0713i,1,pool13:348,348,False
HPSI1013i-zagm_1,HPSI1013i,1,pool6:330,330,True
HPSI0314i-xagu_1,HPSI0314i,1,pool6:318,318,True
HPSI0613i-hikj_2,HPSI0613i,1,pool11:300,300,True
HPSI0814i-bokz_6,HPSI0814i,1,pool4:293,293,True
HPSI0115i-sehp_2,HPSI0115i,1,pool7:285,285,True
HPSI0115i-boqx_2,HPSI0115i,2,"pool12:139, pool4:144",283,True
HPSI0513i-giuf_1,HPSI0513i,1,pool11:261,261,True
HPSI0514i-rutc_2,HPSI0514i,1,pool7:251,251,True
HPSI1213i-tolg_4,HPSI1213i,1,pool6:249,249,False
HPSI0613i-hegp_3,HPSI0613i,1,pool11:233,233,True
HPSI0614i-juzt_4,HPSI0614i,1,pool7:194,194,True
HPSI0115i-iuad_2,HPSI0115i,1,pool7:191,191,True
HPSI0913i-eika_2,HPSI0913i,1,pool9:182,182,True
HPSI1014i-bilx_1,HPSI1014i,1,pool4:179,179,True
HPSI0514i-yewo_4,HPSI0514i,1,pool7:168,168,True
HPSI0215i-uiao_2,HPSI0215i,1,pool7:162,162,True
HPSI0115i-gifk_1,HPSI0115i,1,pool4:159,159,True
HPSI1014i-boss_1,HPSI1014i,1,pool13:158,158,False
HPSI0614i-oicx_2,HPSI0614i,1,pool5:128,128,True
HPSI0513i-dulv_1,HPSI0513i,1,pool11:127,127,False
HPSI0115i-tiku_3,HPSI0115i,1,pool9:125,125,True
HPSI1114i-zuuy_4,HPSI1114i,1,pool13:125,125,False
HPSI0613i-eojr_2,HPSI0613i,1,pool11:125,125,True
HPSI0514i-sohd_2,HPSI0514i,1,pool7:119,119,True
HPSI0514i-naah_2,HPSI0514i,1,pool7:94,94,True
HPSI0914i-yuvg_2,HPSI0914i,1,pool7:71,71,True
HPSI0115i-uupc_2,HPSI0115i,1,pool7:69,69,True
HPSI1014i-tixi_4,HPSI1014i,1,pool7:60,60,True
HPSI0115i-melw_1,HPSI0115i,1,pool5:29,29,True
HPSI0513i-pedc_1,HPSI0513i,1,pool11:28,28,False
HPSI0115i-qecv_2,HPSI0115i,1,pool5:25,25,True
HPSI0614i-paab_3,HPSI0614i,1,pool5:15,15,False
HPSI0714i-jilk_4,HPSI0714i,1,pool5:8,8,False
HPSI0115i-pitg_2,HPSI0115i,1,pool5:4,4,False
HPSI0614i-xubw_1,HPSI0614i,1,pool12:2,2,False
HPSI1113i-uofv_1,HPSI1113i,1,pool13:1,1,False
