cell_line,n_pools,diff_efficiency,diff_efficiency_se
HPSI0114i-eipl_1,1.0,0.017452402538531277,0.001138219523069257
HPSI0114i-wegi_1,2.0,0.8990788157121742,0.009513988074900637
HPSI0115i-aion_2,1.0,0.6971326164874552,0.01945211617040233
HPSI0115i-aoxv_1,1.0,0.21524836349634194,0.00806492010350325
HPSI0115i-bimq_4,1.0,0.0841683366733467,0.008788543951335624
HPSI0115i-boqx_2,1.0,0.37857142857142856,0.04099260404031233
HPSI0115i-gifk_1,1.0,0.6342857142857142,0.03640779719775701
HPSI0115i-gost_2,1.0,0.7843731072077529,0.010121369346198223
HPSI0115i-hecn_6,2.0,0.3493752593995224,0.011019064371193854
HPSI0115i-iiyk_2,1.0,0.6666666666666666,0.0435813633640409
HPSI0115i-iuad_2,1.0,0.8960994131860546,0.005669083438500116
HPSI0115i-jakt_1,1.0,0.8136139145372557,0.005706407848395967
HPSI0115i-paim_1,1.0,0.6169483418367347,0.004340452934410432
HPSI0115i-quze_6,1.0,0.36538461538461536,0.02726171226920431
HPSI0115i-sehp_2,1.0,0.8048780487804879,0.013505682349158785
HPSI0115i-tiku_3,1.0,0.2932330827067669,0.03947469370312186
HPSI0115i-uupc_2,1.0,0.6741573033707865,0.04968091823711921
HPSI0115i-zihe_1,1.0,0.009708737864077669,0.009661493117216525
HPSI0214i-datg_2,1.0,0.4474807856532878,0.014530562981776782
HPSI0214i-eiwy_1,1.0,0.6505494505494506,0.022352562748037725
HPSI0214i-feec_2,2.0,0.05886016817190906,0.010211782669889972
HPSI0214i-giju_3,1.0,0.7965260545905707,0.011578205294445356
HPSI0214i-heth_1,1.0,0.02745995423340961,0.007817410766444613
HPSI0214i-pelm_3,2.0,0.609007771698127,0.0054737854092366
HPSI0214i-poih_2,1.0,0.7380952380952381,0.009065864847913534
HPSI0214i-rayr_1,1.0,0.7087378640776699,0.02584672921914505
HPSI0215i-deyz_2,1.0,0.5971418234442837,0.006596762051328843
HPSI0215i-fawm_2,1.0,0.793584379358438,0.01511500368498467
HPSI0215i-hipn_1,2.0,0.41518958792156446,0.014114356757064956
HPSI0215i-oilg_1,1.0,0.08293460925039872,0.011013726381295538
HPSI0215i-romx_1,1.0,0.07831646244006393,0.0062013366730245545
HPSI0215i-uiao_2,1.0,0.3361847733105218,0.00976990568542425
HPSI0215i-yoch_6,1.0,0.03868194842406877,0.007298943607100739
HPSI0215i-zett_5,2.0,0.8412690117794052,0.004524226849938159
HPSI0314i-bubh_3,1.0,0.06870229007633588,0.011050049688552135
HPSI0314i-cuhk_2,1.0,0.16599007668019847,0.007902123725320636
HPSI0314i-hoik_1,1.0,0.07917888563049853,0.008442178105444002
HPSI0314i-qaqx_1,2.0,0.6225345973629727,0.029252206355286657
HPSI0314i-sojd_3,2.0,0.09658307210031347,0.00886041816644599
HPSI0314i-uict_1,1.0,0.5729166666666666,0.05048547230415051
HPSI0314i-xagu_1,1.0,0.4827586206896552,0.09279245191499011
HPSI0314i-xugn_2,1.0,0.041053446940356314,0.005522158829375401
HPSI0414i-ceik_1,1.0,0.1409090909090909,0.02345728409919386
HPSI0414i-gesg_2,1.0,0.06993006993006994,0.021326606916828878
HPSI0414i-mita_1,1.0,0.017928786359077232,0.0014857795073898797
HPSI0414i-oaqd_2,1.0,0.021929824561403508,0.0068583582244825915
HPSI0414i-sebn_3,1.0,0.4278812974465148,0.012997820402885794
HPSI0414i-uawq_2,1.0,0.6321883442686221,0.009473321569087546
HPSI0414i-xojn_3,2.0,0.7174833218311479,0.013292799138304065
HPSI0513i-dipe_1,1.0,0.848421052631579,0.016454260052009725
HPSI0513i-fejf_2,1.0,0.2754237288135593,0.0205623018984839
HPSI0513i-giuf_1,1.0,0.7666666666666667,0.03861011189754234
HPSI0513i-momt_2,1.0,0.5597057159026598,0.01180954376718225
HPSI0513i-oibg_1,1.0,0.07121057985757884,0.008202649075479775
HPSI0513i-sucd_3,1.0,0.8743545611015491,0.013750835529767778
HPSI0513i-uoxz_4,1.0,0.8450502152080345,0.013706303934819294
HPSI0513i-veve_2,1.0,0.7338709677419355,0.016202033028522255
HPSI0514i-fiaj_1,2.0,0.08154707543752576,0.002292378485118974
HPSI0514i-lako_1,2.0,0.8200329780517184,0.006808789947938312
HPSI0514i-naah_2,1.0,0.8660714285714286,0.018579919811169916
HPSI0514i-oekw_2,1.0,0.2834850455136541,0.016252289004884134
HPSI0514i-oupf_6,1.0,0.6181102362204725,0.030484924123551266
HPSI0514i-qihv_1,1.0,0.21083172147001933,0.017939383572555218
HPSI0514i-rutc_2,1.0,0.8954248366013072,0.012369528142523288
HPSI0514i-sohd_2,1.0,0.6976744186046512,0.02111705142651128
HPSI0514i-suul_1,1.0,0.691358024691358,0.05132589007920359
HPSI0514i-tert_1,1.0,0.7911200807265388,0.012913165654585963
HPSI0514i-uenn_3,2.0,0.34770966288648414,0.014047978156039337
HPSI0514i-wiii_3,2.0,0.030024675326248515,0.002580520410424632
HPSI0514i-yewo_4,1.0,0.8508341511285574,0.011160150895472688
HPSI0613i-aevs_1,1.0,0.12644281217208814,0.007612569940755012
HPSI0613i-bawa_1,1.0,0.8816946442845723,0.00913130079978434
HPSI0613i-bohf_1,1.0,0.5606796116504854,0.014116883346283552
HPSI0613i-eojr_2,1.0,0.8043478260869565,0.05849050475823138
HPSI0613i-hegp_3,1.0,0.7518518518518519,0.026286924275148296
HPSI0613i-hikj_2,1.0,0.9173387096774194,0.012364458805055262
HPSI0613i-lizq_3,1.0,0.5578635014836796,0.027053733497074055
HPSI0614i-juzt_4,1.0,0.11662726556343578,0.009010341072873584
HPSI0614i-liqa_1,1.0,0.6118556701030928,0.011064205988575172
HPSI0614i-lirf_5,1.0,0.09312638580931264,0.013684265332265038
HPSI0614i-miaj_4,1.0,0.050411522633744855,0.0070177758587456245
HPSI0614i-oicx_2,1.0,0.4810126582278481,0.05621381883942542
HPSI0614i-puhk_2,1.0,0.04933110367892977,0.006261948170518333
HPSI0614i-qunz_2,1.0,0.47435897435897434,0.02826967988241272
HPSI0614i-uevq_6,1.0,0.05864763190894184,0.0023076758270219213
HPSI0614i-voce_1,1.0,0.15721231766612642,0.014654121664251424
HPSI0614i-wihj_4,1.0,0.755184331797235,0.01031979878716649
HPSI0714i-burb_1,2.0,0.11320092115633279,0.0072214882751497934
HPSI0714i-iudw_1,1.0,0.38898916967509023,0.014646144979866759
HPSI0714i-keui_4,1.0,0.07803297997644287,0.004602702962604333
HPSI0714i-kute_5,1.0,0.15,0.05645794895318108
HPSI0714i-oatm_1,1.0,0.11801242236024845,0.01467984706997158
HPSI0714i-pipw_4,1.0,0.6765409934171155,0.008091955015905788
HPSI0715i-aowh_2,1.0,0.6268910419853816,0.006305426184242169
HPSI0715i-meue_5,2.0,0.7322568612485689,0.00910337004697932
HPSI0715i-zaie_5,1.0,0.6553966189856957,0.017137548445450852
HPSI0814i-bokz_6,1.0,0.8340425531914893,0.02426937240308495
HPSI0814i-siqu_4,1.0,0.7890222984562607,0.01689774062028498
HPSI0913i-eika_2,1.0,0.5333333333333333,0.12881223774390613
HPSI0914i-iezw_2,1.0,0.2740331491712707,0.01482639807636488
HPSI0914i-jejf_2,1.0,0.8676671214188267,0.008850003962801686
HPSI0914i-kajh_2,1.0,0.75,0.04966996338993914
HPSI0914i-laey_6,2.0,0.5893388921977367,0.03392471451868677
HPSI0914i-ouvb_2,2.0,0.6421618562535371,0.01738203291895492
HPSI0914i-rejf_2,1.0,0.037096774193548385,0.007590380535530701
HPSI0914i-suop_5,1.0,0.8693586698337292,0.01642474908384057
HPSI0914i-vaka_5,1.0,0.4678811121764142,0.010924836399559094
HPSI0914i-yuvg_2,1.0,0.6591928251121076,0.03174009110111126
HPSI0914i-zerv_7,2.0,0.5016447368421053,0.016868020179388703
HPSI1013i-garx_2,1.0,0.16552369077306733,0.00656175342662108
HPSI1013i-hiaf_1,2.0,0.5081284963950103,0.011228524504612347
HPSI1013i-jogf_2,1.0,0.036885245901639344,0.012066197965637845
HPSI1013i-sita_1,1.0,0.031496062992125984,0.004900912739040211
HPSI1013i-woci_1,1.0,0.7446043165467626,0.018494055448130063
HPSI1013i-wopl_2,1.0,0.02962962962962963,0.008425668406301054
HPSI1013i-zagm_1,1.0,0.8181818181818182,0.08223036670302644
HPSI1014i-babz_3,1.0,0.7322913202527436,0.008074329259743995
HPSI1014i-bilx_1,1.0,0.04938271604938271,0.02407397637144615
HPSI1014i-eesb_1,1.0,0.5303832576903681,0.005603705928008685
HPSI1014i-kefb_1,1.0,0.0425531914893617,0.013167079739473958
HPSI1014i-nosn_1,1.0,0.4230769230769231,0.05593985325795573
HPSI1014i-qayj_4,1.0,0.8468129885748648,0.0044159953437580765
HPSI1014i-quls_2,1.0,0.01972127267946358,0.0015942781631013492
HPSI1014i-roug_3,1.0,0.86732352544203,0.003941011728653243
HPSI1014i-sehl_6,1.0,0.8702290076335878,0.005993276605841326
HPSI1014i-tixi_4,1.0,0.39293598233995586,0.02294716535046083
HPSI1014i-tuju_1,1.0,0.02,0.004801960383990248
HPSI1014i-vils_1,1.0,0.3187214611872146,0.014081890030041238
HPSI1113i-hayt_3,1.0,0.2584448693435309,0.007815004094108288
HPSI1113i-ieki_3,1.0,0.5454545454545454,0.03876376661011099
HPSI1113i-podx_1,1.0,0.6970330129544505,0.009394052403649452
HPSI1113i-qolg_1,1.0,0.6388888888888888,0.046219071394666474
HPSI1113i-vuud_2,1.0,0.5920360631104433,0.013470879159865265
HPSI1114i-kuul_1,2.0,0.6297668420582413,0.011055819117151809
HPSI1114i-ualf_6,1.0,0.5829145728643216,0.03495331945233989
HPSI1213i-hehd_1,2.0,0.7991140663771712,0.014054597998834996
